{
    "world": {
        "world_name": "base_dynamic_world",
        "width": 100,
        "height": 100,
        "built_up": 0.0,
        "maximal_width": 20,
        "minimal_width": 0,
        "maximal_height": 20,
        "minimal_height": 0,
        "maximal_orientation": 3.141592653589793,
        "minimal_orientation": 0,
        "maximal_length": 20,
        "minimal_length": 0,
        "dynamical_obstacles": false,
        "percentage": 0.0
    },
    "objects": {
        "dynamical": [],
        "statical": [
            {
                "name": "box_0",
                "x_pose": 11,
                "y_pose": 0,
                "z_pose": 2.7,
                "r_orient": 0.0,
                "p_orient": 0.0,
                "y_orient": 0,
                "x_size": 4.24,
                "y_size": 4.24,
                "z_size": 5,
                "red": 0.9987331647653881,
                "green": 0.6574377972774668,
                "blue": 0.0196078431372549,
                "texture_name": "mossy.png"
            },
            {
                "name": "box_1",
                "x_pose": 18.5,
                "y_pose": 0,
                "z_pose": 6.7,
                "r_orient": 0.0,
                "p_orient": 0.0,
                "y_orient": 0.0,
                "x_size": 0.5,
                "y_size": 20,
                "z_size": 13,
                "red": 0.253993024908972,
                "green": 0.8804275406672822,
                "blue": 0.050980392156862744,
                "texture_name": "mossy.png"
            }
        ]
    },
    "mesh": {
        "triangles": [
            [
                8.879999999999999,
                -2.12,
                5
            ],
            [
                8.879999999999999,
                2.12,
                5
            ],
            [
                13.120000000000001,
                2.12,
                5
            ],
            [
                13.120000000000001,
                -2.12,
                5
            ],
            [
                8.879999999999999,
                -2.12,
                0
            ],
            [
                8.879999999999999,
                2.12,
                0
            ],
            [
                13.120000000000001,
                2.12,
                0
            ],
            [
                13.120000000000001,
                -2.12,
                0
            ],
            [
                18.25,
                -10.0,
                13
            ],
            [
                18.25,
                10.0,
                13
            ],
            [
                18.75,
                10.0,
                13
            ],
            [
                18.75,
                -10.0,
                13
            ],
            [
                18.25,
                -10.0,
                0
            ],
            [
                18.25,
                10.0,
                0
            ],
            [
                18.75,
                10.0,
                0
            ],
            [
                18.75,
                -10.0,
                0
            ],
            [
                -50.0,
                -50.0,
                20
            ],
            [
                -50.0,
                50.0,
                20
            ],
            [
                50.0,
                50.0,
                20
            ],
            [
                50.0,
                -50.0,
                20
            ],
            [
                -50.0,
                -50.0,
                0
            ],
            [
                -50.0,
                50.0,
                0
            ],
            [
                50.0,
                50.0,
                0
            ],
            [
                50.0,
                -50.0,
                0
            ]
        ],
        "connectivity": [
            [
                0,
                1,
                2
            ],
            [
                0,
                2,
                3
            ],
            [
                7,
                3,
                2
            ],
            [
                6,
                7,
                2
            ],
            [
                6,
                2,
                1
            ],
            [
                5,
                6,
                1
            ],
            [
                4,
                5,
                1
            ],
            [
                4,
                1,
                0
            ],
            [
                6,
                5,
                4
            ],
            [
                6,
                4,
                7
            ],
            [
                4,
                0,
                3
            ],
            [
                4,
                3,
                7
            ],
            [
                8,
                9,
                10
            ],
            [
                8,
                10,
                11
            ],
            [
                15,
                11,
                10
            ],
            [
                14,
                15,
                10
            ],
            [
                14,
                10,
                9
            ],
            [
                13,
                14,
                9
            ],
            [
                12,
                13,
                9
            ],
            [
                12,
                9,
                8
            ],
            [
                14,
                13,
                12
            ],
            [
                14,
                12,
                15
            ],
            [
                12,
                8,
                11
            ],
            [
                12,
                11,
                15
            ],
            [
                23,
                19,
                18
            ],
            [
                22,
                23,
                18
            ],
            [
                22,
                18,
                17
            ],
            [
                21,
                22,
                17
            ],
            [
                20,
                21,
                17
            ],
            [
                20,
                17,
                16
            ],
            [
                22,
                21,
                20
            ],
            [
                22,
                20,
                23
            ],
            [
                20,
                16,
                19
            ],
            [
                20,
                19,
                23
            ]
        ]
    }
}