{
    "world_name": "subworld-202",
    "width": 50,
    "build_up": 0.39581748,
    "height": -1.0,
    "objects": [
        [
            [
                -3.9114747047424316,
                -6.019314289093018,
                16.680514858492803,
                17.474732776468926,
                3.112877103896979,
                2.7618613710159536
            ]
        ],
        [
            [
                9.782211303710938,
                14.036149024963379,
                5.398270951058964,
                14.859549190103719,
                11.041614031619575,
                2.2492241808700886
            ]
        ],
        [
            [
                15.544516563415527,
                -10.319440841674805,
                13.346005061796603,
                5.620751704755712,
                9.993401782005552,
                0.1779255291142876
            ]
        ],
        [
            [
                -13.956474304199219,
                9.841383934020996,
                11.589906516213336,
                2.7945954042725933,
                5.6180881189310234,
                0.9011708288585706
            ]
        ],
        [
            [
                6.2933855056762695,
                -17.62685775756836,
                3.4308060465915844,
                3.593080012507758,
                16.59343893870748,
                2.5388274813691267
            ]
        ],
        [
            [
                -7.128649711608887,
                21.167158126831055,
                3.1325513164180263,
                2.0275757986734364,
                6.088898548866539,
                2.2597805008233616
            ]
        ],
        [
            [
                -19.696569442749023,
                -14.788468360900879,
                4.839760394500643,
                2.990867307525553,
                15.036741919250444,
                0.6760958893976089
            ]
        ],
        [
            [
                15.646316528320312,
                2.3220417499542236,
                7.496152646194157,
                11.637373050607852,
                10.947967976857347,
                0.2999262524496389
            ]
        ],
        [
            [
                -10.08675479888916,
                -20.022356033325195,
                2.6064992541456684,
                6.620680936004871,
                12.682131279850275,
                1.8775491161282207
            ]
        ],
        [
            [
                -21.356609344482422,
                -1.9899791479110718,
                3.033383450033976,
                7.534277911593625,
                15.320424712055532,
                0.12876270474295293
            ]
        ],
        [
            [
                16.097850799560547,
                -22.29631805419922,
                11.909907047225078,
                2.1061536590981964,
                19.75005718978037,
                3.112175545898264
            ]
        ],
        [
            [
                -2.1948506832122803,
                15.763360023498535,
                2.751431211646162,
                13.611706358501982,
                15.529902698774514,
                2.7057845962622196
            ]
        ],
        [
            [
                -3.331437110900879,
                -21.43867778778076,
                2.567414207638608,
                5.775211596305802,
                15.557265763469388,
                2.5277846938754784
            ]
        ],
        [
            [
                -18.746678829193115,
                -21.626276969909668,
                2.178398712459134,
                2.2134685600245128,
                19.123772673173534,
                0.5951331681879699
            ]
        ],
        [
            [
                -17.976860523223877,
                18.340428829193115,
                3.887298025702037,
                3.6633256148401543,
                10.258115502255809,
                1.403613820769489
            ]
        ],
        [
            [
                -21.32994270324707,
                12.333460375666618,
                2.449496075954159,
                2.6395734391403876,
                4.707241197659947,
                2.5578717344563913
            ]
        ],
        [
            [
                -18.9988751411438,
                -8.744879722595215,
                2.3059160832738117,
                2.1733937731449533,
                3.6163199018508045,
                2.626887442516788
            ]
        ],
        [
            [
                19.79815173149109,
                -18.197498083114624,
                2.347844177533137,
                9.183682316627278,
                10.197544211048848,
                1.3519166123454196
            ]
        ],
        [
            [
                -22.820369243621826,
                20.218968629837036,
                2.0774964755003555,
                9.310588047224218,
                19.460205616253297,
                3.007423618005808
            ]
        ],
        [
            [
                21.03487539291382,
                10.690653324127197,
                2.6564325049068196,
                2.166506937236152,
                11.475218666098641,
                0.42375386610104293
            ]
        ],
        [
            [
                6.046859309077263,
                21.309516429901123,
                3.6321950692628624,
                2.2311361475349485,
                16.781663144215507,
                1.179846634801242
            ]
        ],
        [
            [
                22.274229288101196,
                22.912776470184326,
                4.9110589908604245,
                3.9223706145456267,
                7.453633031710122,
                3.089683855834517
            ]
        ],
        [
            [
                21.93186593055725,
                16.604605436325073,
                5.711025432125795,
                2.872954996131485,
                13.801142029725925,
                0.1595458335289459
            ]
        ],
        [
            [
                -14.324583411216736,
                -15.981499165296555,
                2.1798262216405235,
                2.330509424678422,
                7.052287618553529,
                2.0666865456339147
            ]
        ],
        [
            [
                -22.95765972137451,
                -10.731131196022034,
                2.439246359678171,
                2.516955174967154,
                3.903057253731239,
                2.555354184238442
            ]
        ],
        [
            [
                -15.982456117868423,
                -3.696312129497528,
                2.4702045914402664,
                2.7639760621449887,
                19.25204125652246,
                2.641947742058673
            ]
        ],
        [
            [
                3.137878753244877,
                -21.816524378955364,
                2.346480432582066,
                3.044468883665489,
                3.486404155086868,
                1.457375652119229
            ]
        ],
        [
            [
                21.63881942629814,
                -15.625559317995794,
                4.1223688649373855,
                2.0561864240813765,
                16.060842878665063,
                3.1231418634184784
            ]
        ],
        [
            [
                8.728060007095337,
                -3.307490810751915,
                4.562571619070857,
                2.2325145700942772,
                4.644997446273276,
                1.1748918435983107
            ]
        ],
        [
            [
                -15.36568421125412,
                22.874879240989685,
                2.075175856515685,
                4.24241572220375,
                9.264592945396643,
                1.4998389741240108
            ]
        ],
