{
    "world_name": "subworld-395",
    "width": 50,
    "build_up": 0.35170612,
    "height": -1.0,
    "objects": [
        [
            [
                0.4770056903362274,
                -1.1917790174484253,
                18.01812262188256,
                6.234461603321471,
                12.970120257415616,
                1.2536332400318426
            ]
        ],
        [
            [
                -10.211438179016113,
                9.630532264709473,
                7.675752059757722,
                14.179476701562248,
                15.398522483661583,
                2.084988816778428
            ]
        ],
        [
            [
                18.08034896850586,
                -7.268656253814697,
                4.431115790153524,
                5.271885419024988,
                17.417491582841905,
                1.02732529169081
            ]
        ],
        [
            [
                6.989535808563232,
                -15.865418434143066,
                7.620006492424389,
                7.874936656928813,
                17.011442656743917,
                1.2908395491296867
            ]
        ],
        [
            [
                11.223464965820312,
                14.845146179199219,
                19.27388094606053,
                2.6186612864440995,
                15.05553059315117,
                2.384479563721079
            ]
        ],
        [
            [
                -13.161490440368652,
                -6.261493682861328,
                7.128341370262345,
                12.119510232325917,
                9.790725465213795,
                2.4619218146757804
            ]
        ],
        [
            [
                -14.085448265075684,
                18.61691665649414,
                2.335845861305075,
                6.322087961950075,
                8.894685624619154,
                0.45307860307775494
            ]
        ],
        [
            [
                -17.49427032470703,
                -15.166741371154785,
                3.8409312009136762,
                5.967145822543918,
                15.522196521303362,
                1.160566827391437
            ]
        ],
        [
            [
                20.700729370117188,
                -21.458200454711914,
                2.7204033529320832,
                3.053352759401803,
                19.96832095135907,
                0.34589624941497243
            ]
        ],
        [
            [
                12.84259033203125,
                1.955600619316101,
                2.332779621626371,
                5.87828695622677,
                11.471037414317697,
                0.8150940417110104
            ]
        ],
        [
            [
                -0.08384955674409866,
                19.161151885986328,
                2.660977631323443,
                4.900222881926019,
                19.059030958801323,
                1.1293866372644328
            ]
        ],
        [
            [
                15.668825149536133,
                20.687969207763672,
                2.161991603069827,
                3.2319932439845163,
                18.180863157154757,
                0.9617005769077289
            ]
        ],
        [
            [
                -8.205427169799805,
                -11.795075416564941,
                3.4217701242069882,
                2.0050559544583013,
                16.526188578338097,
                2.6468219838972002
            ]
        ],
        [
            [
                -4.779906272888184,
                -18.667335510253906,
                6.113119593038357,
                6.093906844215252,
                2.6972349616957834,
                0.9529951094271162
            ]
        ],
        [
            [
                16.63497018814087,
                -15.102840185165405,
                2.0712261419893423,
                3.0064666399310878,
                3.2486082369138454,
                2.6043801713483727
            ]
        ],
        [
            [
                8.812124252319336,
                -6.0905022621154785,
                2.011896177587418,
                2.6072486002696658,
                5.135232524746804,
                1.2619507784782202
            ]
        ],
        [
            [
                -19.735804557800293,
                13.897267937660217,
                3.0179345638439248,
                3.6516914389613033,
                4.3266648386197115,
                0.5142694150175506
            ]
        ],
        [
            [
                6.923383712768555,
                11.387856364250183,
                2.1420824446694926,
                6.758310840547264,
                13.644976234437616,
                0.7825124309293786
            ]
        ],
        [
            [
                21.536091804504395,
                19.147216320037842,
                2.57633505187359,
                5.5288996526393905,
                4.961513911405678,
                2.884401062597207
            ]
        ],
        [
            [
                -17.99702101945877,
                -22.056748390197754,
                2.271163272655249,
                2.273865981295729,
                6.316603985311216,
                0.19538232324306137
            ]
        ],
        [
            [
                -22.66719079017639,
                -22.62646722793579,
                3.7831079516742747,
                2.4418748643152544,
                18.30736180168587,
                2.857954514187517
            ]
        ],
        [
            [
                -19.923964142799377,
                -2.468017816543579,
                5.299150260740408,
                2.260794669714865,
                6.559188474790443,
                0.23732609673900495
            ]
        ],
        [
            [
                -21.709933757781982,
                4.451979279518127,
                4.361778861078232,
                3.6945173461853558,
                7.567060001114543,
                1.5548085592651315
            ]
        ],
        [
            [
                -4.084007978439331,
                4.526376724243164,
                2.945200866711028,
                2.931741411990374,
                18.699064002108543,
                2.5221061852883655
            ]
        ],
        [
            [
                -21.51697087287903,
                19.478286623954773,
                3.185793599165719,
                3.9877711440176964,
                4.799075261287498,
                1.245358110489266
            ]
        ],
        [
            [
                -8.60598087310791,
                21.47795009613037,
                3.317323850180537,
                2.9589492346450967,
                17.211724370388694,
                3.138088613872472
            ]
        ],
        [
            [
                20.654876589775085,
                4.226291656494141,
                2.639499643366496,
                2.7295636151295732,
                2.478350403941742,
                1.1676561566884098
            ]
        ],
        [
            [
                -23.426391124725342,
                -15.905635386705399,
                2.001018881869669,
                5.1818773329700925,
                12.54535586114949,
                2.950698087721458
            ]
        ],
        [
            [
                -10.85805606842041,
                -22.540865659713745,
                2.17152354118895,
                2.662669584151686,
                17.957023658763013,
                1.3702097587924713
            ]
        ],
        [
            [
                -9.758730560541153,
                -14.477065443992615,
                2.035866536745659,
                3.471519512245847,
                14.754107989008975,
                2.367316687107629
            ]
        ],
        [
