{
    "world_name": "subworld-48",
    "width": 50,
    "build_up": 0.33890604,
    "height": 1.5,
    "objects": [
        [
            [
                3.7505061626434326,
                11.208024024963379,
                17.65669200611398,
                2.4793409309320644,
                1.5,
                1.863445751899523
            ]
        ],
        [
            [
                -19.16747283935547,
                -1.5083885192871094,
                2.3044058462376418,
                11.803068621287892,
                1.5,
                2.5581336007755464
            ]
        ],
        [
            [
                -3.3379199504852295,
                -9.371230125427246,
                9.83949196152847,
                10.212010279250174,
                1.5,
                2.4493364442538694
            ]
        ],
        [
            [
                -10.754870414733887,
                7.632472515106201,
                6.410320098803304,
                3.131480590725057,
                1.5,
                2.4599217998487495
            ]
        ],
        [
            [
                13.603468894958496,
                -9.162857055664062,
                2.3961320248004725,
                19.493269593132638,
                1.5,
                0.657898437404811
            ]
        ],
        [
            [
                7.214688777923584,
                -19.514877319335938,
                4.25039292076052,
                4.757584972962272,
                1.5,
                2.634903517940584
            ]
        ],
        [
            [
                17.033334732055664,
                4.509955883026123,
                3.5306714546889832,
                11.528984601279681,
                1.5,
                0.5351661334692173
            ]
        ],
        [
            [
                18.449771881103516,
                15.600154876708984,
                4.053577735108102,
                2.513169180378582,
                1.5,
                1.81953780262613
            ]
        ],
        [
            [
                -12.205876350402832,
                19.552841186523438,
                3.673752843580653,
                3.2206658435617896,
                1.5,
                2.803354837971013
            ]
        ],
        [
            [
                -21.928647994995117,
                7.199798107147217,
                5.4734457063557675,
                2.3000524567850906,
                1.5,
                1.608880250052664
            ]
        ],
        [
            [
                -11.39639663696289,
                -18.927331924438477,
                2.667408075408975,
                7.4309662823180656,
                1.5,
                1.9936824512438553
            ]
        ],
        [
            [
                -4.186190128326416,
                11.979621887207031,
                5.045078467742558,
                4.002313321699941,
                1.5,
                0.11751146705937465
            ]
        ],
        [
            [
                9.81074047088623,
                17.8207950592041,
                4.61693521984231,
                7.117171958032009,
                1.5,
                2.05994732300801
            ]
        ],
        [
            [
                -17.307880401611328,
                -10.86794662475586,
                4.371610637082694,
                5.476708244163297,
                1.5,
                2.1617837348582856
            ]
        ],
        [
            [
                -3.556428909301758,
                -22.8000545501709,
                3.874892270875572,
                2.150517240305534,
                1.5,
                2.87374079718325
            ]
        ],
        [
            [
                -12.486503770574927,
                -4.193081855773926,
                2.2496546119122627,
                2.410742852763031,
                1.5,
                2.1689116863150373
            ]
        ],
        [
            [
                18.55998945236206,
                -7.434553146362305,
                2.7309590884078787,
                2.9436674516145986,
                1.5,
                1.02686285535952
            ]
        ],
        [
            [
                6.963160037994385,
                -12.873895764350891,
                6.6013328093240355,
                3.190003411314967,
                1.5,
                1.1666314915671179
            ]
        ],
        [
            [
                11.833475947380066,
                -16.16567873954773,
                2.0237942615809503,
                5.177868407637506,
                1.5,
                0.39238081287102067
            ]
        ],
        [
            [
                -21.666996955871582,
                19.0248384475708,
                4.182239018275304,
                3.9449819167542874,
                1.5,
                0.7390181996804863
            ]
        ],
        [
            [
                -4.624660968780518,
                20.956636428833008,
                2.46457449449007,
                2.034103067140633,
                1.5,
                0.9463829905202055
            ]
        ],
        [
            [
                -20.977834463119507,
                -20.395450234413147,
                2.883905049118541,
                2.23255319635766,
                1.5,
                0.4615396842917614
            ]
        ],
        [
            [
                4.134732723236084,
                -5.261991262435913,
                6.775106043623542,
                2.030829948570834,
                1.5,
                2.4278138523925445
            ]
        ],
        [
            [
                22.211414575576782,
                -6.689165115356445,
                7.738993587322487,
                2.8952634202877987,
                1.5,
                1.791349730838062
            ]
        ],
        [
            [
                -17.752764463424683,
                21.981806755065918,
                3.8256792605679557,
                3.7501691071106467,
                1.5,
                2.653902275887581
            ]
        ],
        [
            [
                -18.589356243610382,
                15.606722593307495,
                5.262268725260254,
                2.163685788131699,
                1.5,
                1.3315356994003085
            ]
        ],
        [
            [
                10.973888397216797,
                4.176965713500977,
                4.739731165194581,
                2.2265159954901215,
                1.5,
                1.6226423497258406
            ]
        ],
        [
            [
                21.87020492553711,
                7.356277108192444,
                5.1697838801435525,
                3.387368962585315,
                1.5,
                0.5143849140376937
            ]
        ],
        [
            [
                22.207316875457764,
                21.601139783859253,
                3.2395097443874548,
                4.3934674927545085,
                1.5,
                1.2605986821558983
            ]
        ],
        [
            [
                -22.46928781270981,
                -15.939517557621002,
                2.3420054158984502,
                2.385516322149796,
                1.5,
                0.1674154996310666
            ]
        ],
        [
            [
                -14.83073616027832,
                -15.388021424412727,
                2.594163109755172,
                3.050371380606286,
                1.5,
                2.3073217969299407
            ]
        ],
        [
            [
                -9.87024399638176,
                -23.003458976745605,
                2.796411347246389,
                2.3060476215465724,
                1.5,
