{
    "world_name": "subworld-76",
    "width": 50,
    "build_up": 0.37078432,
    "height": -1.0,
    "objects": [
        [
            [
                5.025019645690918,
                -1.9221789836883545,
                6.108364452735109,
                5.000243969195587,
                6.283186540874361,
                0.6223920234738951
            ]
        ],
        [
            [
                20.28624153137207,
                -20.488689422607422,
                4.245296881944752,
                4.964876066726876,
                8.28693974226359,
                1.2673189066216786
            ]
        ],
        [
            [
                -13.393810272216797,
                -4.097444534301758,
                8.337176351231426,
                14.547835679297085,
                3.1318180893662033,
                2.2291645451387407
            ]
        ],
        [
            [
                9.571830749511719,
                9.79985237121582,
                3.3848028344913272,
                11.880849668808015,
                7.316966797022172,
                1.694511664271462
            ]
        ],
        [
            [
                -14.834827423095703,
                11.74427318572998,
                9.04099806221629,
                15.130464370460658,
                9.64370816677932,
                1.9158230447215665
            ]
        ],
        [
            [
                19.042251586914062,
                -3.8032116889953613,
                2.356669136742493,
                7.0543082583510515,
                13.85288475752863,
                1.4313047495927593
            ]
        ],
        [
            [
                9.083406448364258,
                -17.434789657592773,
                4.0134439712451595,
                6.5975087987449,
                18.09543277612612,
                0.303675295001965
            ]
        ],
        [
            [
                -3.232381820678711,
                3.8462183475494385,
                2.257599314950468,
                6.030881746795284,
                18.574266119255235,
                0.7235886716733023
            ]
        ],
        [
            [
                -4.555099010467529,
                -15.481358528137207,
                3.4094036534357484,
                14.986742045064931,
                8.488531440234583,
                2.547764481025114
            ]
        ],
        [
            [
                -18.528907775878906,
                -19.076282501220703,
                4.90392692838816,
                3.7696977567394137,
                7.5993361568240365,
                0.7119955037043433
            ]
        ],
        [
            [
                20.131784439086914,
                14.63119888305664,
                3.654781168383585,
                4.162264646378491,
                19.275434274974163,
                0.3626603670894537
            ]
        ],
        [
            [
                -1.066701889038086,
                21.33711814880371,
                5.077973490609258,
                10.73234363238715,
                5.787891800152028,
                1.409367124651543
            ]
        ],
        [
            [
                15.893791198730469,
                -14.231266021728516,
                2.06903785371317,
                4.204517255727239,
                7.8580827065128975,
                1.9285644085563631
            ]
        ],
        [
            [
                11.289285659790039,
                18.812166213989258,
                3.1219931959391616,
                4.9336406269080335,
                14.633384564263709,
                2.203400997114436
            ]
        ],
        [
            [
                5.355367660522461,
                15.29236888885498,
                5.639692405522767,
                2.0846677783005365,
                5.317692683122982,
                1.6269484315657696
            ]
        ],
        [
            [
                14.07938003540039,
                4.8887739181518555,
                2.358138539232491,
                8.812157251775218,
                12.66570199940807,
                1.7909485176902478
            ]
        ],
        [
            [
                -12.150074928998947,
                -14.874614000320435,
                3.938142634438147,
                2.9841392429137548,
                10.278315994604533,
                2.6303784930806264
            ]
        ],
        [
            [
                6.702449321746826,
                -9.968788623809814,
                2.5665019366297326,
                4.837411175105606,
                6.447496002362922,
                1.7865139192901764
            ]
        ],
        [
            [
                -15.644062042236328,
                21.74073600769043,
                2.672102928850181,
                2.915678381774904,
                18.850808547226983,
                0.024158417216316064
            ]
        ],
        [
            [
                -2.8646621704101562,
                12.11027380824089,
                4.436464440199816,
                3.181966069482124,
                10.793748669000856,
                3.1310263187003646
            ]
        ],
        [
            [
                22.447120666503906,
                5.655015468597412,
                2.3367471507065867,
                2.645675260085892,
                5.388290421232448,
                1.5646943758217813
            ]
        ],
        [
            [
                -23.150623321533203,
                -2.3576769828796387,
                2.827137237939912,
                2.612367065410395,
                13.829189441367795,
                1.4319533853403394
            ]
        ],
        [
            [
                -4.463517189025879,
                -6.93435525894165,
                2.744673184702527,
                2.1801040892755403,
                4.958068656853005,
                0.9838206573037257
            ]
        ],
        [
            [
                22.612647771835327,
                -15.862651586532593,
                2.354157844813366,
                2.392335301935666,
                10.190583774635584,
                0.0021906635417805465
            ]
        ],
        [
            [
                -21.376107215881348,
                19.743882954120636,
                4.526295387405587,
                2.0735522986254975,
                10.599242027101118,
                2.0490608981288263
            ]
        ],
        [
            [
                18.901405915617943,
                19.488598823547363,
                2.4734445757878154,
                2.52499221297486,
                12.121940282279272,
                2.0663034812902916
            ]
        ],
        [
            [
                -21.98777686059475,
                -23.05735731124878,
                2.8161140614826143,
                2.14269284117786,
                6.954857580123031,
                1.8699855728475205
            ]
        ],
        [
            [
                -22.786101520061493,
                -15.780896559357643,
                3.1753473791669977,
                3.5181492184253282,
                14.894735336675721,
                0.42990596894709543
            ]
        ],
        [
            [
                -2.430586576461792,
                -22.673008859157562,
                2.3979929170899537,
                4.6098924937674965,
                14.567914830863582,
                1.6001465462812081
            ]
        ],
        [
            [
                -21.69457346200943,
                -9.274962238967419,
                2.045498824079486,
                4.8203408845112214,
                10.866188962771691,
                0.6327000039698338
            ]
        ],
        [
