{
    "world_name": "subworld-494",
    "width": 50,
    "build_up": 0.37036004,
    "height": -1.0,
    "objects": [
        [
            [
                -2.7041141986846924,
                6.062917232513428,
                15.625956180980225,
                11.372461552260024,
                4.352485455692365,
                1.9286198684134743
            ]
        ],
        [
            [
                13.64428424835205,
                7.761602878570557,
                12.155662821177724,
                3.7701343934226994,
                13.42646691649307,
                0.33919842198207784
            ]
        ],
        [
            [
                -16.28544044494629,
                14.252663612365723,
                16.496410067639772,
                3.4129182883106775,
                17.911036748120438,
                1.8551592780896549
            ]
        ],
        [
            [
                -15.959940910339355,
                -16.49738121032715,
                3.112725578774368,
                6.062926948677094,
                18.10183711160382,
                1.3354603356971504
            ]
        ],
        [
            [
                1.7989391088485718,
                -14.746493339538574,
                10.258971599946868,
                2.087459371157919,
                13.839967945838096,
                0.43513014607091915
            ]
        ],
        [
            [
                -6.974735736846924,
                -5.642771244049072,
                2.4502491073617447,
                2.08131070241656,
                19.543752315268865,
                1.2023808019907705
            ]
        ],
        [
            [
                22.492809295654297,
                -12.143573760986328,
                2.4621718281088247,
                16.815224901405017,
                17.463414452666893,
                0.0027038646587931314
            ]
        ],
        [
            [
                -12.807183265686035,
                -9.884310722351074,
                2.125152097229023,
                16.327585558965865,
                11.433499723596691,
                1.2608862847682396
            ]
        ],
        [
            [
                15.018159866333008,
                -6.147611141204834,
                10.516080245475566,
                3.4954542458104,
                14.499837949674026,
                1.7880273534234639
            ]
        ],
        [
            [
                10.8468599319458,
                20.207523345947266,
                2.9444814020272227,
                2.6371921855691633,
                10.9189361019244,
                0.3272741099048948
            ]
        ],
        [
            [
                -20.663394927978516,
                4.4936957359313965,
                2.555077186602744,
                6.832542490801171,
                5.634023432784123,
                2.9752281285175872
            ]
        ],
        [
            [
                12.389084815979004,
                -17.84817886352539,
                6.849582304169269,
                5.863247460799731,
                7.972648975157636,
                0.2458562753062734
            ]
        ],
        [
            [
                -11.519824028015137,
                -1.8795363903045654,
                2.957186255717396,
                5.9455240867749275,
                14.756466985323728,
                2.3812590169147767
            ]
        ],
        [
            [
                -10.701606750488281,
                19.03961753845215,
                8.687074852120467,
                2.0640427618177983,
                19.33349221953911,
                1.5765259468362873
            ]
        ],
        [
            [
                20.675039291381836,
                21.139299392700195,
                3.42407093454508,
                3.1373618952370763,
                14.445402450592098,
                0.16083611944750853
            ]
        ],
        [
            [
                6.616322994232178,
                -3.074361562728882,
                2.396407803478245,
                6.978013550846657,
                19.25397059018322,
                0.35584812748926975
            ]
        ],
        [
            [
                -23.0548152923584,
                11.454671859741211,
                8.07429636940778,
                2.415112563677232,
                17.94469074468723,
                1.5525524697955575
            ]
        ],
        [
            [
                -5.274331569671631,
                -22.07576560974121,
                5.886784351555628,
                3.496191750370786,
                15.29927090239271,
                2.765508264353775
            ]
        ],
        [
            [
                12.904971569776535,
                12.878254503011703,
                2.8919230545313237,
                2.7159361447903088,
                4.700210437551205,
                1.682555074222262
            ]
        ],
        [
            [
                -16.91473937034607,
                -22.157013177871704,
                2.5269069006971376,
                3.9631231755701317,
                15.81886114151865,
                1.4691695523323491
            ]
        ],
        [
            [
                -20.947633504867554,
                -3.3140716552734375,
                2.420909473855755,
                5.408991873014832,
                6.717716986801467,
                1.856548429409202
            ]
        ],
        [
            [
                8.87020492553711,
                -22.451823234558105,
                5.430713280931968,
                2.1569821121898656,
                16.380256741586592,
                2.5947527299099153
            ]
        ],
        [
            [
                3.5469114780426025,
                -20.661616325378418,
                2.901166207792645,
                2.864439809569876,
                7.145810585131162,
                2.5983686543760225
            ]
        ],
        [
            [
                3.125194787979126,
                -9.909515142440796,
                4.4151513774801945,
                2.0930221254042394,
                9.76581065937322,
                0.6882801425418267
            ]
        ],
        [
            [
                -23.285951614379883,
                20.127059936523438,
                2.3173914002552474,
                6.461962557860908,
                5.494876113283793,
                3.1367657550874717
            ]
        ],
        [
            [
                -4.789539217948914,
                18.634731367230415,
                4.196195495345767,
                2.079531362216042,
                7.384324519877718,
                0.2629633822587061
            ]
        ],
        [
            [
                4.5072340965271,
                19.0212062895298,
                5.737162416454314,
                2.8616606233045925,
                4.173816489711749,
                1.0337461050869794
            ]
        ],
        [
            [
                20.63726496696472,
                15.903523445129395,
                7.794070779937312,
                2.097642461490268,
                18.11921836549109,
                0.4564424338951161
            ]
        ],
        [
            [
                -22.294407904148102,
                -21.44680655002594,
                3.4472097866729365,
                2.575904363640054,
                4.0210809180980265,
                0.7973576439385123
            ]
        ],
        [
            [
                -22.41213583946228,
                -15.379267871379852,
                3.3065896518995173,
                2.219177834693668,
                12.664874336137045,
                2.946237915303935
            ]
        ],
        [
