{
    "world_name": "subworld-258",
    "width": 50,
    "build_up": 0.4133592,
    "height": 20.0,
    "objects": [
        [
            [
                14.291642189025879,
                15.055580139160156,
                10.45219924690463,
                14.15115230251291,
                20.0,
                0.3176814650369295
            ]
        ],
        [
            [
                6.952601432800293,
                3.39052677154541,
                8.104565242464965,
                18.285077064774274,
                20.0,
                0.4452243796308928
            ]
        ],
        [
            [
                -0.6591817736625671,
                -15.511629104614258,
                16.955165014369385,
                3.7239017629449047,
                20.0,
                2.2824649705736606
            ]
        ],
        [
            [
                -12.003392219543457,
                15.348258972167969,
                6.583129280705933,
                4.023542228106638,
                20.0,
                1.2002821105013641
            ]
        ],
        [
            [
                -11.001763343811035,
                -3.1854989528656006,
                2.1407172730925925,
                19.534350377312336,
                20.0,
                2.3077311236536002
            ]
        ],
        [
            [
                16.673606872558594,
                -12.122125625610352,
                13.15583224388501,
                3.9685006991381897,
                20.0,
                1.2268478456739378
            ]
        ],
        [
            [
                0.6984809041023254,
                17.716291427612305,
                2.948620268326523,
                5.373516941599323,
                20.0,
                2.2952307957216385
            ]
        ],
        [
            [
                5.757009506225586,
                -12.352768898010254,
                3.872526890359566,
                2.6992489217786564,
                20.0,
                0.6286502888084875
            ]
        ],
        [
            [
                -19.42970085144043,
                5.303441047668457,
                7.8949776803704275,
                2.0371383606504176,
                20.0,
                1.857396088252842
            ]
        ],
        [
            [
                -21.10947608947754,
                -16.60360336303711,
                2.955938134632715,
                2.526849650577907,
                20.0,
                0.2951888090160968
            ]
        ],
        [
            [
                23.5032901763916,
                -7.677486419677734,
                2.8223642570301823,
                16.13912701828038,
                20.0,
                3.140026097287283
            ]
        ],
        [
            [
                -11.988373756408691,
                -14.633177757263184,
                5.125154335016539,
                3.3496762579524852,
                20.0,
                1.1406280418155297
            ]
        ],
        [
            [
                -19.02710723876953,
                19.12289047241211,
                3.0123098264781123,
                2.4334329294296744,
                20.0,
                1.9869876889888183
            ]
        ],
        [
            [
                -8.284727096557617,
                -20.742140769958496,
                3.824690825445609,
                2.561988993291454,
                20.0,
                2.443484968583376
            ]
        ],
        [
            [
                2.7359399795532227,
                -4.727799892425537,
                2.4035282671186633,
                5.694737169453889,
                20.0,
                0.4703889219123014
            ]
        ],
        [
            [
                15.216180801391602,
                -20.962183952331543,
                16.729584711356914,
                2.585364615680078,
                20.0,
                0.31769553586318167
            ]
        ],
        [
            [
                -7.132175445556641,
                10.231682538986206,
                3.2242879953054446,
                5.234397541307902,
                20.0,
                2.8183890342498232
            ]
        ],
        [
            [
                -18.688369750976562,
                13.201414167881012,
                3.9668113521144077,
                3.927110769574581,
                20.0,
                1.456861443954207
            ]
        ],
        [
            [
                20.932817459106445,
                5.3655104637146,
                4.083468325054672,
                4.856197041014854,
                20.0,
                0.5115446044277727
            ]
        ],
        [
            [
                -17.064443349838257,
                -21.709973335266113,
                2.5652540157691575,
                7.90870360467778,
                20.0,
                1.6894442543981247
            ]
        ],
        [
            [
                -17.115456223487854,
                -15.790058135986328,
                5.882195558551654,
                2.1638748756269113,
                20.0,
                1.6972277456335354
            ]
        ],
        [
            [
                -1.8558740615844727,
                -21.343761205673218,
                2.4138382481755496,
                2.503654368360478,
                20.0,
                0.3612989980363248
            ]
        ],
        [
            [
                -20.765144109725952,
                -4.715039014816284,
                2.461151897008969,
                2.2451589620595107,
                20.0,
                0.2364764431538462
            ]
        ],
        [
            [
                18.44678083062172,
                -4.251811504364014,
                2.229418102542256,
                5.201548709404387,
                20.0,
                1.438517832756957
            ]
        ],
        [
            [
                -14.62162733078003,
                4.395623803138733,
                3.2310576996211307,
                3.0454741436948543,
                20.0,
                0.3284408358478914
            ]
        ],
        [
            [
                -7.6995402574539185,
                21.211943864822388,
                2.426209293041337,
                7.509413594204543,
                20.0,
                1.1575911670453118
            ]
        ],
        [
            [
                16.103357553482056,
                2.3371670246124268,
                4.005980067633847,
                3.8665784235104255,
                20.0,
                1.559236653625728
            ]
        ],
        [
            [
                -23.383116841316223,
                -23.287643551826477,
                2.3609552541204963,
                2.6810068731593515,
                20.0,
                1.3883867024850205
            ]
        ],
        [
            [
                -4.421631097793579,
                -23.739009141921997,
                2.220544174059849,
                2.3518072796552474,
                20.0,
                3.1119009781137748
            ]
        ],
        [
            [
                -7.874621748924255,
                -15.64854310080409,
                2.031958858504751,
                2.4724099564897415,
                20.0,
                1.5787013314724037
            ]
        ],
        [
            [
                -22.990633487701416,
                -9.434590756893158,
                5.220895509040776,
                2.056375129996912,
                20.0,
                1.9346198306392224
            ]
        ],
        [
            [
                -17.23112952709198,
                -1.986451506614685,
                2.040791789277305,
