{
    "world_name": "subworld-426",
    "width": 50,
    "build_up": 0.4024546,
    "height": -1.0,
    "objects": [
        [
            [
                -14.585062980651855,
                -10.454301834106445,
                7.858372546462137,
                17.011096026907595,
                15.856949034962122,
                0.17995471156062237
            ]
        ],
        [
            [
                3.53957200050354,
                -5.532555103302002,
                2.234986595213086,
                16.62000456277272,
                7.016339302679926,
                1.7705537382918217
            ]
        ],
        [
            [
                -0.12075373530387878,
                10.125629425048828,
                17.81824335771921,
                6.456444064820609,
                6.549486004090595,
                1.6729470923927585
            ]
        ],
        [
            [
                -17.895631790161133,
                19.00790023803711,
                4.75915853672096,
                10.889863578772832,
                18.5759489933578,
                0.7470089514920364
            ]
        ],
        [
            [
                10.605151176452637,
                7.509132385253906,
                3.7452917353404684,
                7.579246091434345,
                18.71413173736246,
                2.879428627668437
            ]
        ],
        [
            [
                12.480668067932129,
                -13.598824501037598,
                11.537044569500306,
                4.076238892025049,
                3.907591900205692,
                2.404821113441908
            ]
        ],
        [
            [
                21.110008239746094,
                -18.169437408447266,
                2.221638496359721,
                4.9764315728222135,
                17.08739653164011,
                2.8705772578942916
            ]
        ],
        [
            [
                5.668369293212891,
                16.654359817504883,
                2.7208950704739694,
                2.9260929521456776,
                13.493352075647525,
                0.023632116878147702
            ]
        ],
        [
            [
                21.098388671875,
                6.095561981201172,
                3.070113352864456,
                3.79165587110112,
                8.87116224946247,
                1.6211388551026982
            ]
        ],
        [
            [
                -20.13189125061035,
                5.0507707595825195,
                5.929529848170261,
                6.566951444565718,
                12.060190685895105,
                1.3231162261771692
            ]
        ],
        [
            [
                19.06659507751465,
                -10.13136100769043,
                4.59784908892405,
                2.741960926986642,
                5.546270650640139,
                0.9295218104028856
            ]
        ],
        [
            [
                -11.466879844665527,
                10.561659812927246,
                3.169967846352029,
                5.925932437363673,
                17.023880337753113,
                3.06614460314679
            ]
        ],
        [
            [
                1.340889573097229,
                -19.250844955444336,
                3.856546336742451,
                10.144157266471119,
                13.878201600649808,
                1.21052258536258
            ]
        ],
        [
            [
                17.55422592163086,
                17.265853881835938,
                4.462278396869054,
                7.79722504251293,
                3.70077839183244,
                0.2892071361531965
            ]
        ],
        [
            [
                -14.096789598464966,
                -22.702210426330566,
                3.001819193638299,
                2.5856647617020867,
                2.4190386484611586,
                2.423520472383567
            ]
        ],
        [
            [
                -6.0390496253967285,
                3.3806705474853516,
                2.653341457589185,
                3.2162168821057393,
                5.889099849912308,
                2.934269536003967
            ]
        ],
        [
            [
                -11.818816661834717,
                19.215896129608154,
                7.136356445601423,
                2.824136972808004,
                17.363623194352154,
                2.516270385965934
            ]
        ],
        [
            [
                -12.395908422768116,
                3.1869421005249023,
                2.5429409504001024,
                3.411342486859062,
                5.909318243898143,
                1.654594583422507
            ]
        ],
        [
            [
                9.867666721343994,
                18.886200428009033,
                2.2866287454844816,
                3.1231596607663645,
                14.491954815366553,
                1.8711546061152844
            ]
        ],
        [
            [
                6.522929668426514,
                22.9215087890625,
                3.1769212619911817,
                6.26465658810862,
                12.885657512550075,
                1.692066176884075
            ]
        ],
        [
            [
                -20.06208312511444,
                -20.52152407169342,
                2.7331319945643857,
                5.343573383149677,
                13.705088958590212,
                0.6156037789080028
            ]
        ],
        [
            [
                -6.0824809074401855,
                -22.10461950302124,
                3.785007025814046,
                3.369924306368276,
                4.608286364615,
                1.3704780997734622
            ]
        ],
        [
            [
                -22.61068367958069,
                -2.0578231811523438,
                2.2499460276025833,
                3.686229419993118,
                6.997900897959173,
                0.03811479698796583
            ]
        ],
        [
            [
                -7.015856146812439,
                -8.70747447013855,
                2.461822600380631,
                6.68611520683267,
                12.17508932070548,
                0.1187797181708512
            ]
        ],
        [
            [
                17.325958490371704,
                -21.82995057106018,
                2.120909732473883,
                2.7817521930854525,
                10.58392326026995,
                0.2080763070206484
            ]
        ],
        [
            [
                16.396573305130005,
                -3.6575803756713867,
                2.199218299453081,
                2.833011840046172,
                3.3355160725748334,
                0.13562724501715673
            ]
        ],
        [
            [
                -9.537644386291504,
                21.918488025665283,
                2.393599779092865,
                2.056838052199139,
                9.913413210601394,
                1.588131364343783
            ]
        ],
        [
            [
                -5.248668789863586,
                21.846354961395264,
                2.323555491136492,
                5.882372273585895,
                6.171885336468703,
                0.4888936416215055
            ]
        ],
        [
            [
                6.10507395863533,
                8.256765604019165,
                2.1444415539481856,
                2.22270639944385,
                9.818193043825378,
                2.6650920020133038
            ]
        ],
        [
            [
                22.955180644989014,
                17.921478629112244,
                2.715639480630503,
                3.2929590635196417,
                18.246109847263632,
                3.019094256399219
            ]
        ],
        [
            [
