{
    "world_name": "subworld-346",
    "width": 50,
    "build_up": 0.39583544,
    "height": 20.0,
    "objects": [
        [
            [
                -19.727365493774414,
                5.844706058502197,
                3.236794798081601,
                4.044610027900835,
                20.0,
                2.767451603157235
            ]
        ],
        [
            [
                -15.632251739501953,
                -8.787986755371094,
                14.81542506703713,
                8.927027251805661,
                20.0,
                1.2532468977097424
            ]
        ],
        [
            [
                19.361221313476562,
                -12.459306716918945,
                9.67496760563922,
                4.561735152141813,
                20.0,
                1.430737855421939
            ]
        ],
        [
            [
                3.5029592514038086,
                11.228007316589355,
                11.69479727131953,
                13.561767355361997,
                20.0,
                3.131325785198312
            ]
        ],
        [
            [
                15.825904846191406,
                3.7286884784698486,
                5.7436108546538565,
                5.785511241399682,
                20.0,
                1.9738256658176208
            ]
        ],
        [
            [
                9.5902099609375,
                -11.10445785522461,
                3.2445511566803615,
                2.4004845768400886,
                20.0,
                1.499657290473336
            ]
        ],
        [
            [
                -11.01492691040039,
                10.42840576171875,
                11.219492936943638,
                4.332809112130097,
                20.0,
                1.8814504649396078
            ]
        ],
        [
            [
                -2.9340453147888184,
                -17.184032440185547,
                4.298914171149456,
                8.8377662587081,
                20.0,
                2.2403295100225376
            ]
        ],
        [
            [
                2.097823143005371,
                -5.619318008422852,
                2.074897474195412,
                2.051615657495117,
                20.0,
                1.0232917034235471
            ]
        ],
        [
            [
                7.926840782165527,
                -2.289132595062256,
                3.6856417535533783,
                10.279820225242979,
                20.0,
                0.0882677739612896
            ]
        ],
        [
            [
                15.059929847717285,
                -5.724762916564941,
                2.2810932995316886,
                5.7229367166476255,
                20.0,
                2.866356650001233
            ]
        ],
        [
            [
                2.3530054092407227,
                -20.61568832397461,
                2.079556806775005,
                6.184869770609981,
                20.0,
                2.155934459152392
            ]
        ],
        [
            [
                17.34977912902832,
                15.791177749633789,
                6.069590641533319,
                5.891894298918088,
                20.0,
                2.347598871185935
            ]
        ],
        [
            [
                -23.0654354095459,
                -3.8509185314178467,
                2.659681713336548,
                2.9963302530538884,
                20.0,
                1.165463336405626
            ]
        ],
        [
            [
                -3.856893539428711,
                -10.123257875442505,
                2.8190720163783203,
                4.777547231695567,
                20.0,
                1.2329330678502428
            ]
        ],
        [
            [
                -16.56023597717285,
                -21.03327465057373,
                6.4321531872872155,
                6.081339322211556,
                20.0,
                1.3047848237087922
            ]
        ],
        [
            [
                13.531951546669006,
                -21.39217758178711,
                2.6762870498476437,
                4.47622109384517,
                20.0,
                3.094014133236689
            ]
        ],
        [
            [
                -15.959579467773438,
                22.740488052368164,
                2.8908253202880068,
                6.837437703243204,
                20.0,
                1.4907622304505097
            ]
        ],
        [
            [
                -6.1988525390625,
                17.116361141204834,
                3.2972067195451054,
                2.32026345597979,
                20.0,
                2.227509292517796
            ]
        ],
        [
            [
                -20.033283710479736,
                16.323166131973267,
                10.313054762766338,
                2.159939757565484,
                20.0,
                2.0456464243198935
            ]
        ],
        [
            [
                -5.6883421540260315,
                -4.277819991111755,
                2.984118295269081,
                2.1960654334418264,
                20.0,
                1.1845653056200511
            ]
        ],
        [
            [
                19.296885550022125,
                -21.18865418434143,
                3.0001724669047065,
                3.0829049400967903,
                20.0,
                2.7769396490850604
            ]
        ],
        [
            [
                -6.80333024263382,
                21.516857147216797,
                3.1884933577730674,
                6.18831921637512,
                20.0,
                1.4770931050577385
            ]
        ],
        [
            [
                21.975036144256592,
                8.4121572971344,
                2.614433599150643,
                2.4086092262972665,
                20.0,
                2.8458181037712897
            ]
        ],
        [
            [
                16.217479705810547,
                23.69465398788452,
                2.311731988717325,
                2.192554815489067,
                20.0,
                0.14679572531815577
            ]
        ],
        [
            [
                22.558781385421753,
                21.17507839202881,
                2.1913105425540653,
                2.889158020409711,
                20.0,
                0.792609224236998
            ]
        ],
        [
            [
                -23.20277440547943,
                -22.038318246603012,
                2.106094810277739,
                3.0867509241093014,
                20.0,
                1.4304162732401071
            ]
        ],
        [
            [
                -9.727636992931366,
                -21.142795145511627,
                3.2515160467797326,
                3.0630406943409287,
                20.0,
                1.511056113262152
            ]
        ],
        [
            [
                -9.215046599507332,
                -15.760343804955482,
                5.410431990194267,
                2.218861794879725,
                20.0,
                0.666704038971029
            ]
        ],
        [
            [
                -22.680368900299072,
                -8.560365915298462,
                3.4058475712902085,
                2.2198473717808533,
                20.0,
                1.218435927439049
            ]
        ],
        [
            [
                -1.1913644075393677,
                -2.3223241567611694,
                3.1503916532192098,
                2.0065362501043484,
                20.0,
                1.6759073862290992
            ]
        ],
        [
            [
                8.317383766174316,
                -23.074257254600525,
                2.4539423899190154,
                2.999722058767634,
