{
    "world_name": "subworld-297",
    "width": 50,
    "build_up": 0.410602,
    "height": 1.5,
    "objects": [
        [
            [
                7.849112033843994,
                -17.837738037109375,
                6.25176799882038,
                5.377999198326426,
                1.5,
                0.909562005218845
            ]
        ],
        [
            [
                1.0343743562698364,
                9.647146224975586,
                15.44013156221314,
                19.606195446426884,
                1.5,
                1.5751454918079564
            ]
        ],
        [
            [
                -16.031524658203125,
                -4.534276485443115,
                3.7778416660057816,
                7.053042129037251,
                1.5,
                0.15842166584109285
            ]
        ],
        [
            [
                -19.816072463989258,
                0.8433518409729004,
                2.452039712374708,
                3.7667350437310043,
                1.5,
                2.4078082173440705
            ]
        ],
        [
            [
                -19.254737854003906,
                9.193812370300293,
                3.080735594891028,
                4.8832920528245305,
                1.5,
                1.1272311028776936
            ]
        ],
        [
            [
                19.51466941833496,
                18.223604202270508,
                4.614496923494512,
                7.9517166208463275,
                1.5,
                0.3289900928670524
            ]
        ],
        [
            [
                10.93979263305664,
                -6.816745758056641,
                5.085695846357959,
                19.826879238657806,
                1.5,
                1.4943024175716217
            ]
        ],
        [
            [
                -7.4941840171813965,
                -12.12474250793457,
                9.112185448430603,
                5.033933276729028,
                1.5,
                2.9102167828031873
            ]
        ],
        [
            [
                6.467249393463135,
                21.529773712158203,
                2.184924559223483,
                12.151682697455495,
                1.5,
                1.5559245655241427
            ]
        ],
        [
            [
                21.599458694458008,
                -22.779489517211914,
                4.1266161769617895,
                3.034702754853649,
                1.5,
                1.5235983108827003
            ]
        ],
        [
            [
                -15.132089614868164,
                -21.204898834228516,
                4.315897024397495,
                6.091179768296343,
                1.5,
                1.4642161243943463
            ]
        ],
        [
            [
                -17.630643844604492,
                14.674582481384277,
                3.285242405097288,
                4.395923322051539,
                1.5,
                1.2219240767921158
            ]
        ],
        [
            [
                19.226947784423828,
                -16.221797943115234,
                2.692248492881938,
                3.977428778693451,
                1.5,
                2.59802779275706
            ]
        ],
        [
            [
                -19.487211227416992,
                -12.08481216430664,
                3.6564785284959322,
                5.131409785437842,
                1.5,
                3.019179970697844
            ]
        ],
        [
            [
                -7.175703048706055,
                -21.655613899230957,
                4.291611427596959,
                4.002215537089632,
                1.5,
                0.048265261799071535
            ]
        ],
        [
            [
                -4.255156517028809,
                -5.180696964263916,
                5.977874071852754,
                5.860630568999557,
                1.5,
                2.6919441635798895
            ]
        ],
        [
            [
                18.445842266082764,
                8.764689922332764,
                2.424087847214788,
                8.36504600669027,
                1.5,
                2.0952794257577256
            ]
        ],
        [
            [
                -22.985365867614746,
                -20.408620834350586,
                2.341019545411833,
                3.1356165748680453,
                1.5,
                2.648023860336475
            ]
        ],
        [
            [
                16.18900752067566,
                -21.98263716697693,
                3.6370605399685036,
                2.185943910214297,
                1.5,
                1.3252267508728657
            ]
        ],
        [
            [
                -17.287362933158875,
                21.182005167007446,
                5.97077115193399,
                3.4071168179829723,
                1.5,
                2.673949415780994
            ]
        ],
        [
            [
                -6.567218154668808,
                22.220323085784912,
                2.0495149638403816,
                2.3616966304407425,
                1.5,
                2.8886080165344836
            ]
        ],
        [
            [
                20.230679512023926,
                3.240356206893921,
                4.099568758679797,
                2.509317548862575,
                1.5,
                1.340990804916228
            ]
        ],
        [
            [
                -1.7150596380233765,
                -23.40780460834503,
                2.555766413323567,
                2.3805948846266807,
                1.5,
                2.9837584876666385
            ]
        ],
        [
            [
                -22.610394835472107,
                -3.0297533124685287,
                2.479262802725213,
                2.1900091009094385,
                1.5,
                3.0128076594828146
            ]
        ],
        [
            [
                -9.192155539989471,
                -2.4287402033805847,
                2.9826266489482216,
                3.85972953390812,
                1.5,
                1.5814357449812826
            ]
        ],
        [
            [
                2.9594746828079224,
                -23.29242706298828,
                3.5130021784596397,
                2.328084445657571,
                1.5,
                0.10835193168372403
            ]
        ],
        [
            [
                2.106566548347473,
                -16.137866258621216,
                2.5680042657367776,
                3.6083714879003237,
                1.5,
                2.5942859167316294
            ]
        ],
        [
            [
                14.884439170360565,
                -14.616039752960205,
                2.7589968690489024,
                2.890466853453283,
                1.5,
                1.296275691125204
            ]
        ],
        [
            [
                17.3441379070282,
                -1.4863137006759644,
                2.2663340794650093,
                2.593443548206404,
                1.5,
                3.0402415133825014
            ]
        ],
        [
            [
                22.464876353740692,
                -1.9513449668884277,
                2.5809042608185346,
                2.9055800270483356,
                1.5,
                2.0518785658692016
            ]
        ],
        [
            [
                -14.361508965492249,
                2.916952893137932,
                2.2418133299571945,
                2.643150200912299,
                1.5,
                2.0004045611837444
            ]
        ],
        [
            [
                -14.076404809951782,
                10.907056450843811,
                2.002515616631352,
                2.014297264070115,
                1.5,
