{
    "world_name": "subworld-111",
    "width": 50,
    "build_up": 0.35675072,
    "height": 20.0,
    "objects": [
        [
            [
                15.072266578674316,
                -5.651205539703369,
                2.2694094709835815,
                18.179229072164333,
                20.0,
                2.1524897676181527
            ]
        ],
        [
            [
                10.545050621032715,
                9.733194351196289,
                12.266216385468809,
                4.332599218789801,
                20.0,
                1.7712634641987055
            ]
        ],
        [
            [
                -17.60197639465332,
                5.335535049438477,
                3.054333535650491,
                18.597972777522045,
                20.0,
                0.1028024050123908
            ]
        ],
        [
            [
                -6.531389236450195,
                18.686065673828125,
                3.237106048717008,
                8.679358375002401,
                20.0,
                2.1265559750476077
            ]
        ],
        [
            [
                -2.920535087585449,
                -16.790176391601562,
                5.448044855390133,
                5.5008614779813705,
                20.0,
                1.474784269326568
            ]
        ],
        [
            [
                4.043932914733887,
                -0.0535491406917572,
                9.4484473278754,
                4.7410901941007335,
                20.0,
                1.9339457770254103
            ]
        ],
        [
            [
                13.43116569519043,
                -16.167621612548828,
                6.202939026184358,
                12.113049857719574,
                20.0,
                2.0662639597735173
            ]
        ],
        [
            [
                -1.604563593864441,
                10.970847129821777,
                7.5012698316876465,
                4.969016329568853,
                20.0,
                1.9171891907202485
            ]
        ],
        [
            [
                -15.233983993530273,
                -15.521339416503906,
                6.610090508590719,
                9.5033807594644,
                20.0,
                0.841843794431902
            ]
        ],
        [
            [
                19.4648380279541,
                13.754876136779785,
                2.019782913159381,
                2.312487703757914,
                20.0,
                0.1475074777975074
            ]
        ],
        [
            [
                -3.081207036972046,
                -1.4368233680725098,
                2.646643479098315,
                5.170809576388644,
                20.0,
                0.22650404510647526
            ]
        ],
        [
            [
                -16.2049503326416,
                20.74818992614746,
                3.9134763070181453,
                5.266825374827891,
                20.0,
                1.9228539953253367
            ]
        ],
        [
            [
                -10.359345436096191,
                -2.5391223430633545,
                4.165664003766707,
                3.2294122131115746,
                20.0,
                0.23086342393719117
            ]
        ],
        [
            [
                5.053475379943848,
                -20.37757110595703,
                3.9997960918695883,
                4.750286842577989,
                20.0,
                0.4141928815057776
            ]
        ],
        [
            [
                -7.43660831451416,
                -8.810110569000244,
                4.838829063130529,
                4.245211346318935,
                20.0,
                0.4854350027264962
            ]
        ],
        [
            [
                -6.745809555053711,
                5.300036430358887,
                3.643432846771074,
                3.1275087845464045,
                20.0,
                1.8960385082304745
            ]
        ],
        [
            [
                -9.244649648666382,
                22.475815773010254,
                2.922102849191143,
                2.3418413086520617,
                20.0,
                2.8027190212592212
            ]
        ],
        [
            [
                14.264081239700317,
                20.240451335906982,
                2.4050115701808847,
                9.62110080984317,
                20.0,
                1.7258045741677785
            ]
        ],
        [
            [
                17.565589904785156,
                3.2691869735717773,
                2.4516191957486777,
                3.065879933347105,
                20.0,
                1.3032368594226929
            ]
        ],
        [
            [
                -22.282087326049805,
                -4.936110615730286,
                2.9596275546897837,
                2.633247461963725,
                20.0,
                3.1320458504498907
            ]
        ],
        [
            [
                19.666690349578857,
                -23.292423725128174,
                3.0182789043691782,
                3.9855576305996303,
                20.0,
                1.6106984291124804
            ]
        ],
        [
            [
                21.699690103530884,
                -8.569188594818115,
                4.494856810093202,
                5.529354049695327,
                20.0,
                2.7770677159570982
            ]
        ],
        [
            [
                -22.4634747505188,
                8.081308245658875,
                8.060940838843468,
                2.450049792608046,
                20.0,
                1.7934413878812439
            ]
        ],
        [
            [
                -22.36939787864685,
                18.85086026787758,
                2.393145449901269,
                3.98012050505251,
                20.0,
                0.36906865352832874
            ]
        ],
        [
            [
                16.7085223197937,
                8.110214233398438,
                2.9666394448567903,
                3.2053304915931387,
                20.0,
                0.9104692732619784
            ]
        ],
        [
            [
                21.226828575134277,
                6.217560663819313,
                2.079183632320658,
                2.414308857069497,
                20.0,
                2.7933198884978445
            ]
        ],
        [
            [
                4.151300430297852,
                18.584961339831352,
                2.446777395756614,
                2.4037142608939814,
                20.0,
                2.608611509367086
            ]
        ],
        [
            [
                -21.936367619782686,
                -23.009026169776917,
                2.3712324308425607,
                2.257714447609093,
                20.0,
                0.23258850565482958
            ]
        ],
        [
            [
                -22.313279390335083,
                -20.62466073036194,
                2.1107574519591794,
                5.024413807188299,
                20.0,
                1.7638291577728855
            ]
        ],
        [
            [
                -10.15206629037857,
                -21.458988517522812,
                2.269225008451811,
                3.408107892876525,
                20.0,
                2.110338154661636
            ]
        ],
        [
            [
                -3.3205928653478622,
                -22.22081959247589,
                5.1802477640171265,
                2.639671554422177,
                20.0,
                3.004232222664161
            ]
        ],
        [
            [
                -21.117721021175385,
                -9.7956602871418,
                3.0948798148726016,
                2.528288937251141,
