{
    "world_name": "subworld-115",
    "width": 50,
    "build_up": 0.4054198,
    "height": -1.0,
    "objects": [
        [
            [
                -1.8636579513549805,
                9.69438362121582,
                19.299415886892948,
                9.782559701978581,
                3.591760071715342,
                1.087294877841414
            ]
        ],
        [
            [
                -7.792325496673584,
                -18.782958984375,
                7.430631081280051,
                5.0743906035709525,
                15.658582078417567,
                1.1353190719725896
            ]
        ],
        [
            [
                0.8956310749053955,
                -7.080353736877441,
                6.816536378149288,
                6.062808530090721,
                9.932878716812521,
                1.3160428952922096
            ]
        ],
        [
            [
                11.296607971191406,
                -14.286072731018066,
                14.841431975154338,
                2.909878486237508,
                12.920731625475057,
                1.3739521370605718
            ]
        ],
        [
            [
                -17.02436065673828,
                -5.855069637298584,
                3.666558338317787,
                9.624384691939202,
                15.334794916921915,
                0.6364519434761797
            ]
        ],
        [
            [
                10.658706665039062,
                20.446277618408203,
                5.325463140573033,
                4.785510000536468,
                2.942137133125767,
                1.567796505015872
            ]
        ],
        [
            [
                -16.364368438720703,
                8.642419815063477,
                9.373163926953765,
                8.45153965114351,
                11.98769332430913,
                0.9220427203644874
            ]
        ],
        [
            [
                21.62764549255371,
                -1.4393117427825928,
                3.9126414740871445,
                15.10012456523499,
                14.198006969179188,
                3.1147385152610085
            ]
        ],
        [
            [
                10.727275848388672,
                3.3244435787200928,
                2.334542382635822,
                6.659912863057501,
                18.527217836214422,
                2.33011537341396
            ]
        ],
        [
            [
                3.228374481201172,
                -16.54332160949707,
                8.772828679037818,
                3.1529726641165965,
                7.304540497307945,
                0.05495735238703792
            ]
        ],
        [
            [
                -17.23147964477539,
                -15.191023826599121,
                2.1767721886765807,
                3.0554436530011895,
                16.269160585888393,
                1.8009240936224533
            ]
        ],
        [
            [
                9.911307334899902,
                8.113987922668457,
                8.23548562906629,
                2.133445747286234,
                5.6771706228475765,
                0.5881532904622884
            ]
        ],
        [
            [
                -9.290661811828613,
                -2.7592639923095703,
                2.9833049004530623,
                5.88347232462967,
                8.73835586092147,
                2.432389614550251
            ]
        ],
        [
            [
                -13.846137046813965,
                21.647329330444336,
                2.629492826989038,
                4.324380770145799,
                10.34001913803991,
                2.7361363636447207
            ]
        ],
        [
            [
                -13.499573469161987,
                -15.12841010093689,
                3.0587674259150646,
                2.6275489251649917,
                14.259337990164802,
                3.1004526005069875
            ]
        ],
        [
            [
                17.403756618499756,
                -16.616042137145996,
                2.0291902159593938,
                9.46330080725899,
                13.793543349939727,
                0.23272440114743165
            ]
        ],
        [
            [
                22.414515495300293,
                -20.4758243560791,
                2.3321767608230974,
                4.983938009423769,
                13.287058665567367,
                3.0515999554564415
            ]
        ],
        [
            [
                -20.228034496307373,
                14.96593952178955,
                9.937519242494531,
                3.0567962152448556,
                19.72829185808206,
                0.9209815078251498
            ]
        ],
        [
            [
                -6.497302532196045,
                20.439293384552002,
                6.033180600971458,
                2.4559947634870687,
                14.471416089537632,
                0.7338559245288465
            ]
        ],
        [
            [
                18.718835830688477,
                15.532391548156738,
                3.6483997906179857,
                5.8034106520997994,
                14.59111905463628,
                2.4745458740137716
            ]
        ],
        [
            [
                -18.488027542829514,
                -20.315701365470886,
                3.506594019554079,
                2.573538119042253,
                4.4332326180592965,
                1.1377600049177878
            ]
        ],
        [
            [
                -22.27232813835144,
                -15.421061038970947,
                3.763798654929853,
                3.602309447001547,
                18.442735514865703,
                1.6244936549557645
            ]
        ],
        [
            [
                5.828152507543564,
                -6.970104694366455,
                2.6616820552972795,
                2.101703740182115,
                3.6119907669623803,
                1.3055826201413634
            ]
        ],
        [
            [
                7.227643072605133,
                -2.5078468322753906,
                2.372290243038976,
                3.5208470895989716,
                16.67449526028495,
                0.4922311418673915
            ]
        ],
        [
            [
                15.80022120475769,
                -3.154533863067627,
                3.9184573029920147,
                4.003291349340847,
                10.640870287465441,
                1.9838652236526846
            ]
        ],
        [
            [
                -22.79656171798706,
                3.150285482406616,
                3.355280912309974,
                2.686349433792788,
                15.927871363530713,
                2.33319228480054
            ]
        ],
        [
            [
                -20.028915762901306,
                23.510849952697754,
                2.2798146232477157,
                6.7004246831714545,
                16.945082972905944,
                1.6041752759237535
            ]
        ],
        [
            [
                14.813750267028809,
                2.258932113647461,
                4.257048763539945,
                2.0534651177749925,
                2.4927588453715517,
                2.913680972809626
            ]
        ],
        [
            [
                4.236181974411011,
                22.147238969802856,
                3.4722522007964507,
                4.0378170347816384,
                3.22384675406626,
                2.451247791426384
            ]
        ],
        [
            [
                17.99063628911972,
                21.342345714569092,
                2.9179830070660717,
                2.503795614664966,
                12.159356593810504,
                0.37383690620369947
            ]
        ],
        [
            [
