{
    "world_name": "subworld-409",
    "width": 50,
    "build_up": 0.41563616,
    "height": -1.0,
    "objects": [
        [
            [
                -0.49051740765571594,
                -8.430272102355957,
                19.98250214690063,
                2.521902145058239,
                5.7567839398122995,
                0.006487776186385963
            ]
        ],
        [
            [
                3.1260483264923096,
                0.25422006845474243,
                8.70433359841137,
                2.0558118774137544,
                19.917138644934827,
                0.6916045469070841
            ]
        ],
        [
            [
                0.8909762501716614,
                16.631681442260742,
                9.58390899028781,
                14.370324297933495,
                10.876972767647368,
                1.8010104411698973
            ]
        ],
        [
            [
                18.765045166015625,
                -12.135397911071777,
                5.215082681062803,
                18.92113133056494,
                9.255782009752298,
                0.4110753037174777
            ]
        ],
        [
            [
                -17.11006736755371,
                -3.567405939102173,
                8.297054428542616,
                9.449354239319465,
                14.198950997568517,
                1.0604892965872688
            ]
        ],
        [
            [
                -6.208569526672363,
                4.84079647064209,
                5.739627817738617,
                9.689557782625563,
                11.263463710455301,
                1.6211466920627573
            ]
        ],
        [
            [
                -19.63115692138672,
                13.429981231689453,
                5.6012507941645415,
                4.423831062753699,
                12.865450213978987,
                0.7698772346987764
            ]
        ],
        [
            [
                -10.042679786682129,
                -17.91666603088379,
                6.574520970551008,
                5.426209399800008,
                5.126988181206844,
                1.969974734480754
            ]
        ],
        [
            [
                13.573570251464844,
                18.855976104736328,
                5.678451506748763,
                7.8825875358047295,
                8.78365631375883,
                0.20843076304678299
            ]
        ],
        [
            [
                5.807359218597412,
                -18.83721923828125,
                15.132248519554487,
                3.770706994210882,
                14.64474469303219,
                2.6015215707357413
            ]
        ],
        [
            [
                18.565641403198242,
                1.4723352193832397,
                10.095008934869174,
                3.9663617372544344,
                2.2192102114147527,
                0.00494253566116476
            ]
        ],
        [
            [
                13.692110061645508,
                -16.8391170501709,
                10.026647032256669,
                4.666090202361997,
                8.42916713401043,
                2.3271509323298267
            ]
        ],
        [
            [
                21.093915939331055,
                12.364327430725098,
                3.5762165066693976,
                2.5168644584381274,
                16.36047865634299,
                1.2146840710432505
            ]
        ],
        [
            [
                -19.082417011260986,
                -17.091390132904053,
                2.1089478039693432,
                3.3001771429090265,
                16.801321330518103,
                2.5485931496537493
            ]
        ],
        [
            [
                -13.542142629623413,
                18.016642093658447,
                2.0779785451104984,
                2.1970048138541607,
                17.075204080839015,
                1.1401734741130076
            ]
        ],
        [
            [
                -14.60545301437378,
                22.875996589660645,
                2.4093862017251837,
                9.747388036276108,
                7.27846008622087,
                1.5021501192956348
            ]
        ],
        [
            [
                -11.940415799617767,
                12.538647256791592,
                3.321492978387557,
                5.433555233130081,
                3.5691131173101915,
                2.4312167658830903
            ]
        ],
        [
            [
                9.895484447479248,
                8.711163520812988,
                2.17919052614299,
                4.8637940391815855,
                17.71045873155062,
                1.8062997034267216
            ]
        ],
        [
            [
                -15.721691131591797,
                -22.303446054458618,
                3.2429455988042206,
                3.7193732742884777,
                15.55652285513957,
                1.283458065705485
            ]
        ],
        [
            [
                -2.4204459190368652,
                -18.74929165188223,
                2.706377119676352,
                3.470169687831029,
                15.500913775143331,
                0.8949820468003096
            ]
        ],
        [
            [
                -22.402766942977905,
                -9.680985927581787,
                4.623289743582527,
                2.4200213833253055,
                16.86499303982317,
                1.3885198664141258
            ]
        ],
        [
            [
                -7.914709210395813,
                -3.4464619159698486,
                2.4150023934165707,
                3.173276861130155,
                9.972537846328882,
                1.4028657909026803
            ]
        ],
        [
            [
                -17.915373504161835,
                5.796535670757294,
                3.089561401742473,
                7.4074274005004925,
                19.623682257355068,
                1.4046317558453345
            ]
        ],
        [
            [
                -22.87981605529785,
                20.507425904273987,
                3.6614139696315573,
                2.5205327806567612,
                5.8358533061250535,
                2.8625821482276557
            ]
        ],
        [
            [
                17.287060141563416,
                6.299352984875441,
                2.8459320722207275,
                5.941123855020329,
                16.346123125168443,
                1.65793285196703
            ]
        ],
        [
            [
                20.137797951698303,
                20.967315435409546,
                2.65778362424095,
                3.028880570544015,
                18.008254667490036,
                0.47076268234159113
            ]
        ],
        [
            [
                -22.00133790075779,
                -23.04991841316223,
                2.066307031824656,
                5.333635185256474,
                13.83158637134018,
                1.269593131684836
            ]
        ],
        [
            [
                -23.337863445281982,
                -14.78388100862503,
                2.347977396588731,
                2.644074282407532,
                2.112441777675364,
                0.05141705045111533
            ]
        ],
        [
            [
                -2.7180361449718475,
                -23.141992568969727,
                2.7782329088427318,
                2.5378057379179495,
                8.587714909808957,
                1.2540066266093928
            ]
        ],
        [
            [
                -4.479681372642517,
                -15.101965606212616,
                3.0120526477158025,
                2.3917444412567535,
                9.02463300889514,
                1.18677743209071
            ]
        ],
