{
    "world_name": "subworld-127",
    "width": 50,
    "build_up": 0.3962044,
    "height": 1.5,
    "objects": [
        [
            [
                12.144234657287598,
                -7.70908784866333,
                7.19424279987749,
                18.967181300041176,
                1.5,
                0.09401526605846233
            ]
        ],
        [
            [
                -6.025789260864258,
                6.657617568969727,
                6.215399198583935,
                9.895316898994402,
                1.5,
                0.5686617128140832
            ]
        ],
        [
            [
                5.632262706756592,
                16.60544776916504,
                10.28881852937716,
                4.308739651357654,
                1.5,
                1.2222207534803142
            ]
        ],
        [
            [
                -10.9298095703125,
                -15.823333740234375,
                19.920903306487954,
                2.3265308708273533,
                1.5,
                2.8247909441596777
            ]
        ],
        [
            [
                20.418659210205078,
                4.339849948883057,
                3.1634297065431634,
                6.016571850648261,
                1.5,
                2.7798236904425324
            ]
        ],
        [
            [
                -0.31846100091934204,
                -8.198987007141113,
                8.40370204789829,
                5.184151538179639,
                1.5,
                1.0033287696447128
            ]
        ],
        [
            [
                -13.165940284729004,
                16.414541244506836,
                6.130622859382813,
                4.195145070802584,
                1.5,
                1.954622459738315
            ]
        ],
        [
            [
                22.9934024810791,
                12.87090015411377,
                4.954448797353122,
                2.836438350774536,
                1.5,
                1.420993190217809
            ]
        ],
        [
            [
                -17.764020919799805,
                -4.112863063812256,
                3.9605972469064152,
                8.756013819309226,
                1.5,
                2.633038302740712
            ]
        ],
        [
            [
                17.511615753173828,
                19.215896606445312,
                3.2172392992920553,
                2.862260000183145,
                1.5,
                1.348772856277141
            ]
        ],
        [
            [
                -9.146082878112793,
                -5.88277006149292,
                5.95705413460991,
                4.883041469882864,
                1.5,
                2.7742981190666303
            ]
        ],
        [
            [
                13.151911735534668,
                8.398214340209961,
                6.2183945319089915,
                7.639550941222793,
                1.5,
                0.8017799575619894
            ]
        ],
        [
            [
                -1.7635427713394165,
                18.007421493530273,
                4.008365084280934,
                2.8649786261822374,
                1.5,
                0.5751024067201177
            ]
        ],
        [
            [
                21.183879852294922,
                -13.852575302124023,
                9.602441007515402,
                3.328788099826024,
                1.5,
                1.5984746420268503
            ]
        ],
        [
            [
                -17.164262771606445,
                5.386700630187988,
                3.135688915634055,
                2.386997382357211,
                1.5,
                0.9213206380767677
            ]
        ],
        [
            [
                -17.06825065612793,
                -19.576680660247803,
                4.883116231033062,
                7.669544037182447,
                1.5,
                1.1985386076101592
            ]
        ],
        [
            [
                5.2692341804504395,
                -16.029525756835938,
                8.16890907675656,
                4.378837569366462,
                1.5,
                1.4943285932097412
            ]
        ],
        [
            [
                12.962515354156494,
                -21.616788864135742,
                2.3271171588496258,
                5.299694496395286,
                1.5,
                1.8102329805796555
            ]
        ],
        [
            [
                -21.100899696350098,
                16.872199058532715,
                4.763644659386113,
                13.208097437194429,
                1.5,
                0.19209995685892767
            ]
        ],
        [
            [
                -15.324845552444458,
                22.083524703979492,
                2.391216313381137,
                5.620147645345879,
                1.5,
                2.17343577755433
            ]
        ],
        [
            [
                -8.200701713562012,
                20.945855140686035,
                2.7767808379058736,
                2.6984025856204408,
                1.5,
                0.32148052623474555
            ]
        ],
        [
            [
                3.3913793563842773,
                3.937335968017578,
                4.178368430964231,
                2.1232039645294485,
                1.5,
                2.255171434274419
            ]
        ],
        [
            [
                -3.8239357471466064,
                -2.1356725692749023,
                2.7971926271277945,
                2.187114883042227,
                1.5,
                3.063861378520413
            ]
        ],
        [
            [
                19.896634221076965,
                -5.00312602519989,
                2.4868062008132474,
                3.0522686688875975,
                1.5,
                0.05094460594939476
            ]
        ],
        [
            [
                -10.406816482543945,
                2.1868152618408203,
                2.667471007842808,
                2.8410045260127905,
                1.5,
                2.0531439733996333
            ]
        ],
        [
            [
                6.995041251182556,
                6.202219545841217,
                2.700559920609069,
                6.798241718614037,
                1.5,
                0.6310096061462992
            ]
        ],
        [
            [
                -22.77150011062622,
                -22.562582075595856,
                3.739196942720099,
                2.3763602016589545,
                1.5,
                0.6685749318115066
            ]
        ],
        [
            [
                -10.089404821395874,
                -22.013895943760872,
                3.680756608275571,
                2.629084843356714,
                1.5,
                1.001216303368806
            ]
        ],
        [
            [
                -4.062575697898865,
                -22.849118530750275,
                3.1860821073088634,
                3.132338858697911,
                1.5,
                0.3786074523141576
            ]
        ],
        [
            [
                -15.14930346608162,
                -10.673337459564209,
                2.1431985880708857,
                3.952581807599961,
                1.5,
                1.2466992397445549
            ]
        ],
        [
            [
                -22.78135311603546,
                -2.891888603568077,
                3.1550459402627444,
                2.43949172900917,
                1.5,
                0.5836232327438521
            ]
        ],
        [
            [
                -10.504844665527344,
                -10.394348502159119,
                3.7211869248954597,
                3.245377651307877,
                1.5,
