{
    "world_name": "subworld-431",
    "width": 50,
    "build_up": 0.43040792,
    "height": -1.0,
    "objects": [
        [
            [
                -5.562251567840576,
                -12.327159881591797,
                15.624668244693883,
                18.241770960452172,
                6.091202093398702,
                1.3003652402147616
            ]
        ],
        [
            [
                5.957505226135254,
                8.717367172241211,
                12.141900181727877,
                17.70151666223039,
                12.050531415554662,
                2.9114000807409095
            ]
        ],
        [
            [
                9.514328002929688,
                -17.897024154663086,
                8.324641682325012,
                7.360179497419178,
                13.95410332272197,
                1.7363569011525681
            ]
        ],
        [
            [
                -16.37164306640625,
                9.26287841796875,
                9.982352139425014,
                3.9401518581107835,
                8.677429679408247,
                0.3247641934399983
            ]
        ],
        [
            [
                -4.962733745574951,
                17.133808135986328,
                2.3875991081910284,
                9.228045823598613,
                7.421287109377733,
                1.0491443134339788
            ]
        ],
        [
            [
                17.61807632446289,
                8.326905250549316,
                4.091500673255412,
                2.250851307974459,
                9.58789392011856,
                2.331789592051486
            ]
        ],
        [
            [
                17.9898624420166,
                -7.463528156280518,
                6.904540021582195,
                6.737165914329605,
                3.882317629843854,
                2.7263016402761804
            ]
        ],
        [
            [
                19.656293869018555,
                -18.13697052001953,
                6.697423620014512,
                2.448546207823732,
                16.77318762462533,
                2.66527253133835
            ]
        ],
        [
            [
                -15.52723503112793,
                0.5375066995620728,
                2.819519210322238,
                3.7062363866272117,
                3.452178188968622,
                2.726081064364388
            ]
        ],
        [
            [
                17.655879974365234,
                20.11787986755371,
                2.9515960521420785,
                2.111426797043123,
                12.065369574773277,
                0.46587438148210825
            ]
        ],
        [
            [
                -6.318385124206543,
                7.874373912811279,
                2.9165963649125946,
                8.154802345337636,
                3.5882409102438455,
                3.0967780590525495
            ]
        ],
        [
            [
                11.923940658569336,
                -2.7676424980163574,
                10.7895355194469,
                2.790436853665671,
                7.444412310509931,
                1.0825326599749774
            ]
        ],
        [
            [
                -20.003427505493164,
                -12.15727424621582,
                2.0000610967594477,
                10.366606850239213,
                5.744100182202889,
                2.3369547878346033
            ]
        ],
        [
            [
                -18.55516242980957,
                -4.008781433105469,
                3.3428332003297676,
                7.432535066745626,
                15.008419836487981,
                1.2580057745142155
            ]
        ],
        [
            [
                -14.808595895767212,
                17.7099666595459,
                2.3299773295858897,
                2.3170651242037144,
                14.66614497353016,
                1.9915362679881472
            ]
        ],
        [
            [
                19.849770069122314,
                16.285369396209717,
                2.7066738488676796,
                4.073541898637686,
                15.186585511475458,
                2.2463371899412294
            ]
        ],
        [
            [
                -20.72715127468109,
                -21.29085421562195,
                2.4944123514990997,
                3.6332420972588224,
                9.675374298909803,
                1.931734946534093
            ]
        ],
        [
            [
                -19.74379926919937,
                -8.18221366405487,
                2.4532530234983985,
                3.2712237402879225,
                5.7955122519862705,
                2.0738292459308303
            ]
        ],
        [
            [
                -22.770978450775146,
                3.0500736236572266,
                3.6431334405088736,
                2.3101105503566712,
                7.036283463623333,
                2.0988803618360894
            ]
        ],
        [
            [
                -21.128457069396973,
                20.038865447044373,
                3.586482250497933,
                2.140507730569687,
                7.8364143943465105,
                1.95064016602226
            ]
        ],
        [
            [
                -9.578323364257812,
                14.975136041641235,
                2.2827007961435952,
                2.5225834687873023,
                4.441250316612804,
                1.9183029724959275
            ]
        ],
        [
            [
                7.943730711936951,
                21.307922840118408,
                2.3852073464229515,
                2.9861807265327878,
                12.517967534297668,
                0.7951845919316775
            ]
        ],
        [
            [
                -15.07706767320633,
                -21.884322069585323,
                3.748804825496763,
                2.7201053039308984,
                6.302033286879433,
                1.0376853109670532
            ]
        ],
        [
            [
                -8.20521855354309,
                -23.127318263053894,
                2.743512298944758,
                2.8936746328034166,
                9.494362376434001,
                0.3953837073754054
            ]
        ],
        [
            [
                4.369663119316101,
                -21.033147931098938,
                2.0568118373291324,
                2.6373721990242034,
                8.553116865723187,
                2.8641937986071824
            ]
        ],
        [
            [
                9.879201829433441,
                -23.463483691215515,
                2.36906096230994,
                2.0074234282227166,
                10.872236491705072,
                0.42186771997204886
            ]
        ],
        [
            [
                15.422925800085068,
                -22.15012091398239,
                2.1042435669374773,
                2.2149456932422398,
                8.160926634718233,
                1.7859122015266313
            ]
        ],
        [
            [
                22.006526798009872,
                -14.80480545759201,
                2.061074647928193,
                2.0611730825102588,
                2.0894296756187485,
                1.3726457906897016
            ]
        ],
        [
            [
                3.6183944046497345,
                -3.057082489132881,
                2.1944542562571465,
                4.888905502432109,
                8.795580903584824,
                1.4461101000113203
            ]
        ],
        [
            [
                -19.897086262702942,
                15.245514005422592,
                2.202490483763404,
                3.019209614724666,
                6.724384147773962,
                3.1316556551252814
            ]
        ],
        [
