{
    "world_name": "subworld-486",
    "width": 50,
    "build_up": 0.37117032,
    "height": 1.5,
    "objects": [
        [
            [
                -8.5078706741333,
                8.253217697143555,
                7.165422244819984,
                6.46814730626015,
                1.5,
                2.4085843619577028
            ]
        ],
        [
            [
                6.805305004119873,
                13.129076957702637,
                5.582537487964689,
                16.245033227052033,
                1.5,
                1.4418223478284349
            ]
        ],
        [
            [
                -7.046640872955322,
                18.05191993713379,
                8.041582260492868,
                4.564544699014314,
                1.5,
                1.9617980034772007
            ]
        ],
        [
            [
                -1.8670928478240967,
                -13.19100284576416,
                13.957090752159763,
                10.615100462958171,
                1.5,
                2.030661200266655
            ]
        ],
        [
            [
                -18.27121353149414,
                6.328009605407715,
                14.323129408428882,
                4.8533732434460015,
                1.5,
                1.7164229221546152
            ]
        ],
        [
            [
                15.277256965637207,
                -11.216838836669922,
                3.6752798860162432,
                5.105166352990556,
                1.5,
                1.9737713341501277
            ]
        ],
        [
            [
                8.110636711120605,
                -3.978875160217285,
                4.825633086590326,
                5.412004994143959,
                1.5,
                3.110763195465451
            ]
        ],
        [
            [
                19.31926918029785,
                0.44914183020591736,
                4.466398235767337,
                10.111136161590105,
                1.5,
                1.005367893380007
            ]
        ],
        [
            [
                -16.84809684753418,
                -11.028964042663574,
                3.32436536080644,
                9.601352950806373,
                1.5,
                2.5517026734216786
            ]
        ],
        [
            [
                19.163299560546875,
                8.499873161315918,
                5.5960222723509006,
                2.0605132007589466,
                1.5,
                1.5771059873670386
            ]
        ],
        [
            [
                -7.39341926574707,
                -2.2327823638916016,
                4.67652078014606,
                9.411684098365626,
                1.5,
                1.9486909658107723
            ]
        ],
        [
            [
                -11.207818031311035,
                -21.771589279174805,
                2.393107309458528,
                2.664704014426621,
                1.5,
                2.8432298090534847
            ]
        ],
        [
            [
                -13.468021392822266,
                -14.164403915405273,
                2.2764490464629814,
                2.053553495123014,
                1.5,
                2.1080468804582355
            ]
        ],
        [
            [
                -19.903905868530273,
                21.370941162109375,
                2.475309121869712,
                3.9561503391113244,
                1.5,
                1.1517998139900236
            ]
        ],
        [
            [
                -17.10377311706543,
                -20.40272283554077,
                5.229955044675305,
                4.116370469193428,
                1.5,
                0.3343689535126433
            ]
        ],
        [
            [
                15.805105209350586,
                -20.250569343566895,
                3.3502786077614664,
                2.0559394635271087,
                1.5,
                0.0782651294009713
            ]
        ],
        [
            [
                -13.043144583702087,
                16.060627460479736,
                2.296308729880291,
                2.4697097402896424,
                1.5,
                0.7436766706607538
            ]
        ],
        [
            [
                9.248730659484863,
                20.883244514465332,
                4.393975800943526,
                3.1071380201169134,
                1.5,
                1.165046495437909
            ]
        ],
        [
            [
                17.75429344177246,
                21.163244247436523,
                2.180637059903386,
                6.72634237589889,
                1.5,
                1.9412386918819502
            ]
        ],
        [
            [
                8.864365100860596,
                4.583974838256836,
                3.6807239220808814,
                2.843651475710745,
                1.5,
                3.078005788155718
            ]
        ],
        [
            [
                -22.41570496559143,
                -20.44108235836029,
                8.318956684461597,
                2.411896398452248,
                1.5,
                1.9091136860417914
            ]
        ],
        [
            [
                -21.07869601249695,
                -5.272027790546417,
                2.0292605703817514,
                2.5635608578839,
                1.5,
                1.358301216166037
            ]
        ],
        [
            [
                10.114630699157715,
                -18.82456962764263,
                10.442579814320993,
                3.2961197948019505,
                1.5,
                1.508344493658198
            ]
        ],
        [
            [
                3.345036268234253,
                -21.614725589752197,
                2.1014716457414218,
                4.706623627059575,
                1.5,
                2.046353935429963
            ]
        ],
        [
            [
                21.84050989151001,
                -20.20222806930542,
                4.524757220341153,
                2.3273305536608677,
                1.5,
                1.6560486045193201
            ]
        ],
        [
            [
                15.548052310943604,
                -3.3532350063323975,
                5.22714155961577,
                2.1094317074161166,
                1.5,
                0.5152169517281073
            ]
        ],
        [
            [
                21.444393396377563,
                -6.625920295715332,
                4.014527512692436,
                2.366034343477665,
                1.5,
                0.14581823051451592
            ]
        ],
        [
            [
                3.0984137058258057,
                3.2145304679870605,
                3.8338749878857037,
                3.5423157612709977,
                1.5,
                2.473204543592769
            ]
        ],
        [
            [
                21.591262578964233,
                16.545403480529785,
                5.277667116004517,
                3.7914109915317287,
                1.5,
                0.8132552092636571
            ]
        ],
        [
            [
                -9.871521890163422,
                -15.858152359724045,
                2.2372227795358026,
                4.405148976413974,
                1.5,
                0.8536506727886933
            ]
        ],
        [
            [
                -22.791325271129608,
                -8.844063460826874,
                2.151224262739084,
                2.2571299771502376,
                1.5,
                2.85923116194249
            ]
        ],
        [
            [
                -22.156432807445526,
                -1.3968960046768188,
                2.409063607164412,
                2.273772185334902,
                1.5,
