{
    "world_name": "subworld-393",
    "width": 50,
    "build_up": 0.36237368,
    "height": 1.5,
    "objects": [
        [
            [
                -13.360758781433105,
                -3.8985660076141357,
                9.192330086446965,
                9.983684481638365,
                1.5,
                1.367836300659147
            ]
        ],
        [
            [
                10.476129531860352,
                1.752382755279541,
                8.07329132777687,
                9.386362397730894,
                1.5,
                1.4194012473849198
            ]
        ],
        [
            [
                -8.42055606842041,
                16.273649215698242,
                5.726881252110674,
                12.532858159875396,
                1.5,
                0.0006713054535278928
            ]
        ],
        [
            [
                -1.6853026151657104,
                -12.73373031616211,
                19.849050199852982,
                4.72081429849606,
                1.5,
                1.4242045090729278
            ]
        ],
        [
            [
                20.398841857910156,
                -4.900226593017578,
                4.503322633732117,
                6.426736983612736,
                1.5,
                3.0805066197513984
            ]
        ],
        [
            [
                -10.038865089416504,
                -16.23785400390625,
                2.280694406884372,
                5.3813785214698555,
                1.5,
                0.2545834277532524
            ]
        ],
        [
            [
                8.716629981994629,
                15.096068382263184,
                6.175281516796703,
                4.277371188814908,
                1.5,
                2.292297885923412
            ]
        ],
        [
            [
                10.059121131896973,
                -8.277307510375977,
                2.2548131177092676,
                5.75032549513771,
                1.5,
                2.9071170233354158
            ]
        ],
        [
            [
                -17.145421981811523,
                10.77869987487793,
                2.012472037533092,
                3.656060620259298,
                1.5,
                2.970752307915693
            ]
        ],
        [
            [
                21.251697540283203,
                -15.48209285736084,
                4.978630568865558,
                2.511918199605275,
                1.5,
                1.2838544616129075
            ]
        ],
        [
            [
                9.73568344116211,
                -21.764007568359375,
                8.963620456252464,
                2.4052352956518677,
                1.5,
                2.796187223329458
            ]
        ],
        [
            [
                19.778671264648438,
                13.450364112854004,
                5.593931592478644,
                4.0150499154603265,
                1.5,
                1.879661006646903
            ]
        ],
        [
            [
                0.4941720962524414,
                19.407669067382812,
                4.831000198063497,
                3.0829091519390306,
                1.5,
                0.4791208347470737
            ]
        ],
        [
            [
                -3.8372762203216553,
                1.7077116966247559,
                2.343032121205616,
                4.76330138406519,
                1.5,
                0.11775819686345068
            ]
        ],
        [
            [
                -18.978084564208984,
                -17.53449821472168,
                3.0089697264723148,
                5.569010044031256,
                1.5,
                1.2363378510018272
            ]
        ],
        [
            [
                6.484246253967285,
                -14.094879150390625,
                6.907726855108102,
                3.798691036746342,
                1.5,
                2.2644974103613356
            ]
        ],
        [
            [
                14.504656076431274,
                -14.524610042572021,
                2.1264872495134686,
                10.198147238093945,
                1.5,
                2.8216066467368455
            ]
        ],
        [
            [
                -16.320703506469727,
                18.368101596832275,
                3.116218570941235,
                6.547060535012722,
                1.5,
                3.021551185791666
            ]
        ],
        [
            [
                17.338491439819336,
                20.20891284942627,
                3.04323371132622,
                3.3792100716990454,
                1.5,
                1.6192907895434956
            ]
        ],
        [
            [
                -19.219384044408798,
                -23.13821315765381,
                2.6046237916507478,
                2.623654959865454,
                1.5,
                1.6801699103663972
            ]
        ],
        [
            [
                -5.699567973613739,
                -23.633676528930664,
                2.9130263232142735,
                2.1337987755122505,
                1.5,
                3.1149452295642632
            ]
        ],
        [
            [
                -6.223145015537739,
                -15.983393430709839,
                2.0319219490689413,
                2.2712075436840657,
                1.5,
                2.272111548988878
            ]
        ],
        [
            [
                -22.623491525650024,
                -8.206566214561462,
                2.826806916249345,
                7.09108548454287,
                1.5,
                0.26286155627206287
            ]
        ],
        [
            [
                20.15981698036194,
                -22.093148946762085,
                3.0507231593114312,
                5.228016324126108,
                1.5,
                0.8312812487592575
            ]
        ],
        [
            [
                4.8838266134262085,
                -6.813602983951569,
                3.3265198029891345,
                2.3869289893434336,
                1.5,
                2.7857646229137556
            ]
        ],
        [
            [
                -21.600905656814575,
                8.616474390029907,
                2.6557747637611206,
                2.322929328229315,
                1.5,
                1.7979041887951326
            ]
        ],
        [
            [
                -10.378313064575195,
                4.725219368934631,
                2.2772665740693165,
                2.0187181329305153,
                1.5,
                2.993039713775727
            ]
        ],
        [
            [
                -2.06931734085083,
                9.909204959869385,
                2.374688052104882,
                2.499243600698979,
                1.5,
                1.9270389007236457
            ]
        ],
        [
            [
                -23.058350086212158,
                19.37212038040161,
                2.8930242051149384,
                2.1828632742070426,
                1.5,
                0.05452447650615255
            ]
        ],
        [
            [
                -23.00373601913452,
                15.746689081192017,
                2.5495306184836073,
                3.332042379734889,
                1.5,
                0.11438635650415385
            ]
        ],
        [
            [
                -1.8232851028442383,
                23.33136510848999,
                2.410507290272084,
                2.3108517403376365,
                1.5,
                0.8519951189068621
            ]
        ],
        [
            [
                20.96107292175293,
                3.9669852256774902,
                3.8278188157801623,
                4.108455687142625,
                1.5,
