{
    "world_name": "subworld-468",
    "width": 50,
    "build_up": 0.36733764,
    "height": -1.0,
    "objects": [
        [
            [
                -11.547950744628906,
                1.0219045877456665,
                5.413536300240428,
                15.782807201499095,
                3.4297547993163904,
                1.5804643417648576
            ]
        ],
        [
            [
                1.6814419031143188,
                -11.435705184936523,
                2.788954799184764,
                9.498267974271997,
                4.444655859475269,
                2.987039350794669
            ]
        ],
        [
            [
                -8.55018138885498,
                13.878729820251465,
                6.854691615575149,
                3.508605034520058,
                13.167600065450737,
                1.64364489615066
            ]
        ],
        [
            [
                9.647550582885742,
                -3.1200380325317383,
                9.89731088745074,
                4.562854450679394,
                6.8701367415630985,
                2.895775308304861
            ]
        ],
        [
            [
                -8.771929740905762,
                -15.181862831115723,
                2.0025381411281185,
                8.896007126273254,
                12.396984363175822,
                1.033756813359977
            ]
        ],
        [
            [
                -5.704959392547607,
                -9.301423072814941,
                7.176591176136268,
                2.341062517830622,
                4.386886699957916,
                2.197931473489464
            ]
        ],
        [
            [
                7.3636345863342285,
                9.725787162780762,
                7.922239624902447,
                2.171842641953237,
                17.906894028902855,
                2.404539599430656
            ]
        ],
        [
            [
                21.224315643310547,
                -4.271798133850098,
                17.785648418096144,
                2.7997212807387704,
                18.954388332885582,
                1.8359578057293424
            ]
        ],
        [
            [
                11.079880714416504,
                18.451879501342773,
                5.341195496278765,
                2.92816213374035,
                17.545456586751705,
                0.3927984875058652
            ]
        ],
        [
            [
                15.495383262634277,
                -20.67584228515625,
                3.462420364646993,
                2.10201390491793,
                2.1883210095188432,
                0.7044701685240041
            ]
        ],
        [
            [
                -16.3435001373291,
                -8.52258014678955,
                5.063893933286071,
                8.66079970529649,
                17.645749450991374,
                2.527602356290296
            ]
        ],
        [
            [
                0.12887993454933167,
                7.222692966461182,
                6.000591495605903,
                3.249183168159319,
                6.505551669672151,
                3.005295471468135
            ]
        ],
        [
            [
                -15.34385871887207,
                14.861528396606445,
                3.712726008325057,
                15.40200941232128,
                5.090259932438623,
                0.05493537613371102
            ]
        ],
        [
            [
                18.729236602783203,
                9.714101791381836,
                7.281747399987332,
                3.2139000655771968,
                4.133175630750953,
                0.1562531605320252
            ]
        ],
        [
            [
                20.917627334594727,
                21.707256317138672,
                2.4942898071740913,
                3.1368274323278564,
                10.911196960187102,
                2.554548354311896
            ]
        ],
        [
            [
                5.3924174308776855,
                22.007226943969727,
                5.7019054345857585,
                3.5141309643447896,
                10.261780529184275,
                0.11150387005562301
            ]
        ],
        [
            [
                -11.710157573223114,
                -19.82047128677368,
                2.21253735569561,
                3.0176713409870537,
                18.579001285628834,
                2.3911928873194066
            ]
        ],
        [
            [
                -18.32095193862915,
                -16.673190593719482,
                3.817931199855754,
                5.662418564923868,
                15.143300125472937,
                1.0632480785381486
            ]
        ],
        [
            [
                9.442858695983887,
                -15.564590454101562,
                2.7291434300611437,
                9.588380325620138,
                18.046949263945926,
                2.868007219683449
            ]
        ],
        [
            [
                -4.566099643707275,
                21.506242752075195,
                5.378990572157983,
                3.5897334011965154,
                19.43784509749552,
                0.6608534044233126
            ]
        ],
        [
            [
                -22.35169506072998,
                15.371142625808716,
                9.131053445144389,
                2.297982553648696,
                6.361228921133572,
                1.613517908995335
            ]
        ],
        [
            [
                16.26455783843994,
                15.72261381149292,
                4.403419426909511,
                2.42378777360757,
                4.190175428566368,
                0.4515822019390685
            ]
        ],
        [
            [
                -19.90437626838684,
                -22.330881595611572,
                2.994299793899766,
                2.3736956742646913,
                3.184458284548527,
                1.8273012908131325
            ]
        ],
        [
            [
                -21.673160314559937,
                -7.383166074752808,
                3.2176241537313004,
                3.189535648887927,
                5.1322169786578815,
                0.1261054331472342
            ]
        ],
        [
            [
                22.30047345161438,
                -20.287582397460938,
                6.451568251586182,
                2.1510060522650196,
                10.929809080820423,
                1.6760734309161704
            ]
        ],
        [
            [
                18.145922243595123,
                -7.489674210548401,
                5.111065453133422,
                3.4389153872902143,
                14.815715322233302,
                1.8891260274205168
            ]
        ],
        [
            [
                2.512389898300171,
                16.031946420669556,
                4.105798297469205,
                2.8055062312188674,
                6.917721934711026,
                1.3726543595137257
            ]
        ],
        [
            [
                21.260981798171997,
                15.893979787826538,
                4.484354799997627,
                2.7680735711366946,
                7.162865051039313,
                2.0641799818870488
            ]
        ],
        [
            [
                -23.065338969230652,
                -22.77897834777832,
                2.4489075223148618,
                2.4373400031424466,
                3.262694347958488,
                0.42135848896181294
            ]
        ],
        [
            [
                -15.192674964666367,
                -22.715898871421814,
                2.6234284278971165,
                2.3345389824721527,
                5.8890265658068905,
                0.11385642766330983
            ]
        ],
        [
            [
