{
    "world_name": "subworld-89",
    "width": 50,
    "build_up": 0.39416768,
    "height": -1.0,
    "objects": [
        [
            [
                2.8719518184661865,
                -9.520517349243164,
                8.20428871723405,
                15.249845162667757,
                16.428924051342612,
                2.811133102877542
            ]
        ],
        [
            [
                12.81466007232666,
                7.059957504272461,
                6.844514842598265,
                12.99256225312392,
                12.042716829651237,
                2.404503018604808
            ]
        ],
        [
            [
                -13.425573348999023,
                -2.4528071880340576,
                11.124659325406618,
                18.745300976231317,
                5.109512263571745,
                1.4837379600813294
            ]
        ],
        [
            [
                2.499912977218628,
                9.75965690612793,
                12.696024075638423,
                2.2703641824716074,
                12.358316699898548,
                0.5678981221582378
            ]
        ],
        [
            [
                15.612391471862793,
                -17.46697235107422,
                8.472141981738142,
                8.679573849611657,
                7.030890003314815,
                1.6471775715033734
            ]
        ],
        [
            [
                -19.61553192138672,
                13.139904022216797,
                4.68486900447124,
                3.4195879379243754,
                9.64659686823167,
                0.9528734013325344
            ]
        ],
        [
            [
                -15.413022994995117,
                -16.8404541015625,
                5.674628480528218,
                12.254314320615984,
                3.7549722325461663,
                1.0555924283967064
            ]
        ],
        [
            [
                -13.742947578430176,
                19.85919761657715,
                6.688345952418487,
                3.933963887419682,
                16.30252237076745,
                1.9631689686344767
            ]
        ],
        [
            [
                -3.897841453552246,
                17.4708194732666,
                5.603720646172038,
                4.189691145050537,
                3.3591807539569642,
                1.9120987284932662
            ]
        ],
        [
            [
                6.92318058013916,
                18.735538482666016,
                5.577200722594528,
                2.051694514359465,
                18.10954922131429,
                2.9107402324041347
            ]
        ],
        [
            [
                16.46438217163086,
                -2.5026297569274902,
                15.812839329026684,
                3.694933784988999,
                11.398797552361978,
                0.9841691961637852
            ]
        ],
        [
            [
                21.526684761047363,
                -7.073816776275635,
                3.634227045093979,
                2.2095490924705805,
                15.276882404642102,
                1.0909310585570577
            ]
        ],
        [
            [
                -11.32702350616455,
                10.385365962982178,
                5.203932469676626,
                5.032734666517229,
                9.029854005415844,
                1.2104920757095856
            ]
        ],
        [
            [
                -20.880764961242676,
                21.424381256103516,
                3.190354364542292,
                2.590514571185198,
                2.482265599817965,
                1.4750488200305145
            ]
        ],
        [
            [
                16.987977981567383,
                19.948986053466797,
                6.806721848850152,
                3.9136310037300674,
                7.082035805228528,
                2.634393572443627
            ]
        ],
        [
            [
                -21.739846229553223,
                -22.19449472427368,
                2.618214976251654,
                3.6903996825701366,
                13.604934058615378,
                1.9848465505074275
            ]
        ],
        [
            [
                -4.152109622955322,
                -19.504184424877167,
                2.6909254737680937,
                4.1971694157762975,
                15.624863048501249,
                0.7442914377874368
            ]
        ],
        [
            [
                8.833061218261719,
                -22.751401901245117,
                2.8869477123924243,
                2.630319496247915,
                12.980672322845173,
                2.009387528478266
            ]
        ],
        [
            [
                -20.514339208602905,
                7.409143090248108,
                2.601655629441164,
                2.421646675785794,
                8.84421053578042,
                2.2548092143856096
            ]
        ],
        [
            [
                -5.693074822425842,
                9.028680086135864,
                2.5276485478870607,
                2.072121574611061,
                6.510845184654533,
                0.618944647849728
            ]
        ],
        [
            [
                23.06255340576172,
                9.874699592590332,
                4.126242821444814,
                2.1703624822546073,
                9.881617263932837,
                1.3775933599890728
            ]
        ],
        [
            [
                8.33090090751648,
                23.069907188415527,
                2.1491488843949424,
                6.77372460730828,
                19.95599578531009,
                1.6753366422329912
            ]
        ],
        [
            [
                -1.7934356927871704,
                -22.43662017583847,
                2.170335438932997,
                2.301207452654654,
                8.346299487897305,
                1.3225845620969223
            ]
        ],
        [
            [
                -22.612805604934692,
                -10.005456924438477,
                2.516704491638904,
                3.9811007824552362,
                13.23351656115412,
                1.472357691654917
            ]
        ],
        [
            [
                2.9647580087184906,
                -22.153630554676056,
                2.5012138296348647,
                2.2343464077286708,
                5.609180738523921,
                1.6193780175618142
            ]
        ],
        [
            [
                8.471638977527618,
                -16.898220777511597,
                2.918455356925538,
                2.350364880696051,
                10.60408742668901,
                1.6889453630238724
            ]
        ],
        [
            [
                22.459006667137146,
                -15.989867508411407,
                2.2977210143076636,
                2.191904629671519,
                3.7440147913167117,
                0.4388722944103167
            ]
        ],
        [
            [
                -10.039279639720917,
                21.720133170485497,
                2.712260625105605,
                2.1743828018792035,
                4.891378746068041,
                0.7338092259077308
            ]
        ],
        [
            [
                3.2777127623558044,
                2.2072681188583374,
                2.7773044972750283,
                2.98519291877035,
                8.630799312868472,
                2.5417226005846296
            ]
        ],
        [
            [
                2.958678975701332,
                22.85910928249359,
                2.3962048066968333,
                2.0966430227052957,
                15.048834077785989,
                0.7274226472344362
            ]
        ],
        [
            [
