{
    "world_name": "subworld-230",
    "width": 50,
    "build_up": 0.39147896,
    "height": 1.5,
    "objects": [
        [
            [
                0.7151515483856201,
                -12.660618782043457,
                12.857918027994328,
                16.642497968655924,
                1.5,
                2.5830790106217756
            ]
        ],
        [
            [
                -12.95794677734375,
                11.724749565124512,
                14.028086383742309,
                3.685307801479676,
                1.5,
                1.6128212041736931
            ]
        ],
        [
            [
                4.735312461853027,
                7.6436991691589355,
                12.798688265022822,
                2.6294219083169352,
                1.5,
                0.11778533946483671
            ]
        ],
        [
            [
                -20.128496170043945,
                -13.913808822631836,
                5.029857239320959,
                19.24790251844368,
                1.5,
                0.031858210966196454
            ]
        ],
        [
            [
                17.452186584472656,
                -17.616750717163086,
                2.4682096022792113,
                7.898757793993935,
                1.5,
                0.9690043655469208
            ]
        ],
        [
            [
                16.627601623535156,
                17.346813201904297,
                3.1260891330774037,
                8.261093064448694,
                1.5,
                2.1505196111771556
            ]
        ],
        [
            [
                -8.37315845489502,
                -1.517295479774475,
                8.044452385910752,
                3.628123209426997,
                1.5,
                0.5458822610780143
            ]
        ],
        [
            [
                11.132372856140137,
                1.388543725013733,
                2.0060323703832514,
                15.54761164538807,
                1.5,
                1.8172531281994002
            ]
        ],
        [
            [
                2.4937844276428223,
                14.324615478515625,
                2.266017692029965,
                5.7975396667415575,
                1.5,
                0.0240218225324782
            ]
        ],
        [
            [
                -18.78557014465332,
                3.4236345291137695,
                5.6959082164541375,
                4.067036753311774,
                1.5,
                0.5116843272478315
            ]
        ],
        [
            [
                -10.640528678894043,
                21.242258071899414,
                13.669298826656547,
                2.5224094837420927,
                1.5,
                2.880505054676047
            ]
        ],
        [
            [
                14.036471366882324,
                -5.130121231079102,
                2.241149423300289,
                6.180810584146844,
                1.5,
                1.1641784013163832
            ]
        ],
        [
            [
                -10.266362190246582,
                -23.005481719970703,
                2.1702210209818613,
                7.092000201759377,
                1.5,
                1.7712071897103883
            ]
        ],
        [
            [
                -7.263587951660156,
                -7.56982946395874,
                2.8364592071087333,
                5.377124653350682,
                1.5,
                2.7391089470503207
            ]
        ],
        [
            [
                -12.729545816779137,
                -10.108503103256226,
                3.760083483214017,
                2.5429387362708447,
                1.5,
                1.6225257047236885
            ]
        ],
        [
            [
                7.309566974639893,
                -3.5936965942382812,
                2.2041140572748166,
                2.9015069392343937,
                1.5,
                1.3513444505347958
            ]
        ],
        [
            [
                20.849509239196777,
                -6.880551815032959,
                6.5108840147215545,
                2.5462154062644613,
                1.5,
                0.9238287145834486
            ]
        ],
        [
            [
                -19.77211332321167,
                17.193577766418457,
                4.63569646259562,
                3.7095586036030443,
                1.5,
                2.052503893740025
            ]
        ],
        [
            [
                -6.393775939941406,
                9.662424802780151,
                5.398896050508199,
                2.4871186634637,
                1.5,
                2.962645287541575
            ]
        ],
        [
            [
                8.18879508972168,
                21.57144546508789,
                2.860082139772584,
                4.629053986790685,
                1.5,
                3.129048860448817
            ]
        ],
        [
            [
                8.284889221191406,
                15.000027179718018,
                2.0470057032983977,
                5.10632489859732,
                1.5,
                0.41620157000318847
            ]
        ],
        [
            [
                20.3294358253479,
                10.458528995513916,
                6.267200855285492,
                2.2317928937234486,
                1.5,
                2.2525469347741063
            ]
        ],
        [
            [
                7.992522478103638,
                -22.540203094482422,
                2.3656360405444596,
                3.4321650135700987,
                1.5,
                1.6548840605340893
            ]
        ],
        [
            [
                9.858699560165405,
                -17.905614495277405,
                3.8377965131332084,
                2.063903418626298,
                1.5,
                2.6206212676385165
            ]
        ],
        [
            [
                -21.47456169128418,
                9.148618459701538,
                3.095194716191238,
                2.106405558871352,
                1.5,
                0.13522499742295646
            ]
        ],
        [
            [
                -7.70592737197876,
                5.712756037712097,
                2.210215238906187,
                3.182796997896359,
                1.5,
                2.4057596303249236
            ]
        ],
        [
            [
                -4.355591058731079,
                15.343554973602295,
                2.7538993900785416,
                2.516046028863744,
                1.5,
                2.5445995870529963
            ]
        ],
        [
            [
                2.3325862884521484,
                22.70043683052063,
                2.7160112223122983,
                2.865225552412539,
                1.5,
                0.0585506156172253
            ]
        ],
        [
            [
                -14.627635300159454,
                -21.607471466064453,
                2.1631697295731334,
                2.029447395736352,
                1.5,
                2.098038388149677
            ]
        ],
        [
            [
                -9.834940046072006,
                -20.349249958992004,
                2.6152187862857925,
                2.0702409728202724,
                1.5,
                0.06456095635454018
            ]
        ],
        [
            [
                -4.480218052864075,
                -23.452857613563538,
                2.197082707628177,
                2.7978354961735725,
                1.5,
                1.7233518498273972
            ]
        ],
        [
            [
                -17.319319486618042,
                -1.5151433944702148,
                2.178504022404589,
                2.2632362378636817,
                1.5,
