{
    "world_name": "subworld-122",
    "width": 50,
    "build_up": 0.38967968,
    "height": -1.0,
    "objects": [
        [
            [
                -1.3021340370178223,
                -2.9734368324279785,
                17.384116476525,
                9.241456566289713,
                7.331722418885019,
                2.2003295442091892
            ]
        ],
        [
            [
                1.2382473945617676,
                14.934425354003906,
                8.162413038394075,
                8.312812243794784,
                13.885791174829667,
                0.8847620804531834
            ]
        ],
        [
            [
                -18.815731048583984,
                19.019529342651367,
                3.2623122414678036,
                6.130599677692707,
                8.829281715704179,
                0.9468153789158121
            ]
        ],
        [
            [
                -16.078290939331055,
                -3.121074914932251,
                7.367619062289279,
                7.017612881136717,
                7.37569361596435,
                1.921155435732333
            ]
        ],
        [
            [
                20.73906898498535,
                7.448122978210449,
                2.472042548873571,
                2.5151865400156925,
                12.341610206035199,
                0.3483987225348999
            ]
        ],
        [
            [
                -1.132657766342163,
                -17.9660587310791,
                11.997514060567509,
                2.0291921655985057,
                12.567500354630829,
                0.1196387914814594
            ]
        ],
        [
            [
                15.745497703552246,
                -17.8723201751709,
                2.2614488072059524,
                6.045143859038566,
                5.676425306987024,
                0.07681176592205952
            ]
        ],
        [
            [
                12.834636688232422,
                7.73851203918457,
                11.662114357164814,
                5.671196109269115,
                10.5294730981005,
                1.2599826769881355
            ]
        ],
        [
            [
                -12.4981050491333,
                9.554770469665527,
                5.500852062979773,
                2.1435735271398233,
                2.9095978287077298,
                0.7390007096028175
            ]
        ],
        [
            [
                17.702049255371094,
                -4.268667697906494,
                8.672406775553792,
                7.167005177531107,
                8.559543596485259,
                0.802957132233687
            ]
        ],
        [
            [
                21.34075927734375,
                -13.358441352844238,
                3.2503531015129106,
                2.937087644722235,
                6.058959088846979,
                1.7914839654064887
            ]
        ],
        [
            [
                -8.535109519958496,
                -12.80359172821045,
                2.140761063851346,
                11.113842071020663,
                5.5798737740087505,
                2.206296637550895
            ]
        ],
        [
            [
                -18.207773208618164,
                -16.609498977661133,
                16.471091443061837,
                4.381632017174053,
                12.517876584117559,
                2.046183294154188
            ]
        ],
        [
            [
                16.93781280517578,
                18.871673583984375,
                4.535796546314066,
                8.255622288117442,
                7.945613678067467,
                1.6177516099476104
            ]
        ],
        [
            [
                9.558234930038452,
                -13.37160074710846,
                2.0371317091179106,
                7.726939299789251,
                10.910864326653925,
                2.9167836088884824
            ]
        ],
        [
            [
                10.128744840621948,
                -22.2616548538208,
                4.064035075391391,
                2.252355716266421,
                4.334700261196096,
                1.0648791021029775
            ]
        ],
        [
            [
                7.214458465576172,
                -20.58006763458252,
                4.573743087801451,
                2.170932165782402,
                8.951893038168778,
                1.0840197651483263
            ]
        ],
        [
            [
                -20.902963638305664,
                7.063286781311035,
                2.935836664407735,
                7.899627440917321,
                13.165714890736306,
                2.878499991989889
            ]
        ],
        [
            [
                -11.009028673171997,
                21.188135147094727,
                3.569943599601892,
                2.286364272641248,
                8.117337102266019,
                0.4875788782028827
            ]
        ],
        [
            [
                19.89051055908203,
                14.336517333984375,
                2.1224352543163447,
                4.756897458887669,
                12.920009869007218,
                1.2589074471893469
            ]
        ],
        [
            [
                -8.02256953716278,
                -22.92033624649048,
                2.0122365349378737,
                4.557331335314926,
                6.8353563047209445,
                1.1215512570683401
            ]
        ],
        [
            [
                -9.181329488754272,
                -7.881693601608276,
                2.7589558506096195,
                5.892894857518523,
                12.566426618673423,
                2.4592662774120666
            ]
        ],
        [
            [
                21.569769859313965,
                -22.047979831695557,
                6.147716858673421,
                2.4937331280825363,
                2.814872399096628,
                2.9515897905826054
            ]
        ],
        [
            [
                -5.784939140081406,
                9.984216690063477,
                2.637740014326693,
                4.119367020709387,
                15.364743734674452,
                1.7536978692172105
            ]
        ],
        [
            [
                -5.326294660568237,
                19.258944034576416,
                4.8188433144054645,
                2.2065977866698465,
                15.05341686935826,
                0.8014233688660957
            ]
        ],
        [
            [
                4.531978964805603,
                3.5290608406066895,
                2.263219972772819,
                3.6441434794577603,
                14.803323019452604,
                2.3077376773118132
            ]
        ],
        [
            [
                7.48890483379364,
                20.923290967941284,
                2.918875990403283,
                3.3161962189550405,
                13.278475291548851,
                0.1438718482591812
            ]
        ],
        [
            [
                -22.504190981388092,
                -22.782723426818848,
                2.0180692120482924,
                2.6343440877260575,
                13.525827159551318,
                0.7208651213134839
            ]
        ],
        [
            [
                -22.80411583185196,
                -16.09231385588646,
                2.8122840401796445,
                2.173167222793194,
                2.827658510251474,
                2.373585841055196
            ]
        ],
        [
            [
                -2.027294158935547,
                -22.79518300294876,
                2.773809796354705,
                3.2501690777742316,
                7.034184400791817,
                1.6877970249134644
            ]
        ],
        [
            [
