{
    "world_name": "subworld-7",
    "width": 50,
    "build_up": 0.42885992,
    "height": 20.0,
    "objects": [
        [
            [
                10.701804161071777,
                -16.885345458984375,
                10.802554448577691,
                11.987704228036371,
                20.0,
                1.4444538713007695
            ]
        ],
        [
            [
                8.665217399597168,
                8.896728515625,
                11.375746751448235,
                2.1130011994874023,
                20.0,
                1.0945829744598088
            ]
        ],
        [
            [
                -7.649696350097656,
                13.254591941833496,
                16.694230079265083,
                11.006681320466937,
                20.0,
                1.577309853934381
            ]
        ],
        [
            [
                -13.941956520080566,
                -6.113903522491455,
                16.628715796103755,
                13.613507893532566,
                20.0,
                0.20638771137680822
            ]
        ],
        [
            [
                15.608112335205078,
                -0.4245634973049164,
                12.474835904897215,
                6.238203764344947,
                20.0,
                2.6779796284305
            ]
        ],
        [
            [
                -10.780211448669434,
                -20.733545303344727,
                7.634730474911866,
                2.9771154798211192,
                20.0,
                0.13482748752321294
            ]
        ],
        [
            [
                -19.149629592895508,
                9.118609428405762,
                13.024983637781588,
                2.0362002161705286,
                20.0,
                1.3636974820648893
            ]
        ],
        [
            [
                18.496578216552734,
                10.455826759338379,
                7.248193677986143,
                3.0178216934276834,
                20.0,
                1.0122835446102303
            ]
        ],
        [
            [
                3.5528931617736816,
                -6.80789852142334,
                4.45881658029313,
                2.9316388532524753,
                20.0,
                0.6227895192115472
            ]
        ],
        [
            [
                5.260769844055176,
                20.94576072692871,
                4.85576729020093,
                6.425053890680294,
                20.0,
                1.8254143483248466
            ]
        ],
        [
            [
                16.79024314880371,
                20.67363929748535,
                9.779639713409786,
                3.8336369533595125,
                20.0,
                3.1407058125318374
            ]
        ],
        [
            [
                0.1764204502105713,
                -15.717925071716309,
                3.3217287179941484,
                2.1988374406966127,
                20.0,
                2.091896769918848
            ]
        ],
        [
            [
                -20.207970142364502,
                -20.39528179168701,
                2.88604274143556,
                5.310293463940415,
                20.0,
                1.8527031097638273
            ]
        ],
        [
            [
                -22.124863624572754,
                18.12563180923462,
                2.102515589360049,
                10.900506967859418,
                20.0,
                2.818806557726539
            ]
        ],
        [
            [
                2.9062681198120117,
                7.25845193862915,
                2.3588956952887736,
                3.139016781800003,
                20.0,
                2.8220768470094546
            ]
        ],
        [
            [
                -2.9021706581115723,
                -19.24191665649414,
                3.5723695196199508,
                2.3878165549139587,
                20.0,
                1.7037678707431545
            ]
        ],
        [
            [
                -4.645425081253052,
                -15.667571544647217,
                4.052601844212697,
                3.2966657985770857,
                20.0,
                0.7431617789196251
            ]
        ],
        [
            [
                -1.7138681411743164,
                -2.224106788635254,
                2.36678655033159,
                2.2008358649362187,
                20.0,
                2.2846157547457633
            ]
        ],
        [
            [
                21.259493112564087,
                -19.354746878147125,
                2.4734235708044467,
                3.6148637116282982,
                20.0,
                0.2690089510628877
            ]
        ],
        [
            [
                -17.031400084495544,
                19.98352873325348,
                2.2270896893608136,
                3.1574563272827234,
                20.0,
                0.2613744485044762
            ]
        ],
        [
            [
                1.7084040641784668,
                11.144981384277344,
                2.185890004637528,
                2.2947381481706177,
                20.0,
                0.010002453269478906
            ]
        ],
        [
            [
                3.8847198486328125,
                15.386629343032837,
                3.27626619947592,
                5.215428059855553,
                20.0,
                1.6680714940433927
            ]
        ],
        [
            [
                -8.657716453075409,
                -15.502212017774582,
                3.493996332840635,
                2.2471008918654363,
                20.0,
                0.8745254421358484
            ]
        ],
        [
            [
                -1.6521224975585938,
                -8.691644728183746,
                2.383834498332548,
                2.18525275411833,
                20.0,
                2.6626983697543185
            ]
        ],
        [
            [
                22.778325974941254,
                -14.59345006942749,
                4.104828263651671,
                2.3972758128709657,
                20.0,
                0.08826758717317973
            ]
        ],
        [
            [
                10.652154088020325,
                -8.256543040275574,
                2.3689285795422648,
                2.2921653917982514,
                20.0,
                0.02324702922888333
            ]
        ],
        [
            [
                9.887212574481964,
                -4.803622364997864,
                3.049233156952911,
                2.188263873992163,
                20.0,
                0.12324752111101223
            ]
        ],
        [
            [
                15.168055176734924,
                -8.72756439447403,
                3.9664726936123937,
                2.2642614907444893,
                20.0,
                0.3217887750858788
            ]
        ],
        [
            [
                21.43065595626831,
                -9.322868581861258,
                2.0547446526681346,
                2.5168430191421667,
                20.0,
                0.9929309684077553
            ]
        ],
        [
            [
                -23.133192539215088,
                11.334025621414185,
                2.0169662934356563,
                2.0470628465038883,
                20.0,
                1.7066175079376291
            ]
        ],
        [
            [
                -3.204370342195034,
                2.1456587314605713,
                4.890807867167235,
                2.287163895755449,
                20.0,
                0.006847829950349382
            ]
        ],
        [
            [
                2.1971582770347595,
                2.849359482526779,
                2.796667424196176,
