{
    "world_name": "subworld-181",
    "width": 50,
    "build_up": 0.36218864,
    "height": -1.0,
    "objects": [
        [
            [
                6.0802130699157715,
                -14.02547550201416,
                7.502727387213914,
                8.257802866516535,
                3.6297195410779945,
                2.710585853880093
            ]
        ],
        [
            [
                -11.639602661132812,
                11.594393730163574,
                8.951991684318877,
                8.573976276893562,
                11.068233909272282,
                2.914799900346222
            ]
        ],
        [
            [
                4.54240083694458,
                1.6909452676773071,
                5.695740095034138,
                10.35432760169644,
                11.119014738311584,
                0.6287731018440419
            ]
        ],
        [
            [
                -9.083353996276855,
                -11.662480354309082,
                6.443258635102589,
                4.276031800907812,
                7.130925949682132,
                1.2799383891987985
            ]
        ],
        [
            [
                16.347023010253906,
                -16.818836212158203,
                2.1073689120676957,
                2.6914612271416596,
                11.85379684712399,
                1.3405803414975277
            ]
        ],
        [
            [
                20.46873664855957,
                13.38769817352295,
                4.642080732278386,
                2.3589321443777607,
                9.587436634471082,
                0.13348392242978635
            ]
        ],
        [
            [
                5.012837886810303,
                12.635540008544922,
                5.397240957230832,
                5.174949889104068,
                7.852975213745518,
                0.3152548307242198
            ]
        ],
        [
            [
                -22.168659210205078,
                3.300494432449341,
                8.631253981518649,
                2.5075082628125096,
                4.148192893444031,
                1.5079556335287492
            ]
        ],
        [
            [
                18.510427474975586,
                -6.531222820281982,
                6.10884919085351,
                2.8870582491727106,
                15.109735663934988,
                3.0235040946791596
            ]
        ],
        [
            [
                9.642451286315918,
                19.372695922851562,
                2.988836979030898,
                11.953697628331847,
                17.00926714668911,
                1.5059291079497452
            ]
        ],
        [
            [
                -19.22997283935547,
                -15.06651782989502,
                3.8856398834268537,
                11.669382433843593,
                19.33637557202178,
                2.7592742805998762
            ]
        ],
        [
            [
                11.868243217468262,
                10.5410737991333,
                3.3461102757534538,
                4.770662970845959,
                6.704572016255356,
                1.6130925664607452
            ]
        ],
        [
            [
                0.8426010012626648,
                -6.711947917938232,
                4.181555496496695,
                2.4625702578368087,
                7.7190421788311365,
                0.510545516361381
            ]
        ],
        [
            [
                -7.5939788818359375,
                20.91555404663086,
                3.330950926048768,
                16.883074619254565,
                19.66044089483653,
                1.5446960769298252
            ]
        ],
        [
            [
                16.257686614990234,
                2.189800262451172,
                9.918123425902351,
                4.679116580499953,
                15.325163880520154,
                0.6992320370029846
            ]
        ],
        [
            [
                -7.704473972320557,
                -4.037916660308838,
                8.115901970266957,
                2.3431026559765042,
                8.331272774523468,
                2.668736064995561
            ]
        ],
        [
            [
                -5.6764912605285645,
                -20.827667236328125,
                2.4390518639879906,
                8.687101044975556,
                13.784989663625668,
                1.247270699585442
            ]
        ],
        [
            [
                -21.79067039489746,
                14.28336238861084,
                2.433206467859722,
                7.335624978576494,
                17.743043166283222,
                0.1441992509288641
            ]
        ],
        [
            [
                -16.75968837738037,
                -4.958710193634033,
                2.656022897445882,
                2.341760904544074,
                19.757036396773522,
                3.113482838370615
            ]
        ],
        [
            [
                -14.304708480834961,
                -20.58283042907715,
                7.9740460631228025,
                2.191181350514146,
                17.173344153872698,
                1.507717067299122
            ]
        ],
        [
            [
                -17.424673080444336,
                3.530776023864746,
                5.698677167604009,
                5.955354515277831,
                6.700530032834799,
                3.1057160130225308
            ]
        ],
        [
            [
                -22.15088129043579,
                -4.362019777297974,
                3.112662994292422,
                5.24686738013218,
                19.334185203000654,
                2.9996852194107353
            ]
        ],
        [
            [
                -22.84376096725464,
                -10.092176675796509,
                2.097175866783534,
                4.1698397028390914,
                11.830437892342408,
                0.1816107671961158
            ]
        ],
        [
            [
                21.730993032455444,
                -18.196390867233276,
                2.1413117189326134,
                3.4407733678400585,
                10.649826781623432,
                2.703151540356221
            ]
        ],
        [
            [
                16.1291766166687,
                -21.821953535079956,
                6.643104512986679,
                3.1682820203052273,
                5.452768034353315,
                2.880257837911083
            ]
        ],
        [
            [
                -3.200026273727417,
                5.97028848528862,
                3.2945141405014673,
                4.699928200720738,
                16.29078837631872,
                2.2245406272378996
            ]
        ],
        [
            [
                20.722620248794556,
                19.118120163679123,
                5.261921680546262,
                2.09993271507492,
                12.697580818197546,
                2.633547571435635
            ]
        ],
        [
            [
                -22.57331734895706,
                -22.94682216644287,
                2.3107772329609504,
                3.354861687434287,
                18.911156825494757,
                1.3443563929488394
            ]
        ],
        [
            [
                -3.1537288278341293,
                -16.151125729084015,
                3.254102200213415,
                2.647376977241546,
                10.70239051510498,
                1.7602539203216527
            ]
        ],
        [
            [
                -3.5827492773532867,
                -1.7237331867218018,
                2.503151345588202,
                2.137920226814144,
                12.128839306292988,
                0.21369084538693972
            ]
        ],
        [
            [
