{
    "world_name": "subworld-55",
    "width": 50,
    "build_up": 0.33486232,
    "height": 1.5,
    "objects": [
        [
            [
                13.603559494018555,
                11.541805267333984,
                12.15825441737689,
                8.121651658892926,
                1.5,
                1.0018409279541984
            ]
        ],
        [
            [
                -8.516803741455078,
                -11.711535453796387,
                2.3318850884321174,
                4.157506339385736,
                1.5,
                2.1511358273954855
            ]
        ],
        [
            [
                -3.1461281776428223,
                1.8962656259536743,
                3.395816567513157,
                6.25050065553504,
                1.5,
                0.8104211767281356
            ]
        ],
        [
            [
                -13.243719100952148,
                -2.748422384262085,
                14.59534394490204,
                3.5400269768402888,
                1.5,
                2.9138226109542256
            ]
        ],
        [
            [
                2.018653392791748,
                -18.762798309326172,
                10.863527779478172,
                4.093569747571712,
                1.5,
                0.038454364589349144
            ]
        ],
        [
            [
                10.618888854980469,
                -10.517306327819824,
                3.5906528743207584,
                2.1559424154975884,
                1.5,
                1.5927049584413813
            ]
        ],
        [
            [
                -14.375656127929688,
                16.905981063842773,
                4.150802061473497,
                3.6429352216232713,
                1.5,
                1.5889263793710684
            ]
        ],
        [
            [
                20.6164493560791,
                -18.50629425048828,
                2.3478750787232507,
                2.5711135080177145,
                1.5,
                0.9455113334179095
            ]
        ],
        [
            [
                13.674365997314453,
                -4.988418102264404,
                5.781304322649055,
                4.832853246833811,
                1.5,
                2.571817676413181
            ]
        ],
        [
            [
                -17.877843856811523,
                8.594347953796387,
                4.039993209854837,
                10.942715884107301,
                1.5,
                0.6386287387961831
            ]
        ],
        [
            [
                -3.643253803253174,
                17.72901153564453,
                5.878208463951896,
                3.332901638525053,
                1.5,
                2.1686944946481934
            ]
        ],
        [
            [
                -18.30859375,
                -12.463869094848633,
                11.160619209370747,
                3.0543389611252367,
                1.5,
                1.953187820194418
            ]
        ],
        [
            [
                19.58768653869629,
                -11.016195297241211,
                5.272304392381943,
                3.0133104852442623,
                1.5,
                2.4904679821976514
            ]
        ],
        [
            [
                -8.556727409362793,
                -20.535310745239258,
                3.638314137701209,
                3.319823285467158,
                1.5,
                0.2235124728847251
            ]
        ],
        [
            [
                3.922497272491455,
                -7.400034427642822,
                4.2389854059730645,
                6.162979104312924,
                1.5,
                2.1317349969605575
            ]
        ],
        [
            [
                2.837777853012085,
                7.014524936676025,
                3.229574438641208,
                6.765330793937514,
                1.5,
                0.4973952574172371
            ]
        ],
        [
            [
                21.977628707885742,
                2.9854648113250732,
                2.776145607127301,
                11.926431970803197,
                1.5,
                0.07160258763511318
            ]
        ],
        [
            [
                4.599644184112549,
                18.745094299316406,
                2.424925782156132,
                6.338179817137932,
                1.5,
                3.120218424589015
            ]
        ],
        [
            [
                11.955159187316895,
                -21.321741104125977,
                2.942267389040979,
                2.554679018152563,
                1.5,
                2.6921341776726555
            ]
        ],
        [
            [
                -20.74356174468994,
                17.00149440765381,
                3.3696830439162095,
                5.9470884669290065,
                1.5,
                2.0414212390505755
            ]
        ],
        [
            [
                19.989075183868408,
                20.655189514160156,
                5.6126584234664385,
                3.1686364355510683,
                1.5,
                2.3835086512103647
            ]
        ],
        [
            [
                -22.347579956054688,
                -21.39875292778015,
                2.9431885302250693,
                2.846649035880232,
                1.5,
                1.4572517082226089
            ]
        ],
        [
            [
                15.211162090301514,
                -15.302640914916992,
                2.623240112100522,
                5.039781058864534,
                1.5,
                0.7758230516102694
            ]
        ],
        [
            [
                -8.74117136001587,
                8.662813663482666,
                4.101682193641759,
                2.5098696626590677,
                1.5,
                1.437214109668174
            ]
        ],
        [
            [
                -19.250511407852173,
                22.883731842041016,
                2.119772279449341,
                2.095700952892038,
                1.5,
                0.13291842291710432
            ]
        ],
        [
            [
                -11.087865352630615,
                23.721158981323242,
                2.1352809595834685,
                2.1955646172040892,
                1.5,
                3.0423697665216753
            ]
        ],
        [
            [
                15.687578201293945,
                21.500014066696167,
                3.8862566303291537,
                2.1055676535196985,
                1.5,
                1.1181249863449338
            ]
        ],
        [
            [
                -15.135088950395584,
                -21.381601005792618,
                3.1398340460040544,
                4.038253169642649,
                1.5,
                1.043627872214521
            ]
        ],
        [
            [
                -23.449074029922485,
                -14.523305296897888,
                2.1918802443236607,
                2.9135484675721717,
                1.5,
                0.011309581322824114
            ]
        ],
        [
            [
                -14.693244457244873,
                -9.415771599859,
                2.6660225796625383,
                2.883775241056644,
                1.5,
                2.0931783673627997
            ]
        ],
        [
            [
                -2.4170437455177307,
                -9.61866657435894,
                3.056517306342868,
                3.1017055497253274,
                1.5,
                1.1318751739266801
            ]
        ],
        [
            [
                10.49703574180603,
                -15.887312114238739,
                2.6446101095755257,
                3.7103160143176375,
                1.5,
