{
    "world_name": "subworld-332",
    "width": 50,
    "build_up": 0.39396856,
    "height": 20.0,
    "objects": [
        [
            [
                -0.0284894909709692,
                11.039887428283691,
                2.01367367632269,
                19.293618987631202,
                20.0,
                1.9490968945400229
            ]
        ],
        [
            [
                14.972865104675293,
                -15.330536842346191,
                7.203848743766802,
                13.516105194122726,
                20.0,
                0.24848893779030612
            ]
        ],
        [
            [
                -12.971864700317383,
                1.5526118278503418,
                17.796229861630252,
                4.834431796824087,
                20.0,
                2.127336802592545
            ]
        ],
        [
            [
                16.846158981323242,
                4.59293794631958,
                3.8412136472703873,
                5.843546027110347,
                20.0,
                2.7199766129847713
            ]
        ],
        [
            [
                -15.583313941955566,
                -16.730714797973633,
                4.175908725670155,
                3.3339940293881773,
                20.0,
                2.9552866361678145
            ]
        ],
        [
            [
                0.047833506017923355,
                -18.175548553466797,
                9.53374310852466,
                7.890458955982644,
                20.0,
                0.3515682852741524
            ]
        ],
        [
            [
                -17.819135665893555,
                16.82668685913086,
                11.321562659751669,
                2.2740154120641316,
                20.0,
                0.7678226324557519
            ]
        ],
        [
            [
                15.789342880249023,
                19.564966201782227,
                10.771691534289875,
                3.2251083640354166,
                20.0,
                0.31500791315882704
            ]
        ],
        [
            [
                -19.984474182128906,
                -7.706432819366455,
                4.23374037059355,
                5.366328892917855,
                20.0,
                1.6029567540105052
            ]
        ],
        [
            [
                19.2886962890625,
                14.162856101989746,
                8.736080704506985,
                6.1674883340517805,
                20.0,
                0.3303853954464442
            ]
        ],
        [
            [
                2.5287795066833496,
                0.12734854221343994,
                2.087211155500289,
                14.693977939767917,
                20.0,
                1.240832956424329
            ]
        ],
        [
            [
                -1.5434352159500122,
                -8.787346839904785,
                5.355244584577204,
                16.2586092210363,
                20.0,
                1.9439065336320909
            ]
        ],
        [
            [
                -6.885892391204834,
                15.549810409545898,
                2.0170162925201742,
                6.463311464904881,
                20.0,
                1.4279995053222951
            ]
        ],
        [
            [
                -20.518836975097656,
                3.4632925987243652,
                13.313804018458294,
                2.2706011683689056,
                20.0,
                2.1132970608508908
            ]
        ],
        [
            [
                14.583876609802246,
                -2.7434282302856445,
                2.164891086538748,
                2.947048939479224,
                20.0,
                1.872508453258983
            ]
        ],
        [
            [
                -21.764911651611328,
                22.38182258605957,
                6.3159849602961575,
                2.2434211244684583,
                20.0,
                0.03370631799244972
            ]
        ],
        [
            [
                20.894566535949707,
                -7.453648090362549,
                7.424288335313963,
                4.040985659819882,
                20.0,
                2.0525371692180676
            ]
        ],
        [
            [
                -6.394554138183594,
                21.0795955657959,
                3.443009681689925,
                2.847323104709217,
                20.0,
                2.0277649297780544
            ]
        ],
        [
            [
                6.97054386138916,
                5.978549957275391,
                5.80789808156943,
                2.4823846567609276,
                20.0,
                2.139450474085988
            ]
        ],
        [
            [
                3.8523731231689453,
                17.909639358520508,
                3.1570898229151734,
                2.028979442578275,
                20.0,
                1.3178133048573384
            ]
        ],
        [
            [
                23.32262897491455,
                2.3195953369140625,
                2.1920466130404,
                2.1525433734013983,
                20.0,
                0.803307904365114
            ]
        ],
        [
            [
                3.4622697830200195,
                3.125,
                2.1001702951011083,
                3.442547144404438,
                20.0,
                3.125558329507871
            ]
        ],
        [
            [
                -21.773224115371704,
                -16.647602081298828,
                3.2465988061686675,
                2.380196735245725,
                20.0,
                1.5270286486588065
            ]
        ],
        [
            [
                -8.80521035194397,
                -20.822473526000977,
                2.4270019981983912,
                4.872690620888899,
                20.0,
                2.9100876653130694
            ]
        ],
        [
            [
                22.15513253211975,
                8.457772970199585,
                6.182008186512845,
                2.038838868191054,
                20.0,
                1.891288259268267
            ]
        ],
        [
            [
                -21.728753328323364,
                -22.4468891620636,
                3.274031657699852,
                3.5905188664507177,
                20.0,
                1.2764971843173922
            ]
        ],
        [
            [
                -14.82187557220459,
                -21.813557635992765,
                2.7859994434933757,
                3.8374039191381577,
                20.0,
                1.4643210546471388
            ]
        ],
        [
            [
                -9.035359174013138,
                -16.749239802360535,
                2.9680174186261334,
                2.2417602263268677,
                20.0,
                0.2428260388318726
            ]
        ],
        [
            [
                -20.742087602615356,
                -2.4480773210525513,
                2.034736716570598,
                3.3475620622304225,
                20.0,
                1.6111573554619718
            ]
        ],
        [
            [
                -4.20115053653717,
                -2.549330413341522,
                2.5108515648226493,
                2.413193411752954,
                20.0,
                2.2712342819732423
            ]
        ],
        [
            [
                9.55257998406887,
                -21.03244721889496,
                2.2919799969344368,
                2.8908506467685378,
                20.0,
                2.685995130429285
            ]
        ],
        [
            [
                8.296615362167358,
                -16.182384073734283,
                3.2155633581670227,
                2.8610378468658855,
