{
    "world_name": "subworld-313",
    "width": 50,
    "build_up": 0.39538208,
    "height": -1.0,
    "objects": [
        [
            [
                -4.668447494506836,
                -13.856743812561035,
                15.960556662179465,
                7.01185871608738,
                17.43941028336518,
                2.6428592384652796
            ]
        ],
        [
            [
                11.980896949768066,
                -17.519187927246094,
                8.18324267111976,
                3.3080173394961445,
                5.196934922288769,
                0.15953076327154547
            ]
        ],
        [
            [
                -5.028949737548828,
                6.502358913421631,
                13.782512050221404,
                10.557700133534679,
                13.945031114735261,
                2.487274852616437
            ]
        ],
        [
            [
                13.839962005615234,
                -3.3720309734344482,
                5.655617620335688,
                3.96713382852075,
                13.172977239117154,
                0.6222670463966091
            ]
        ],
        [
            [
                5.02255916595459,
                20.240928649902344,
                6.37496790178391,
                2.0387381418579777,
                7.280814530889511,
                0.2855621282513232
            ]
        ],
        [
            [
                13.507939338684082,
                11.464729309082031,
                4.00486980678561,
                4.897007367085224,
                3.4712987974530964,
                0.7661754913228741
            ]
        ],
        [
            [
                -18.868412017822266,
                -16.294845581054688,
                11.963204404215597,
                2.800729491753307,
                17.694091825479177,
                1.5560421557592492
            ]
        ],
        [
            [
                -17.52947235107422,
                2.4689061641693115,
                3.2348765760053944,
                4.52061974407367,
                6.030139294134793,
                1.2725313402983343
            ]
        ],
        [
            [
                2.161264419555664,
                13.86041259765625,
                4.268266809726972,
                3.9032532847635117,
                2.4642885918023976,
                2.032629210697733
            ]
        ],
        [
            [
                6.90385627746582,
                -9.312858581542969,
                4.544438495240693,
                2.8202649077044306,
                2.583354151918018,
                1.4983579594167395
            ]
        ],
        [
            [
                -8.487303733825684,
                19.11701774597168,
                2.9233282473549487,
                3.5076120042326826,
                18.505598715158897,
                2.1680179642823676
            ]
        ],
        [
            [
                -20.4366397857666,
                -5.374194145202637,
                3.3476996371434473,
                4.300715030062371,
                15.258155798676405,
                0.29145780356443307
            ]
        ],
        [
            [
                20.13796043395996,
                16.94968605041504,
                2.023116923302243,
                3.1207179614360703,
                3.3991760712189754,
                0.6630731222621836
            ]
        ],
        [
            [
                -17.782175064086914,
                14.153903007507324,
                7.433475627788843,
                5.191718551032681,
                19.747696516521383,
                1.5432401977989372
            ]
        ],
        [
            [
                -8.846162796020508,
                -2.4771876335144043,
                12.047104361702761,
                2.051460847070439,
                13.848687071130007,
                2.370374203525571
            ]
        ],
        [
            [
                19.882333755493164,
                -21.439586639404297,
                4.881393729415232,
                4.926336325173311,
                5.408714713390955,
                0.601935137374113
            ]
        ],
        [
            [
                21.358766555786133,
                -4.432151794433594,
                9.225973561588281,
                2.0178515427493675,
                14.733178801961582,
                1.5208947586637767
            ]
        ],
        [
            [
                9.1145658493042,
                2.919167995452881,
                4.2379838020861875,
                11.046006566186001,
                15.991403434682237,
                2.059812837981589
            ]
        ],
        [
            [
                22.72983741760254,
                -15.835752487182617,
                2.0754983531204765,
                3.713993979919056,
                2.10886962393307,
                1.7367550309572473
            ]
        ],
        [
            [
                13.874206781387329,
                18.69628143310547,
                4.380763574240833,
                3.588719449867047,
                9.236374846555842,
                1.6619286722332327
            ]
        ],
        [
            [
                19.718477249145508,
                6.650752544403076,
                7.367141735598784,
                6.651700162503244,
                17.042111604021564,
                1.071768269716121
            ]
        ],
        [
            [
                15.908709287643433,
                22.72428607940674,
                6.692899871664542,
                2.7346563636187264,
                19.67093574562654,
                0.01865287819344008
            ]
        ],
        [
            [
                -7.235198676586151,
                -22.735414505004883,
                7.08226727896636,
                2.490019520234718,
                17.258565357046855,
                0.14180560511248586
            ]
        ],
        [
            [
                -9.713541030883789,
                -20.218546152114868,
                4.5476075450948255,
                2.37291025900344,
                3.226485865854084,
                0.2757537862117747
            ]
        ],
        [
            [
                15.188288450241089,
                -22.66868281364441,
                2.699423509136822,
                4.2091011950877775,
                10.317196648568562,
                0.060622999745167494
            ]
        ],
        [
            [
                2.5156874656677246,
                -2.881774425506592,
                2.88361880891288,
                4.471356435815725,
                13.787106993771685,
                2.738597030183338
            ]
        ],
        [
            [
                -16.841546773910522,
                21.582324266433716,
                4.188814692265648,
                2.319106470704386,
                13.610388848952601,
                2.382487269365138
            ]
        ],
        [
            [
                -2.2661092281341553,
                17.794838428497314,
                3.0180893122340575,
                6.448640639537423,
                5.784684579781854,
                2.9734172650443744
            ]
        ],
        [
            [
                8.252112627029419,
                7.1400004625320435,
                3.795761756241742,
                3.053496381111446,
                10.407762446876763,
                0.7653042333184167
            ]
        ],
        [
            [
                -14.839112102985382,
                -21.37204945087433,
                2.1887897452997893,
                2.616546517794902,
                18.111023664851785,
                2.9975616109823653
            ]
        ],
        [
            [
