{
    "world_name": "subworld-323",
    "width": 50,
    "build_up": 0.37638964,
    "height": 1.5,
    "objects": [
        [
            [
                1.2538069486618042,
                -10.509668350219727,
                11.978408446157509,
                16.460004978490996,
                1.5,
                3.0643635901996236
            ]
        ],
        [
            [
                -0.19027622044086456,
                6.418071746826172,
                7.25510386267082,
                16.690565812699006,
                1.5,
                1.461536846105583
            ]
        ],
        [
            [
                16.552785873413086,
                19.064359664916992,
                6.378422155432989,
                6.263449294823092,
                1.5,
                0.48789055784188484
            ]
        ],
        [
            [
                16.077190399169922,
                -0.6323696970939636,
                3.618223242290486,
                18.582390075304566,
                1.5,
                2.5896517078342605
            ]
        ],
        [
            [
                -13.442179679870605,
                12.867208480834961,
                18.189196845022686,
                2.247773242921004,
                1.5,
                1.7786998616302108
            ]
        ],
        [
            [
                -11.648794174194336,
                -13.80621337890625,
                3.7737579348475503,
                7.837936278451381,
                1.5,
                2.028948906065792
            ]
        ],
        [
            [
                -18.39264678955078,
                -18.09756088256836,
                3.6494540356975866,
                2.0334196657835504,
                1.5,
                1.882252417072002
            ]
        ],
        [
            [
                -1.987022042274475,
                18.472421646118164,
                4.905933660495631,
                4.0513570561119625,
                1.5,
                1.0614927878919267
            ]
        ],
        [
            [
                5.621258735656738,
                17.327863693237305,
                5.307691302225278,
                2.485630072399548,
                1.5,
                1.0047521347770738
            ]
        ],
        [
            [
                20.066747665405273,
                -19.389848709106445,
                4.583368074347602,
                4.318239014843779,
                1.5,
                1.0908323413908938
            ]
        ],
        [
            [
                -14.577167510986328,
                -8.085258483886719,
                2.105746726066813,
                16.27597969627398,
                1.5,
                2.009831767681023
            ]
        ],
        [
            [
                -17.258726119995117,
                -1.8508644104003906,
                13.030380549125212,
                3.6577310328739294,
                1.5,
                0.8727509048756299
            ]
        ],
        [
            [
                -6.411439418792725,
                -20.623550415039062,
                2.9552459160297593,
                2.174475683161921,
                1.5,
                2.4035997474792463
            ]
        ],
        [
            [
                12.527324693277478,
                -14.687903881072998,
                4.757545917705715,
                6.314892893680556,
                1.5,
                1.769959186555848
            ]
        ],
        [
            [
                -19.598044395446777,
                11.25293481349945,
                2.5937267923567315,
                5.030224923364836,
                1.5,
                2.0015403521201893
            ]
        ],
        [
            [
                -19.804527282714844,
                18.813526153564453,
                2.3963294954013934,
                2.813449997367899,
                1.5,
                0.9298501660967088
            ]
        ],
        [
            [
                -20.2881498336792,
                4.279758453369141,
                4.324549647108821,
                2.676972728460372,
                1.5,
                0.8233425860735583
            ]
        ],
        [
            [
                -15.274013757705688,
                -23.15262269973755,
                2.222446062833371,
                2.159596172857201,
                1.5,
                2.16806546530708
            ]
        ],
        [
            [
                20.542952179908752,
                -5.88762703537941,
                2.0853576181439473,
                2.4940664226957168,
                1.5,
                2.714762185645019
            ]
        ],
        [
            [
                -8.679456233978271,
                21.15468144416809,
                3.4480021254363145,
                2.70189565747341,
                1.5,
                2.686395502557218
            ]
        ],
        [
            [
                -22.387773275375366,
                -22.567437887191772,
                2.4336190312789925,
                2.1155438074981805,
                1.5,
                1.274224075869035
            ]
        ],
        [
            [
                -9.42759120836854,
                -22.96509349346161,
                2.0151004160730936,
                2.286016582600833,
                1.5,
                2.0495765116529476
            ]
        ],
        [
            [
                -2.322648048400879,
                -21.983898796141148,
                2.0466615627059874,
                2.1532494915154112,
                1.5,
                1.027806897538854
            ]
        ],
        [
            [
                -23.153868198394775,
                -3.206117868423462,
                2.0722832145827517,
                2.9782373609669723,
                1.5,
                2.836852803614498
            ]
        ],
        [
            [
                4.20683479309082,
                -21.44242113828659,
                3.1244824073217004,
                2.4847772779782704,
                1.5,
                2.2289722781711765
            ]
        ],
        [
            [
                9.016973853111267,
                -21.81703907623887,
                2.713003691640165,
                3.6187109135980213,
                1.5,
                1.0034436154875568
            ]
        ],
        [
            [
                15.073299825191498,
                -23.086726665496826,
                2.7636951838755826,
                2.274673690575162,
                1.5,
                2.3216886668393117
            ]
        ],
        [
            [
                21.483859181404114,
                -14.018465280532837,
                3.5219324089678716,
                2.5545572898284297,
                1.5,
                3.013458815954926
            ]
        ],
        [
            [
                8.20464551448822,
                -1.7260609865188599,
                2.4702811625509526,
                2.0148989433583435,
                1.5,
                2.463923484358327
            ]
        ],
        [
            [
                15.647395679727197,
                -9.648361206054688,
                2.625452140540909,
                2.242068196778787,
                1.5,
                1.0247232832364057
            ]
        ],
        [
            [
                -14.986183881759644,
                7.874976277351379,
                2.0333358240850012,
                2.151874093966696,
                1.5,
                0.29507860145606735
            ]
        ],
        [
            [
                -23.825796365737915,
                21.927624735981226,
                3.41816214523691,
                2.0103703345788686,
                1.5,
