{
    "world_name": "subworld-420",
    "width": 50,
    "build_up": 0.4509704,
    "height": 20.0,
    "objects": [
        [
            [
                -9.264357566833496,
                11.370953559875488,
                18.2210080529837,
                19.123850599336137,
                20.0,
                1.6495581457231563
            ]
        ],
        [
            [
                14.520013809204102,
                1.6916290521621704,
                15.368465482862778,
                3.5767876169811457,
                20.0,
                0.7995848334243931
            ]
        ],
        [
            [
                1.5791280269622803,
                -9.994111061096191,
                19.539217908031304,
                3.065637042542556,
                20.0,
                2.1840958093958545
            ]
        ],
        [
            [
                -15.555868148803711,
                -14.7471923828125,
                12.548384504010775,
                2.124605654113017,
                20.0,
                0.1958371775207779
            ]
        ],
        [
            [
                17.40474510192871,
                -16.95246124267578,
                9.51746796893765,
                6.6996935070504815,
                20.0,
                2.296465840788551
            ]
        ],
        [
            [
                -10.726377487182617,
                -2.7925031185150146,
                2.470577958579285,
                4.258870544832341,
                20.0,
                1.2464115224589727
            ]
        ],
        [
            [
                -2.1280438899993896,
                -18.984210968017578,
                13.356725278422545,
                2.479055573879491,
                20.0,
                2.695763394104165
            ]
        ],
        [
            [
                14.944538116455078,
                -5.291268348693848,
                13.396920822949918,
                3.420541878284336,
                20.0,
                0.8365558211802918
            ]
        ],
        [
            [
                9.638142585754395,
                13.91261100769043,
                6.49350981731939,
                12.917574775887937,
                20.0,
                1.2878575682599702
            ]
        ],
        [
            [
                19.785167694091797,
                12.999581336975098,
                3.6126659357229505,
                3.6563557789075882,
                20.0,
                2.7863625015394273
            ]
        ],
        [
            [
                -17.810930252075195,
                -7.452879428863525,
                5.923051926622243,
                7.318056998655141,
                20.0,
                0.6166218326928633
            ]
        ],
        [
            [
                -17.303160667419434,
                -20.434874534606934,
                3.208335478745833,
                10.386145296504171,
                20.0,
                1.5569841788466345
            ]
        ],
        [
            [
                -10.143127202987671,
                -8.61137080192566,
                2.2537000044739424,
                2.29359628673431,
                20.0,
                1.5402389354210755
            ]
        ],
        [
            [
                20.61328125,
                -6.957065582275391,
                2.8331213670571476,
                4.757229047408382,
                20.0,
                1.433126613313133
            ]
        ],
        [
            [
                -21.780399322509766,
                3.069622039794922,
                2.264613415495008,
                2.466878279575936,
                20.0,
                1.6214409187815435
            ]
        ],
        [
            [
                8.057505130767822,
                7.276279449462891,
                4.372237139247319,
                5.633094909106456,
                20.0,
                2.4114828376593582
            ]
        ],
        [
            [
                18.579250812530518,
                20.42438316345215,
                7.585000895866377,
                3.0855936238859627,
                20.0,
                2.2299589888367013
            ]
        ],
        [
            [
                -2.9487979412078857,
                -23.344045639038086,
                5.066633089571227,
                2.1437114044275623,
                20.0,
                2.9545069789900236
            ]
        ],
        [
            [
                -6.185112006962299,
                -8.583355903625488,
                2.1502324223452645,
                3.0909794788204876,
                20.0,
                1.560400993467932
            ]
        ],
        [
            [
                9.390846014022827,
                -20.510679721832275,
                3.200846361002754,
                2.5442252746063563,
                20.0,
                2.045561699393218
            ]
        ],
        [
            [
                5.237393379211426,
                -7.143313884735107,
                2.0771754032514105,
                4.86416422583116,
                20.0,
                0.912354155724641
            ]
        ],
        [
            [
                3.471191167831421,
                -2.898036241531372,
                3.2235865508072434,
                3.5235908938177625,
                20.0,
                1.5814355942847385
            ]
        ],
        [
            [
                4.342069864273071,
                2.8152027130126953,
                4.833959083780647,
                2.0585496257038423,
                20.0,
                1.2321696671521833
            ]
        ],
        [
            [
                8.580426692962646,
                21.36855936050415,
                3.0740095454198872,
                2.046716882511139,
                20.0,
                2.1463857465416893
            ]
        ],
        [
            [
                -7.851491451263428,
                -23.616100072860718,
                3.002691937847608,
                2.424005856794144,
                20.0,
                3.133824086297161
            ]
        ],
        [
            [
                -23.316333770751953,
                -8.662432312965393,
                2.082213127702953,
                3.1974631162270017,
                20.0,
                2.838663394599821
            ]
        ],
        [
            [
                -22.845018684864044,
                -2.067309856414795,
                4.061362980918119,
                2.1413847669534243,
                20.0,
                0.06593791237166258
            ]
        ],
        [
            [
                -15.415597721934319,
                -1.4562619924545288,
                2.590478069607618,
                2.1378351457954663,
                20.0,
                1.5068696273386024
            ]
        ],
        [
            [
                10.251796782016754,
                -23.449535250663757,
                2.026364103999383,
                2.6908116177360424,
                20.0,
                2.0582512091722074
            ]
        ],
        [
            [
                22.63007640838623,
                -22.264172166585922,
                2.190585233833022,
                2.6439557134565885,
                20.0,
                2.5536923389041286
            ]
        ],
        [
            [
                20.751352667808533,
                -9.882296562194824,
                2.5139033849713743,
                2.1202464160618875,
                20.0,
                1.347589251311603
            ]
        ],
        [
            [
                22.841213941574097,
                -2.035928249359131,
                3.076428097536771,
                3.6008599803732304,
