{
    "world_name": "subworld-61",
    "width": 50,
    "build_up": 0.38418184,
    "height": -1.0,
    "objects": [
        [
            [
                -6.219573497772217,
                9.408050537109375,
                10.391479977779593,
                7.439648228533094,
                7.5529041340254714,
                2.0064375863183006
            ]
        ],
        [
            [
                14.139001846313477,
                -15.310402870178223,
                17.803961706254867,
                4.676798755604098,
                3.9249002358019522,
                0.9608353137009231
            ]
        ],
        [
            [
                -16.791479110717773,
                -9.596481323242188,
                10.724749871118794,
                7.545253640768945,
                11.925676773833024,
                0.02169519874535153
            ]
        ],
        [
            [
                -6.247915744781494,
                -15.515501022338867,
                4.401035099332146,
                9.431487640516053,
                15.004543729339392,
                2.8239320560223518
            ]
        ],
        [
            [
                14.12363052368164,
                9.339271545410156,
                16.998451181938435,
                4.121928110901157,
                11.697105685483857,
                1.311764143852918
            ]
        ],
        [
            [
                4.1432881355285645,
                14.801582336425781,
                4.510417102007222,
                3.007932759778156,
                15.681726071065262,
                2.973886142330084
            ]
        ],
        [
            [
                2.8084206581115723,
                -8.75944709777832,
                11.544285960699852,
                4.461935717187303,
                14.528104842696496,
                2.70507490652618
            ]
        ],
        [
            [
                -3.4070065021514893,
                20.303037643432617,
                3.119670809631705,
                14.574657652172307,
                16.27271125300666,
                1.544751110341274
            ]
        ],
        [
            [
                -19.29995346069336,
                8.822628021240234,
                9.80229426855482,
                2.6631329139171434,
                9.400076520034348,
                1.3315522598811347
            ]
        ],
        [
            [
                19.664793014526367,
                -2.0085558891296387,
                4.882697003843288,
                4.8855090507319865,
                14.55801713650203,
                2.3741366280890777
            ]
        ],
        [
            [
                5.464649677276611,
                0.036700837314128876,
                2.6122799680304816,
                6.354260976215019,
                2.1147338739567054,
                0.34828075346997944
            ]
        ],
        [
            [
                1.7258789539337158,
                -18.666301727294922,
                7.171563100628077,
                5.004369551335966,
                16.914820698604657,
                0.9474570972300292
            ]
        ],
        [
            [
                -21.260358810424805,
                -21.169528007507324,
                3.912179855958013,
                2.073842375698356,
                18.5987549061423,
                0.0730753332520162
            ]
        ],
        [
            [
                20.627955436706543,
                -22.133289337158203,
                2.221570626951058,
                2.4348733567506446,
                19.28100289265824,
                2.971908729083151
            ]
        ],
        [
            [
                -18.0483078956604,
                19.02445888519287,
                2.759812109631813,
                4.71356799227633,
                12.227735903056196,
                1.195737929063456
            ]
        ],
        [
            [
                7.667759895324707,
                21.193623542785645,
                4.069737891401185,
                2.694670249777613,
                9.380017099381586,
                0.7898201055964608
            ]
        ],
        [
            [
                20.571701049804688,
                12.161019086837769,
                3.349204098722965,
                13.520531041335762,
                11.499570258505848,
                2.7956585673981325
            ]
        ],
        [
            [
                12.716157272458076,
                21.07949924468994,
                2.2199236351081484,
                4.05907186164013,
                14.720570208235388,
                1.2065232376943171
            ]
        ],
        [
            [
                -15.406669616699219,
                -18.519489854574203,
                2.395939651216903,
                3.448307184031197,
                7.492738450529485,
                1.440131928967368
            ]
        ],
        [
            [
                -2.793189764022827,
                -22.803240299224854,
                2.300831482053938,
                3.868728122088563,
                2.402291939175724,
                2.164931840212323
            ]
        ],
        [
            [
                -4.5417280197143555,
                -2.378295660018921,
                3.425169764702976,
                2.502777204850434,
                6.142256924664409,
                0.21906386399037614
            ]
        ],
        [
            [
                4.157658576965332,
                8.765904903411865,
                2.2614590187437944,
                5.219486588818738,
                18.004582494710192,
                1.6747896766649766
            ]
        ],
        [
            [
                23.154067993164062,
                6.714018672704697,
                3.4040567291512196,
                2.785939803409535,
                7.339521083184191,
                0.10107082248897936
            ]
        ],
        [
            [
                6.789084017276764,
                17.076199054718018,
                3.2819191428230794,
                2.0558995112747502,
                11.008792962992457,
                3.010365476739871
            ]
        ],
        [
            [
                -16.298643469810486,
                -22.1221891194582,
                2.4609688023328316,
                2.018994002073712,
                12.059289793205359,
                1.0095328756587783
            ]
        ],
        [
            [
                -20.914877593517303,
                -16.83993124961853,
                2.628440256573406,
                3.0464916928018946,
                19.89078728319713,
                1.1915489290839376
            ]
        ],
        [
            [
                -7.968376040458679,
                -23.045881390571594,
                2.3497476974598466,
                2.075259716757556,
                16.913422520512462,
                2.7144878649943056
            ]
        ],
        [
            [
                -21.906163530424237,
                -2.3743813037872314,
                2.957092534990931,
                3.5504274484299634,
                14.248475150118928,
                2.6640211201726016
            ]
        ],
        [
            [
                -16.460325300693512,
                -2.940541461110115,
                4.313452105022048,
                2.6493434675550533,
                10.353388780749865,
                0.08508290204110192
            ]
        ],
        [
            [
                -9.728243321180344,
                -2.800029933452606,
                2.916098122547936,
                2.5998464922518956,
                8.938560684243848,
                1.5496744787894958
            ]
        ],
        [
