{
    "world_name": "subworld-171",
    "width": 50,
    "build_up": 0.38814536,
    "height": -1.0,
    "objects": [
        [
            [
                -20.787485122680664,
                -13.370927810668945,
                6.176920989168057,
                3.777949912058461,
                4.959298033969866,
                1.4370888735899725
            ]
        ],
        [
            [
                -7.8824782371521,
                -4.951094150543213,
                19.187530032226096,
                13.65617292899954,
                4.7647894360675345,
                2.2816358894275535
            ]
        ],
        [
            [
                14.750365257263184,
                11.645895004272461,
                10.444639396174509,
                13.638605696788227,
                4.062061160119098,
                2.259704997627478
            ]
        ],
        [
            [
                -16.19777488708496,
                18.102401733398438,
                5.921301019842518,
                5.818023256164443,
                12.245493103523472,
                0.9244740898159218
            ]
        ],
        [
            [
                14.827757835388184,
                -3.9657769203186035,
                7.6317588734565955,
                2.2802600222796356,
                4.977490105284886,
                0.3841787336387994
            ]
        ],
        [
            [
                13.427203178405762,
                -18.89425277709961,
                6.7870785654268655,
                2.6344486600878905,
                7.831445698440459,
                1.2858483183324134
            ]
        ],
        [
            [
                6.071615695953369,
                -18.751907348632812,
                3.0101298877715004,
                4.362627857528232,
                5.875930790447476,
                0.22627620438201146
            ]
        ],
        [
            [
                -2.0929462909698486,
                4.478565692901611,
                2.21269811397556,
                2.47543146880614,
                8.824637063755814,
                0.7325177875687188
            ]
        ],
        [
            [
                -6.2729597091674805,
                -21.074705123901367,
                10.830901152323786,
                2.5621665476779594,
                8.388348619937371,
                0.19387874328373256
            ]
        ],
        [
            [
                -7.0709004402160645,
                19.959125518798828,
                2.2279428688516667,
                6.218486585376434,
                5.359461095619997,
                0.5201566761412253
            ]
        ],
        [
            [
                4.748071670532227,
                0.451668918132782,
                5.426715732214403,
                3.325203869592579,
                11.625315053333743,
                2.6727480089972087
            ]
        ],
        [
            [
                10.525877952575684,
                -11.052014350891113,
                3.0565078021283485,
                5.234657358625177,
                15.49957698736772,
                1.5404239159437079
            ]
        ],
        [
            [
                0.608116626739502,
                10.651041984558105,
                11.166207863773394,
                2.855576449722997,
                4.692428709666665,
                2.395184751302629
            ]
        ],
        [
            [
                -14.331514358520508,
                9.155611038208008,
                4.419358319053373,
                19.69650028812277,
                13.223062935160904,
                1.8801428634426331
            ]
        ],
        [
            [
                -19.892090320587158,
                -22.859837532043457,
                3.4993988945117938,
                2.7554104271498625,
                16.25802580637076,
                0.2892582630255809
            ]
        ],
        [
            [
                -14.869682312011719,
                -18.087444305419922,
                4.377966236995071,
                3.6271370794409235,
                13.64330940879722,
                0.8790221552340901
            ]
        ],
        [
            [
                20.23347806930542,
                -14.855334758758545,
                2.229388951747749,
                5.595496282575573,
                18.664901306601845,
                0.28883972527301083
            ]
        ],
        [
            [
                22.829578399658203,
                6.815071105957031,
                2.4038747216456504,
                3.343817533344393,
                12.70427961755092,
                3.128926594807579
            ]
        ],
        [
            [
                4.86541748046875,
                18.037418842315674,
                2.21637632500824,
                3.163310124403117,
                3.901836573774618,
                0.07524249512993819
            ]
        ],
        [
            [
                -10.840610980987549,
                -17.220703721046448,
                2.355314827749302,
                4.254973513361167,
                16.550707980820327,
                0.23220080093299678
            ]
        ],
        [
            [
                2.234018325805664,
                -23.495810985565186,
                2.4535803296511913,
                2.2257090545257974,
                18.29248535968483,
                1.8152408798695823
            ]
        ],
        [
            [
                19.86000943183899,
                -6.063140958547592,
                4.69031861295327,
                2.0416872951996377,
                5.406035406497184,
                0.7109581369958385
            ]
        ],
        [
            [
                -22.15987515449524,
                20.95735192298889,
                3.351261838642369,
                3.3236594561542163,
                17.10384265753919,
                0.3433225375126785
            ]
        ],
        [
            [
                22.4421546459198,
                20.924339771270752,
                2.992225525083838,
                3.6523565604879216,
                13.864612957386012,
                1.226182783467806
            ]
        ],
        [
            [
                -14.170701265335083,
                -23.463284015655518,
                2.4998654323081215,
                2.0459007606286925,
                9.912118704698475,
                0.01697883262929034
            ]
        ],
        [
            [
                -16.455288887023926,
                -21.71883112192154,
                2.476020637601763,
                2.261410182911598,
                11.295795595216413,
                2.3921378089212073
            ]
        ],
        [
            [
                -22.798389613628387,
                -3.858856737613678,
                3.5119140180319857,
                3.4221516865747788,
                11.451462408570602,
                1.6027901765325776
            ]
        ],
        [
            [
                8.749041497707367,
                -23.149283170700073,
                2.805405201556323,
                2.328294962208927,
                8.405837405375767,
                1.8180815153025056
            ]
        ],
        [
            [
                2.7869894206523895,
                -14.044253826141357,
                2.1249442002532275,
                2.0724661583326247,
                10.848543440860853,
                1.0406694845829367
            ]
        ],
        [
            [
                21.145188689231873,
                -22.791127920150757,
                3.546204031575222,
                2.8770950605614525,
                12.327264636837636,
                0.6193170283142656
            ]
        ],
