{
    "world_name": "subworld-130",
    "width": 50,
    "build_up": 0.4301942,
    "height": 1.5,
    "objects": [
        [
            [
                15.432424545288086,
                11.084965705871582,
                6.97271336115456,
                7.3939461753252465,
                1.5,
                0.17420600498837513
            ]
        ],
        [
            [
                -9.509916305541992,
                -4.951672554016113,
                17.126536424391183,
                19.009921387632954,
                1.5,
                2.2542428679399285
            ]
        ],
        [
            [
                12.146476745605469,
                -0.27149417996406555,
                4.446452125022288,
                2.810505800681701,
                1.5,
                0.03275274843843312
            ]
        ],
        [
            [
                18.571367263793945,
                -17.367555618286133,
                11.059186063563963,
                3.81501913242768,
                1.5,
                1.5178568739996818
            ]
        ],
        [
            [
                -8.870006561279297,
                15.538033485412598,
                7.057734349931376,
                7.599958531247382,
                1.5,
                1.4684713930617725
            ]
        ],
        [
            [
                -1.5603458881378174,
                -20.949081420898438,
                3.22861955201335,
                11.570095992576409,
                1.5,
                2.0366387744140675
            ]
        ],
        [
            [
                10.716354370117188,
                -9.410443305969238,
                3.9404010951539776,
                2.6659765885176556,
                1.5,
                2.2617676693512356
            ]
        ],
        [
            [
                5.301702499389648,
                19.47219467163086,
                9.77849526227663,
                6.117174016951331,
                1.5,
                0.17560962908457656
            ]
        ],
        [
            [
                -21.232778549194336,
                19.67930030822754,
                3.923878088171686,
                5.57382940916082,
                1.5,
                1.682912233789062
            ]
        ],
        [
            [
                -19.608898162841797,
                10.635966300964355,
                9.610630692024724,
                6.102900480620382,
                1.5,
                1.360725054917727
            ]
        ],
        [
            [
                19.005563735961914,
                -3.880399227142334,
                6.2627735861903036,
                8.136723029672691,
                1.5,
                2.360961471164477
            ]
        ],
        [
            [
                0.09632302820682526,
                8.964009284973145,
                3.6240683148237856,
                5.493370466737085,
                1.5,
                3.0729104281780506
            ]
        ],
        [
            [
                8.541393280029297,
                -18.110733032226562,
                2.349649268660042,
                4.501251413791815,
                1.5,
                1.7206780693972024
            ]
        ],
        [
            [
                -20.136019706726074,
                -17.62477731704712,
                2.0935807185530106,
                4.213956644620851,
                1.5,
                2.9377973932360586
            ]
        ],
        [
            [
                -22.80026912689209,
                -8.33010721206665,
                2.49276989881049,
                4.212388516856749,
                1.5,
                0.4775441966135747
            ]
        ],
        [
            [
                22.47587490081787,
                -9.513449668884277,
                2.5697857093638197,
                3.0406145953108528,
                1.5,
                1.3922261049142863
            ]
        ],
        [
            [
                3.180084228515625,
                -14.228960394859314,
                2.3968922965983657,
                4.469759586806314,
                1.5,
                1.9509033813746708
            ]
        ],
        [
            [
                2.5255136489868164,
                -10.136592626571655,
                3.116182021841011,
                2.374107655779853,
                1.5,
                0.7016368758582369
            ]
        ],
        [
            [
                17.7113356590271,
                20.991196632385254,
                3.4095721109160015,
                2.260426490224667,
                1.5,
                1.8388003855295907
            ]
        ],
        [
            [
                7.680030822753906,
                6.833859920501709,
                6.392674202210018,
                2.6501799873038947,
                1.5,
                2.213826353958188
            ]
        ],
        [
            [
                -16.54530692100525,
                -19.373129308223724,
                2.1921884024028957,
                4.125117988753729,
                1.5,
                3.035896184586736
            ]
        ],
        [
            [
                -6.220466524362564,
                -18.563616767525673,
                3.7205696116229015,
                8.880884609000175,
                1.5,
                2.0588890308915526
            ]
        ],
        [
            [
                7.205712854862213,
                -4.474162817001343,
                4.020010650854157,
                2.8569206912874163,
                1.5,
                2.7580624208856417
            ]
        ],
        [
            [
                -20.823790073394775,
                2.243140697479248,
                3.0233945375379387,
                4.603918264639251,
                1.5,
                1.4063461341102892
            ]
        ],
        [
            [
                -16.044784784317017,
                22.955300331115723,
                2.494114592118043,
                3.6089573872504186,
                1.5,
                1.1474957332461035
            ]
        ],
        [
            [
                4.0534727573394775,
                3.0541305541992188,
                3.1124809071018804,
                3.1921958010639564,
                1.5,
                1.655577978815703
            ]
        ],
        [
            [
                22.88292360305786,
                3.3418805599212646,
                2.6534463424011534,
                3.165286486663499,
                1.5,
                2.9103623152612466
            ]
        ],
        [
            [
                22.093823432922363,
                15.8670654296875,
                4.021332461663266,
                4.083136009220443,
                1.5,
                1.9111699167863856
            ]
        ],
        [
            [
                -20.927943885326385,
                -22.622831881046295,
                2.783433861410975,
                2.3636250480791174,
                1.5,
                2.4340201414284466
            ]
        ],
        [
            [
                -23.24114751815796,
                -15.28673431277275,
                2.344032673839111,
                2.0642424519115923,
                1.5,
                2.905606496958467
            ]
        ],
        [
            [
                3.771259069442749,
                -23.337632536888123,
                2.781645573315844,
                2.2186015281295233,
                1.5,
                1.3792319744068076
            ]
        ],
        [
            [
                10.468443393707275,
                -22.89984118938446,
                3.4184683610814908,
                2.02027098404864,
                1.5,
