{
    "world_name": "subworld-106",
    "width": 50,
    "build_up": 0.36279984,
    "height": 20.0,
    "objects": [
        [
            [
                -10.248588562011719,
                -8.323115348815918,
                9.899848411728538,
                12.264047677800757,
                20.0,
                1.233386224275198
            ]
        ],
        [
            [
                11.814339637756348,
                18.715524673461914,
                17.38677951947391,
                2.534089207888967,
                20.0,
                2.99902768856161
            ]
        ],
        [
            [
                3.32902455329895,
                1.7181860208511353,
                2.046167566820367,
                14.737551359304568,
                20.0,
                2.453044861650498
            ]
        ],
        [
            [
                -12.73991870880127,
                4.7271223068237305,
                2.7608722205521206,
                7.348547340836035,
                20.0,
                1.6488204389436105
            ]
        ],
        [
            [
                9.45270824432373,
                -10.521612167358398,
                6.840635467398443,
                10.851641258108717,
                20.0,
                1.8507650759064747
            ]
        ],
        [
            [
                -10.2922945022583,
                13.167011260986328,
                5.785408694821845,
                5.035267712093023,
                20.0,
                2.1563966547460263
            ]
        ],
        [
            [
                20.124229431152344,
                0.7950965166091919,
                10.009266810341874,
                2.156442848788399,
                20.0,
                2.0221585818008934
            ]
        ],
        [
            [
                -21.545352935791016,
                -7.708301067352295,
                2.1102165778789184,
                12.671650548050383,
                20.0,
                0.1213025174301805
            ]
        ],
        [
            [
                3.0265235900878906,
                12.603769302368164,
                5.544722816061732,
                3.871478556608144,
                20.0,
                2.998862848788219
            ]
        ],
        [
            [
                12.85715103149414,
                -19.854385375976562,
                3.4952606308590743,
                5.37206125698408,
                20.0,
                1.1999985936362787
            ]
        ],
        [
            [
                17.46502113342285,
                9.57629108428955,
                5.535376834880791,
                2.9214027710438994,
                20.0,
                0.8973291430456595
            ]
        ],
        [
            [
                -14.098381042480469,
                -19.847713470458984,
                3.044193124027583,
                14.552050767875983,
                20.0,
                1.7245268876149602
            ]
        ],
        [
            [
                -5.359943866729736,
                18.32503890991211,
                2.4941579715300577,
                3.2157039070421645,
                20.0,
                0.4542851961076053
            ]
        ],
        [
            [
                -1.9877201318740845,
                -16.317398071289062,
                4.819036135702879,
                2.0530716534255244,
                20.0,
                2.198473905350485
            ]
        ],
        [
            [
                12.408957481384277,
                -0.09975943714380264,
                3.3933327166221003,
                2.132944444300625,
                20.0,
                1.2136892646539381
            ]
        ],
        [
            [
                -16.718629837036133,
                20.865055084228516,
                13.787665557572154,
                3.773297769339578,
                20.0,
                0.17478631849999737
            ]
        ],
        [
            [
                19.665834426879883,
                -13.303990721702576,
                4.80286315583705,
                4.054463650539283,
                20.0,
                1.7106986875604198
            ]
        ],
        [
            [
                20.038954734802246,
                -22.552828788757324,
                2.4814942514390816,
                2.7859553941554593,
                20.0,
                2.998217379531445
            ]
        ],
        [
            [
                -16.66453218460083,
                11.99340558052063,
                2.865925623698079,
                3.0056257895153227,
                20.0,
                1.902115392115344
            ]
        ],
        [
            [
                -3.7081642150878906,
                9.493200063705444,
                4.542534789686595,
                2.563072940062849,
                20.0,
                1.8481497951484473
            ]
        ],
        [
            [
                -2.7017288208007812,
                4.936712741851807,
                3.482389974354172,
                3.192709637466203,
                20.0,
                2.8742657449697875
            ]
        ],
        [
            [
                3.740330219268799,
                -20.39489209651947,
                4.490513887014538,
                3.4432802918330143,
                20.0,
                3.021695073107157
            ]
        ],
        [
            [
                6.594511657953262,
                -3.965578556060791,
                2.158546275938159,
                3.010183633079815,
                20.0,
                1.913898102936022
            ]
        ],
        [
            [
                17.3553546667099,
                -5.770049184560776,
                2.7937523359526626,
                3.4027036425971113,
                20.0,
                2.1991479099936555
            ]
        ],
        [
            [
                -21.27718997001648,
                4.844205617904663,
                3.133136074684118,
                5.927083197436704,
                20.0,
                0.12314106008403214
            ]
        ],
        [
            [
                -19.878600120544434,
                15.274949073791504,
                4.578568326281564,
                3.4619845324256286,
                20.0,
                3.0269117102344696
            ]
        ],
        [
            [
                -6.195084553211927,
                21.933250665664673,
                4.246135089566842,
                3.5383863436205907,
                20.0,
                0.18183437953733317
            ]
        ],
        [
            [
                23.445003986358643,
                21.091214418411255,
                2.8531056126532612,
                3.334863111727945,
                20.0,
                0.07795094601026009
            ]
        ],
        [
            [
                -22.642536878585815,
                -16.815090894699097,
                2.112400027979633,
                2.772082924381485,
                20.0,
                1.9240183810023124
            ]
        ],
        [
            [
                -15.944148510694504,
                -15.378430023789406,
                4.65332706730168,
                3.3615758986310738,
                20.0,
                0.11431851178379038
            ]
        ],
        [
            [
                -2.3043389916419983,
                -21.95991250872612,
                2.0894390469648654,
                4.893250182782043,
                20.0,
                0.594877961264647
            ]
        ],
        [
            [
                -1.863778829574585,
                -9.739695608615875,
                3.3160338115431935,
                3.2629215223857404,
