{
    "world_name": "subworld-252",
    "width": 50,
    "build_up": 0.37869448,
    "height": 1.5,
    "objects": [
        [
            [
                11.565056800842285,
                4.5666327476501465,
                7.271918307387573,
                9.99956106584403,
                1.5,
                1.6550906871516187
            ]
        ],
        [
            [
                -8.076665878295898,
                10.35688304901123,
                3.9477127536984913,
                2.038427647167313,
                1.5,
                1.9566199343882982
            ]
        ],
        [
            [
                17.867694854736328,
                -10.641863822937012,
                3.727332907907426,
                6.729540104080293,
                1.5,
                2.7792672313442535
            ]
        ],
        [
            [
                -21.117843627929688,
                -9.167176246643066,
                12.40328692689318,
                3.5567028713808395,
                1.5,
                1.6302063467739174
            ]
        ],
        [
            [
                -3.633742094039917,
                18.32947540283203,
                4.1949465606291305,
                13.865896012700434,
                1.5,
                1.935754133030762
            ]
        ],
        [
            [
                2.5292930603027344,
                -14.543168067932129,
                12.06025670532398,
                6.42551862418219,
                1.5,
                2.99264173444236
            ]
        ],
        [
            [
                -7.850597858428955,
                -9.439066886901855,
                16.252255855760495,
                2.177532900151507,
                1.5,
                0.996739921137677
            ]
        ],
        [
            [
                -16.992603302001953,
                6.092400074005127,
                8.823920040097061,
                5.891002729644743,
                1.5,
                2.4641981351206392
            ]
        ],
        [
            [
                -12.373723983764648,
                -20.620370864868164,
                3.3852860935097713,
                4.9552975660308,
                1.5,
                1.1129827752447428
            ]
        ],
        [
            [
                2.130908727645874,
                12.367696762084961,
                7.935801190612272,
                3.1623941098080808,
                1.5,
                0.5221784815979633
            ]
        ],
        [
            [
                -4.583540439605713,
                3.883572816848755,
                5.400450379247369,
                7.499590962846746,
                1.5,
                2.2397209545074706
            ]
        ],
        [
            [
                -18.62196159362793,
                18.025272369384766,
                4.308629419081093,
                3.7673768073940943,
                1.5,
                1.5374358037641043
            ]
        ],
        [
            [
                16.95153045654297,
                14.502490043640137,
                10.161368579617328,
                3.018318369629658,
                1.5,
                0.1420944323585882
            ]
        ],
        [
            [
                6.8607892990112305,
                -5.303306579589844,
                12.26547542463889,
                4.6280844404762655,
                1.5,
                2.72965470246685
            ]
        ],
        [
            [
                -11.870997190475464,
                -5.034069061279297,
                2.6221948162855777,
                4.771317461093517,
                1.5,
                2.801497184837925
            ]
        ],
        [
            [
                16.30147075653076,
                -20.251677989959717,
                2.7823154440127977,
                7.607749019457138,
                1.5,
                1.6323565977770997
            ]
        ],
        [
            [
                10.148441553115845,
                20.172783851623535,
                8.475674557069464,
                2.6849407003975787,
                1.5,
                2.6914327950150305
            ]
        ],
        [
            [
                -22.337201833724976,
                -18.5842387676239,
                3.035987984819318,
                3.490666174748294,
                1.5,
                1.8313786200168094
            ]
        ],
        [
            [
                -5.790502965450287,
                -20.089355945587158,
                3.3792578830420523,
                2.1191256220734473,
                1.5,
                2.1839939994702924
            ]
        ],
        [
            [
                -8.420546293258667,
                -16.776849031448364,
                3.047766882211408,
                2.587694558322289,
                1.5,
                0.4504869406321306
            ]
        ],
        [
            [
                -14.094140529632568,
                -9.247591018676758,
                2.3542006866889107,
                2.064818114217603,
                1.5,
                2.7152063856127846
            ]
        ],
        [
            [
                4.864650845527649,
                -22.222882509231567,
                3.3339372721716574,
                4.765931095992354,
                1.5,
                1.677907051753765
            ]
        ],
        [
            [
                21.638888359069824,
                -16.06891894340515,
                2.2106505075874368,
                2.041946295374837,
                1.5,
                1.4703976953857345
            ]
        ],
        [
            [
                19.483087837696075,
                -2.8985660076141357,
                4.065515237192976,
                4.523440718535555,
                1.5,
                0.21070578017361252
            ]
        ],
        [
            [
                20.90238118171692,
                7.597548246383667,
                3.1209193383651908,
                6.527902618744556,
                1.5,
                0.0904423103278349
            ]
        ],
        [
            [
                17.83159774541855,
                20.586897015571594,
                3.337382805512245,
                2.5224661555168364,
                1.5,
                0.24211485293789292
            ]
        ],
        [
            [
                -20.38833522796631,
                -22.995245575904846,
                2.762888653956061,
                2.6849286818040277,
                1.5,
                1.5426879086269139
            ]
        ],
        [
            [
                -4.264201641082764,
                -22.822608053684235,
                2.052847910919589,
                2.6265922702836093,
                1.5,
                1.8716201851235479
            ]
        ],
        [
            [
                -1.748788595199585,
                -21.73063236474991,
                5.4227917295662245,
                2.467337916801487,
                1.5,
                1.7513403038016637
            ]
        ],
        [
            [
                -16.446329057216644,
                -3.404373526573181,
                3.0593786181860887,
                4.009739086479161,
                1.5,
                0.2622495119875998
            ]
        ],
        [
            [
                -3.025333918631077,
                -7.606061339378357,
                2.4136390952629334,
                2.1407964398440362,
                1.5,
                1.593691555647607
            ]
        ],
        [
            [
                22.861280918121338,
                -22.784949004650116,
                2.372863079331271,
                2.034488583278517,
                1.5,
