{
    "world_name": "subworld-193",
    "width": 50,
    "build_up": 0.41286408,
    "height": 1.5,
    "objects": [
        [
            [
                5.467640399932861,
                -0.4854825437068939,
                15.792029073040567,
                7.375447577667369,
                1.5,
                1.9244113894255739
            ]
        ],
        [
            [
                -6.110406398773193,
                15.344209671020508,
                9.771559665067018,
                7.070346879247309,
                1.5,
                2.1455570417107093
            ]
        ],
        [
            [
                12.92537784576416,
                12.981295585632324,
                6.111373752655343,
                3.6730634919925347,
                1.5,
                2.8468915125412266
            ]
        ],
        [
            [
                -18.0288143157959,
                -5.141910076141357,
                5.9552980810000955,
                13.053540884524567,
                1.5,
                2.9921353092296616
            ]
        ],
        [
            [
                21.319700241088867,
                19.692487716674805,
                4.302642744073715,
                3.545800580822571,
                1.5,
                1.5878863131661145
            ]
        ],
        [
            [
                -13.627982139587402,
                19.990812301635742,
                2.64188268409816,
                2.6146999583391155,
                1.5,
                2.8425322994806246
            ]
        ],
        [
            [
                -17.990203857421875,
                12.657939910888672,
                2.000247970427014,
                3.0041042637197406,
                1.5,
                2.945466279164756
            ]
        ],
        [
            [
                -4.893460750579834,
                -13.128582000732422,
                8.635839782185696,
                4.505441946713072,
                1.5,
                2.5421107714663496
            ]
        ],
        [
            [
                18.400888442993164,
                -10.834754943847656,
                4.615319810546453,
                15.120971259781935,
                1.5,
                2.771282629444115
            ]
        ],
        [
            [
                -13.202169418334961,
                6.1636433601379395,
                4.519625021922273,
                5.318083661647532,
                1.5,
                1.2294268713907786
            ]
        ],
        [
            [
                -6.960018157958984,
                -4.3737664222717285,
                9.94852652149522,
                6.36064376142693,
                1.5,
                2.8374113999513195
            ]
        ],
        [
            [
                -4.13979959487915,
                -20.84003448486328,
                15.841069062280255,
                4.18970996425889,
                1.5,
                0.07576122210944258
            ]
        ],
        [
            [
                12.813126564025879,
                5.268707752227783,
                3.6476191649042677,
                4.204893886200889,
                1.5,
                1.5728604107768778
            ]
        ],
        [
            [
                3.8442485332489014,
                21.89159393310547,
                2.376979994785119,
                13.634595461277843,
                1.5,
                1.8242655946221498
            ]
        ],
        [
            [
                -20.609251022338867,
                7.985105514526367,
                5.6434276840833935,
                2.959663456037412,
                1.5,
                2.9728744355323777
            ]
        ],
        [
            [
                -18.2473087310791,
                -17.82310676574707,
                5.692689032796437,
                2.2656686416543117,
                1.5,
                1.9248075005195038
            ]
        ],
        [
            [
                11.39164137840271,
                -9.326526165008545,
                3.0227774540126626,
                2.0685785348571306,
                1.5,
                1.701494918190229
            ]
        ],
        [
            [
                9.228948593139648,
                -14.00930666923523,
                5.242718513524324,
                7.026037009734652,
                1.5,
                1.0325900142916427
            ]
        ],
        [
            [
                -20.436198711395264,
                18.412707328796387,
                8.665793993289668,
                5.846190910540253,
                1.5,
                1.7990140125490959
            ]
        ],
        [
            [
                20.321043014526367,
                10.306516170501709,
                3.0638763047520916,
                2.0021284408039515,
                1.5,
                0.9614387091486979
            ]
        ],
        [
            [
                14.100026726722717,
                20.866453170776367,
                4.510795878181917,
                2.265259659035353,
                1.5,
                2.4261314511499337
            ]
        ],
        [
            [
                5.792829513549805,
                16.045249223709106,
                2.0276987510660875,
                2.2658194542023558,
                1.5,
                1.8208386130894465
            ]
        ],
        [
            [
                8.672258138656616,
                -21.060890436172485,
                3.0038450017117406,
                4.558834214092135,
                1.5,
                1.66553874573346
            ]
        ],
        [
            [
                21.48429584503174,
                -21.929662942886353,
                2.097449815331616,
                2.2028742001679875,
                1.5,
                1.8156694450334179
            ]
        ],
        [
            [
                22.886687755584717,
                -15.958848714828491,
                3.4897728901121368,
                5.396792498728862,
                1.5,
                3.1174876173201937
            ]
        ],
        [
            [
                14.968058586120605,
                -2.0579495429992676,
                2.0018236435564694,
                2.3782969866356516,
                1.5,
                2.380621538760375
            ]
        ],
        [
            [
                -6.861364722251892,
                2.4412195682525635,
                3.1811913269271477,
                3.7706777031217538,
                1.5,
                2.7106679433914085
            ]
        ],
        [
            [
                19.472692370414734,
                3.7313334941864014,
                3.2404175380998193,
                3.510173318702484,
                1.5,
                1.3555992263532695
            ]
        ],
        [
            [
                -21.797251366078854,
                -20.368659496307373,
                2.2043238169571704,
                2.5547800280487323,
                1.5,
                1.0553100266715973
            ]
        ],
        [
            [
                -14.447542428970337,
                -16.0537348985672,
                2.256020736730439,
                2.4967923017571962,
                1.5,
                2.7533259918558275
            ]
        ],
        [
            [
                -8.591478765010834,
                -16.259002149105072,
                3.1242189584302267,
                2.072997346603488,
                1.5,
                2.7568903702723366
            ]
        ],
        [
            [
                -10.58793830871582,
                -10.16519433259964,
                2.7872858688624342,
                2.17759188507338,
                1.5,
