{
    "world_name": "subworld-35",
    "width": 50,
    "build_up": 0.40625828,
    "height": -1.0,
    "objects": [
        [
            [
                6.58324670791626,
                -7.953328609466553,
                10.163362690455743,
                13.56918182983587,
                10.711538938269266,
                2.439011422855629
            ]
        ],
        [
            [
                -19.149486541748047,
                -16.156877517700195,
                4.276037564256394,
                13.472127207048715,
                19.88447141682612,
                0.5830542253828704
            ]
        ],
        [
            [
                -9.35145378112793,
                17.438295364379883,
                10.029073692117336,
                8.564272682820466,
                2.8260874331914705,
                1.6298387288712224
            ]
        ],
        [
            [
                -1.163180947303772,
                3.817702293395996,
                13.313165973318963,
                7.47808738266416,
                9.987461650379569,
                1.1384921205494878
            ]
        ],
        [
            [
                9.747040748596191,
                13.71325397491455,
                6.29425722777029,
                10.342441083830963,
                10.230457808407175,
                0.8967860457894018
            ]
        ],
        [
            [
                19.05042839050293,
                -4.550333023071289,
                8.632579013698091,
                3.4224236451602876,
                10.389649580377391,
                1.5894500922623462
            ]
        ],
        [
            [
                -16.029727935791016,
                -0.5168161988258362,
                11.06000977919249,
                5.038942479341404,
                14.148783279252049,
                0.3803913062908142
            ]
        ],
        [
            [
                -9.479622840881348,
                -18.847427368164062,
                4.511982123421928,
                4.329529974093471,
                18.3174120239991,
                2.474831236680025
            ]
        ],
        [
            [
                13.091667175292969,
                -18.314517974853516,
                12.815746385134124,
                3.468779395387574,
                8.676000456843258,
                0.49171769484544847
            ]
        ],
        [
            [
                -20.745344161987305,
                7.921645164489746,
                2.4768344623525818,
                4.249575615900306,
                19.452740528205922,
                0.6441737260081212
            ]
        ],
        [
            [
                -1.0771408081054688,
                17.674575805664062,
                8.429536044707067,
                3.0909761736582095,
                18.393276425767063,
                1.6159711153819034
            ]
        ],
        [
            [
                20.415035247802734,
                14.424009323120117,
                4.389265760697904,
                2.5067255350404283,
                10.4634259694242,
                1.4176001335054713
            ]
        ],
        [
            [
                -9.776633024215698,
                -9.824120283126831,
                4.784442428864104,
                4.810745523448417,
                7.986300475623789,
                2.9303913837630993
            ]
        ],
        [
            [
                -16.528677940368652,
                -8.719371795654297,
                3.6251846018072147,
                5.007136566966199,
                18.029392745992343,
                1.7182564443209554
            ]
        ],
        [
            [
                -18.96974515914917,
                15.54589581489563,
                3.1393031524678623,
                2.6434440524699983,
                9.2671359379197,
                2.673072011265757
            ]
        ],
        [
            [
                14.58700156211853,
                21.003500938415527,
                2.5467004718537263,
                5.525265237728313,
                7.211201271307001,
                0.12628208150003206
            ]
        ],
        [
            [
                -21.879475355148315,
                -21.840296983718872,
                3.68681136874479,
                3.5282963864363484,
                11.866055407162282,
                1.3798936210190158
            ]
        ],
        [
            [
                -2.6340420246124268,
                -22.40331530570984,
                3.047396485280598,
                3.2579014088492007,
                6.818873538917038,
                1.4493833814157142
            ]
        ],
        [
            [
                -6.799508035182953,
                -2.1084442138671875,
                2.2622050415693957,
                2.0299010521713328,
                13.387874665732227,
                2.6460831127328373
            ]
        ],
        [
            [
                3.4623968601226807,
                -18.398712664842606,
                2.1349324812070196,
                3.494209375843459,
                18.244330530301237,
                2.87174464446153
            ]
        ],
        [
            [
                18.30087250471115,
                -22.16063141822815,
                5.68002867019136,
                2.01274871898086,
                8.540353827851533,
                2.732154403894163
            ]
        ],
        [
            [
                -7.891649127006531,
                3.1242783069610596,
                2.100270219761514,
                3.483580378958425,
                10.62723818074044,
                0.6950035646924357
            ]
        ],
        [
            [
                -7.45891809463501,
                8.524778127670288,
                2.044410828688996,
                2.584096217170381,
                17.754483534097282,
                1.8765716428578056
            ]
        ],
        [
            [
                8.543874025344849,
                5.0509865283966064,
                4.156953684902333,
                5.048086211899063,
                10.471264600703037,
                0.1528614959025043
            ]
        ],
        [
            [
                20.778003692626953,
                9.184234380722046,
                6.774452365796707,
                2.3312425951203095,
                12.245586184518418,
                2.845455299007216
            ]
        ],
        [
            [
                16.09706687927246,
                6.4488121420145035,
                4.0873023345602,
                3.5463541076370833,
                17.600512498092257,
                2.5910832850740166
            ]
        ],
        [
            [
                21.99540066719055,
                3.100766897201538,
                2.2159358894989243,
                2.408503399813363,
                7.234832947789634,
                1.9873593409941623
            ]
        ],
        [
            [
                5.463087737560272,
                22.402159214019775,
                3.3768673200212254,
                4.185467288852246,
                13.022476220608302,
                1.7638440511437228
            ]
        ],
        [
            [
                19.003117710351944,
                22.002367973327637,
                4.9523248307597125,
                2.639534954662052,
                2.90069041242678,
                1.7371503466670664
            ]
        ],
        [
            [
                -23.188798785209656,
                -16.735007643699646,
                2.1548481053853252,
                2.9713645811305893,
                3.487285324311407,
                0.671598772756691
            ]
        ],
        [
            [
