{
    "world_name": "subworld-396",
    "width": 50,
    "build_up": 0.38584908,
    "height": -1.0,
    "objects": [
        [
            [
                -12.403796195983887,
                7.120032787322998,
                16.532781719489645,
                4.8368426483820555,
                4.3992918137444095,
                3.1213535116591826
            ]
        ],
        [
            [
                -8.394994735717773,
                -12.941224098205566,
                6.012626918719778,
                18.439830509664503,
                14.794937787442429,
                2.0086311263722543
            ]
        ],
        [
            [
                -3.8884198665618896,
                17.499324798583984,
                3.52020884265957,
                11.318914003997403,
                15.125797862243022,
                1.8312219622850536
            ]
        ],
        [
            [
                3.5858216285705566,
                10.976945877075195,
                3.1649651792804283,
                4.304041450717872,
                7.883927829752611,
                0.906679741669211
            ]
        ],
        [
            [
                9.669085502624512,
                -3.6159322261810303,
                6.133565944247893,
                16.51363623547566,
                5.083644138591497,
                3.1036147521535513
            ]
        ],
        [
            [
                -18.187442779541016,
                16.910261154174805,
                11.196964602752255,
                4.3266768496384795,
                11.911506131218557,
                1.4230669999123482
            ]
        ],
        [
            [
                13.94320011138916,
                16.551855087280273,
                18.560400989248418,
                2.2812671187975413,
                6.2480553680482345,
                2.4798431263304335
            ]
        ],
        [
            [
                20.81736946105957,
                -19.211029052734375,
                2.5958151066009902,
                2.4759965589845163,
                14.600842496202286,
                1.0399695518602914
            ]
        ],
        [
            [
                -15.10836410522461,
                -4.148313522338867,
                5.123680003718533,
                3.0491860739119403,
                6.988767050207461,
                2.8290201177850802
            ]
        ],
        [
            [
                7.2161431312561035,
                -19.918886184692383,
                5.133977740284813,
                7.249139430844559,
                6.381752859522292,
                1.5621359975754516
            ]
        ],
        [
            [
                -5.60886287689209,
                0.28297242522239685,
                9.373893477228961,
                2.93651895842038,
                7.4458663248490495,
                3.120577227169467
            ]
        ],
        [
            [
                18.987154006958008,
                -13.073586463928223,
                2.4640785224182338,
                8.857004581631578,
                3.5499131873021703,
                2.1791818709058646
            ]
        ],
        [
            [
                19.898849487304688,
                -0.006567085161805153,
                4.567841229650154,
                4.189500912032725,
                6.806758110180763,
                1.6847915409437821
            ]
        ],
        [
            [
                -20.656957626342773,
                -8.727197170257568,
                2.0648743182083145,
                4.9181760038724125,
                18.459819241928685,
                0.11079323611740532
            ]
        ],
        [
            [
                14.38123369216919,
                -21.38503646850586,
                2.605993153169101,
                4.104039905275495,
                15.653117140910906,
                3.039138538158176
            ]
        ],
        [
            [
                12.574647307395935,
                10.941880941390991,
                3.0206247238316375,
                19.20706444090314,
                2.630615677218712,
                0.8642550040374298
            ]
        ],
        [
            [
                21.67976474761963,
                20.06756067276001,
                6.458576859941589,
                3.367682149675025,
                11.023835445124208,
                1.4781935267448325
            ]
        ],
        [
            [
                -21.084424257278442,
                -21.169224739074707,
                2.331479635243194,
                2.0963888488162112,
                3.5224154113128034,
                2.846743490386011
            ]
        ],
        [
            [
                -14.134870529174805,
                -23.11239194869995,
                2.158523934961053,
                2.2480091801265303,
                16.965383843586064,
                0.6845450242929413
            ]
        ],
        [
            [
                -4.121074676513672,
                -18.953477755188942,
                2.3305638530937043,
                2.752904839071,
                12.079207704257287,
                1.756935035131301
            ]
        ],
        [
            [
                -17.062214255332947,
                -10.142507553100586,
                2.483341779376444,
                3.5687768593950273,
                6.912203469985496,
                2.446603492468358
            ]
        ],
        [
            [
                -9.668152809143066,
                -6.316521905362606,
                2.1862602005952323,
                3.6736262732175433,
                2.2192758365899428,
                2.525788203317626
            ]
        ],
        [
            [
                2.3083879947662354,
                -6.735849142074585,
                2.280588839048124,
                2.717516588602275,
                7.721347187312195,
                2.3911956654643167
            ]
        ],
        [
            [
                18.823340632021427,
                -7.520102143287659,
                2.3122560951352713,
                2.035895478655446,
                15.34702337498832,
                1.0840220773552662
            ]
        ],
        [
            [
                -23.18463134765625,
                8.070955753326416,
                2.772889771565368,
                4.393900930032496,
                17.01830091504786,
                2.998085548029306
            ]
        ],
        [
            [
                -21.95485019683838,
                21.73559021949768,
                5.890404718094546,
                4.022894453848471,
                16.659393450395587,
                1.4098153280080203
            ]
        ],
        [
            [
                -10.273112773895264,
                22.97255039215088,
                2.1239481378537035,
                2.1381151953291817,
                11.425088808762423,
                1.689450150504391
            ]
        ],
        [
            [
                2.7555689811706543,
                4.2894710302352905,
                2.3490784983245976,
                3.616997329337705,
                13.053120538271227,
                2.772302081554537
            ]
        ],
        [
            [
                16.088254690170288,
                21.969083547592163,
                4.223122980766506,
                4.710269649322744,
                12.297938393732998,
                1.2903783199517602
            ]
        ],
        [
            [
                -21.45747122168541,
                -15.545900203287601,
                3.3321631594979797,
                3.4920331307644896,
                7.26101958010795,
                1.575463372623974
            ]
        ],
        [
