{
    "world_name": "subworld-147",
    "width": 50,
    "build_up": 0.38539592,
    "height": -1.0,
    "objects": [
        [
            [
                -3.2580530643463135,
                -6.361511707305908,
                4.433036792318346,
                9.795532716674703,
                18.81478706119473,
                2.9673390135855016
            ]
        ],
        [
            [
                -17.492961883544922,
                -1.7498499155044556,
                3.6481123921016527,
                9.579431750828054,
                3.8139151010736203,
                3.052443268824808
            ]
        ],
        [
            [
                7.220025539398193,
                11.555356979370117,
                18.06892267601938,
                14.797226628887271,
                16.584206435887896,
                1.0624107745747051
            ]
        ],
        [
            [
                6.2837138175964355,
                -5.564910411834717,
                4.174991553568618,
                3.9781415459789664,
                12.444022131236954,
                0.24327363653548373
            ]
        ],
        [
            [
                14.578520774841309,
                -14.098991394042969,
                2.365569058200878,
                2.1239517742116725,
                19.32819252438333,
                1.709857746922337
            ]
        ],
        [
            [
                3.0780856609344482,
                -16.37696075439453,
                4.897109945498354,
                4.775050446136668,
                6.620117333760856,
                0.4932354777871202
            ]
        ],
        [
            [
                -10.598726272583008,
                -8.835855484008789,
                3.706645032701805,
                4.1099035351060875,
                11.729657353136446,
                3.1389739556506067
            ]
        ],
        [
            [
                -16.77615737915039,
                19.43657112121582,
                4.739576778607379,
                4.9707741791378774,
                16.63839303057611,
                2.3050905916617
            ]
        ],
        [
            [
                19.08608055114746,
                9.645711898803711,
                4.710067671026936,
                2.798847158242848,
                19.790837600508322,
                1.0988663058222863
            ]
        ],
        [
            [
                20.47686195373535,
                -7.526847839355469,
                2.998259203881534,
                4.463008546397338,
                13.366904795731784,
                0.7544715039343993
            ]
        ],
        [
            [
                -20.230180740356445,
                -11.420193672180176,
                3.078067356756274,
                5.485507880272483,
                6.888751165844244,
                1.0345088708894314
            ]
        ],
        [
            [
                -9.194812774658203,
                -18.975971221923828,
                4.664970766134217,
                4.534196092960816,
                3.689252037786729,
                0.906058832589346
            ]
        ],
        [
            [
                -3.74709415435791,
                16.784297943115234,
                2.8888199388718148,
                4.997658570956043,
                16.01227001804668,
                2.7710118836372115
            ]
        ],
        [
            [
                19.195798873901367,
                -19.000667572021484,
                2.169054802616277,
                4.604791089828535,
                2.7274983810763067,
                2.862480581378782
            ]
        ],
        [
            [
                -17.432415008544922,
                8.963152885437012,
                9.33980323873693,
                2.2184503734043597,
                12.11850503934981,
                2.882930847975479
            ]
        ],
        [
            [
                11.129072666168213,
                -7.863697528839111,
                11.13345986123839,
                2.1771441829568343,
                8.916512383719013,
                0.9492554145828486
            ]
        ],
        [
            [
                -8.901420593261719,
                19.01953125,
                2.718655506673213,
                2.155969759060898,
                19.01284473513815,
                2.602010802721921
            ]
        ],
        [
            [
                20.49846601486206,
                19.363325119018555,
                4.24115654936597,
                2.533331485153523,
                16.957122682956026,
                2.7643460855571984
            ]
        ],
        [
            [
                23.207754135131836,
                7.866409778594971,
                15.408190162022406,
                2.8152828315117184,
                13.447171764917327,
                1.5321976277906084
            ]
        ],
        [
            [
                -21.26675271987915,
                -20.32292950153351,
                6.5141772479457645,
                3.752450881179054,
                18.744089745854854,
                1.553259415206554
            ]
        ],
        [
            [
                7.753050208091736,
                -21.725091218948364,
                4.7782726197928245,
                2.9275645603197575,
                10.8433777556006,
                1.2064329629393642
            ]
        ],
        [
            [
                23.68162488937378,
                -19.484537482261658,
                9.32767437232873,
                2.2265214016072994,
                12.203747155726653,
                1.5697875849454874
            ]
        ],
        [
            [
                -8.873393297195435,
                5.399424135684967,
                3.1134437178522907,
                2.9707943451242933,
                3.9770169498124055,
                1.2463516426910568
            ]
        ],
        [
            [
                -7.9403663873672485,
                10.190626859664917,
                3.372418255661116,
                3.0337250649454726,
                5.096515898689029,
                2.5448415790247196
            ]
        ],
        [
            [
                -22.51272964477539,
                14.527085781097412,
                2.4311958479346014,
                4.857157939709188,
                14.555920326086873,
                1.5475837518464197
            ]
        ],
        [
            [
                14.259164333343506,
                2.294123649597168,
                2.0889115933081266,
                2.7900013773403636,
                6.025905034663752,
                2.2105742265930917
            ]
        ],
        [
            [
                16.868539690971375,
                4.9138970375061035,
                2.1669332457862414,
                5.564560931987532,
                7.825345653298449,
                0.49731141329396866
            ]
        ],
        [
            [
                15.721554279327393,
                22.203264474868774,
                3.449835277579373,
                2.9866195227194288,
                3.070985457780813,
                0.9465636610882785
            ]
        ],
        [
            [
                -15.28097179532051,
                -22.412226617336273,
                3.430011286641352,
                2.958596045109492,
                11.489594492934504,
                2.7749780498055436
            ]
        ],
        [
            [
                -15.720175683498383,
                -15.399511218070984,
                2.5136795833385475,
                2.9872628831479346,
                5.718406969872435,
                2.89530757525039
            ]
        ],
        [
            [
