{
    "world_name": "subworld-472",
    "width": 50,
    "build_up": 0.34857344,
    "height": -1.0,
    "objects": [
        [
            [
                -18.9559326171875,
                10.602503776550293,
                2.447091328288608,
                8.303960267399622,
                3.017910736106308,
                0.3711199991021068
            ]
        ],
        [
            [
                -7.918624401092529,
                -3.795546770095825,
                14.870985311812932,
                5.377820257641067,
                7.311218595164249,
                2.2434820559429074
            ]
        ],
        [
            [
                2.3578710556030273,
                10.227096557617188,
                5.445812440776667,
                2.5099735003641,
                17.729483043599018,
                1.6162038694308583
            ]
        ],
        [
            [
                -7.3837385177612305,
                17.043136596679688,
                2.1827397844832896,
                8.092558812773959,
                8.494629219328885,
                1.1274125770828918
            ]
        ],
        [
            [
                14.546969413757324,
                -18.716737747192383,
                8.3619038046511,
                2.2658559555110616,
                9.008288725519424,
                0.9350609450684794
            ]
        ],
        [
            [
                10.791200637817383,
                -0.021916480734944344,
                6.512412550506937,
                9.289697105090859,
                18.286942389555605,
                3.0501545544196915
            ]
        ],
        [
            [
                -16.116689682006836,
                -14.915844917297363,
                7.143104064830722,
                5.222545927769132,
                8.509746873499004,
                2.6154237533534053
            ]
        ],
        [
            [
                19.043882369995117,
                2.279510974884033,
                14.28258796652348,
                2.404381942791053,
                2.7618702050873423,
                1.4374722895184395
            ]
        ],
        [
            [
                15.698797225952148,
                18.672250747680664,
                6.551078822907732,
                9.410928220807094,
                6.476960911317017,
                1.8020630592176785
            ]
        ],
        [
            [
                -18.378128051757812,
                20.101032257080078,
                3.4247536727608265,
                3.8207187337748785,
                11.518366772389385,
                2.910169437061168
            ]
        ],
        [
            [
                5.842483043670654,
                -15.44827938079834,
                3.448560962999456,
                8.368042206995462,
                19.179077360924968,
                3.0986573144432246
            ]
        ],
        [
            [
                -17.023468017578125,
                -5.981947898864746,
                2.9224658271711634,
                5.305362727253611,
                2.429285010989492,
                2.602561195171212
            ]
        ],
        [
            [
                -5.278688907623291,
                10.598124504089355,
                2.132875905042508,
                12.034319626350134,
                4.53798305951473,
                1.1445311129040316
            ]
        ],
        [
            [
                3.57416033744812,
                19.604068756103516,
                8.780747821378021,
                3.8431402700754305,
                12.946408304624672,
                2.062575438975861
            ]
        ],
        [
            [
                18.354785919189453,
                -9.479975700378418,
                7.570602311702679,
                2.9400736610764513,
                13.012501251528896,
                3.003727308954328
            ]
        ],
        [
            [
                -6.748920917510986,
                -20.187793731689453,
                2.5830633360643276,
                4.461916120224185,
                10.735847198897378,
                2.5040143138152295
            ]
        ],
        [
            [
                -22.716571807861328,
                -9.379859447479248,
                2.6388579683101145,
                3.583810819305084,
                19.01159018525884,
                1.1883503368561663
            ]
        ],
        [
            [
                -20.46181631088257,
                -2.6501541137695312,
                2.7368307320064065,
                3.9132787360193744,
                12.366687580328424,
                1.7428057802506114
            ]
        ],
        [
            [
                11.39842665195465,
                8.458708763122559,
                7.7630280870042,
                2.5539469737799596,
                12.260748138112286,
                2.9963407875930614
            ]
        ],
        [
            [
                -21.341969966888428,
                -21.785173892974854,
                2.5081283319256764,
                2.671712245732651,
                12.756020798327285,
                0.3663007952221471
            ]
        ],
        [
            [
                -15.727961540222168,
                -21.990626335144043,
                2.121726862836044,
                2.963081999567655,
                4.803162638894246,
                1.2273913856092602
            ]
        ],
        [
            [
                -1.6523370742797852,
                -19.89471709728241,
                2.390780103209914,
                6.551341795431597,
                17.301726915077285,
                3.0547421563976105
            ]
        ],
        [
            [
                20.382861971855164,
                -20.48246681690216,
                2.5756138462934786,
                3.2867870128170176,
                7.548794117207343,
                2.6754557616563606
            ]
        ],
        [
            [
                6.169225700199604,
                -7.325810551643372,
                3.670785698867285,
                2.912206939973464,
                8.083650446550054,
                2.6519861871340007
            ]
        ],
        [
            [
                -17.89336520433426,
                1.9583911895751953,
                2.484343131526777,
                3.2777473019146037,
                6.991126297574976,
                1.1971023542409205
            ]
        ],
        [
            [
                -4.928318977355957,
                4.513362169265747,
                2.533536428502279,
                2.205948853205374,
                10.81005832528864,
                1.8008792411631958
            ]
        ],
        [
            [
                -4.955083847045898,
                21.9948832988739,
                3.0884480387775057,
                9.157169857479161,
                14.936634641177449,
                1.4138849504488413
            ]
        ],
        [
            [
                -23.038764715194702,
                -16.831793785095215,
                2.4661075615103014,
                2.562516260230199,
                6.138729288774293,
                0.4800476410955288
            ]
        ],
        [
            [
                -8.573909044265747,
                -15.230138301849365,
                2.4582510910604447,
                2.8670331025855553,
                9.087838047792138,
                1.5800490610102984
            ]
        ],
        [
            [
                -2.8735096156597137,
                -14.543060779571533,
                4.081138771350836,
                2.3125255212540394,
                15.547614274575867,
                0.11581910095258707
            ]
        ],
        [
