{
    "world_name": "subworld-85",
    "width": 50,
    "build_up": 0.4060264,
    "height": 20.0,
    "objects": [
        [
            [
                4.244690895080566,
                9.557023048400879,
                13.258662820731187,
                5.907596452738428,
                20.0,
                1.4852326293895401
            ]
        ],
        [
            [
                -11.257399559020996,
                11.00806999206543,
                18.124576834995075,
                6.774345531090343,
                20.0,
                1.1137186656209965
            ]
        ],
        [
            [
                14.36158561706543,
                -9.002519607543945,
                13.86392092615969,
                7.9001822591125395,
                20.0,
                2.1987870943758416
            ]
        ],
        [
            [
                -3.619009017944336,
                -12.065428733825684,
                14.360420089650214,
                5.102843448379364,
                20.0,
                1.5640939511592815
            ]
        ],
        [
            [
                17.47671890258789,
                16.689496994018555,
                7.719799196137867,
                10.587962660075569,
                20.0,
                0.5828986088589476
            ]
        ],
        [
            [
                19.43062973022461,
                6.948600769042969,
                4.264034556767841,
                2.2821754331879394,
                20.0,
                2.9059556038976897
            ]
        ],
        [
            [
                20.312355041503906,
                -22.014535903930664,
                3.581342824167674,
                2.1150454822029,
                20.0,
                3.050246397585534
            ]
        ],
        [
            [
                -15.756074905395508,
                -7.721993446350098,
                19.56763532878701,
                3.4574091216664216,
                20.0,
                2.403767618879444
            ]
        ],
        [
            [
                -21.95304298400879,
                -10.128705978393555,
                2.336115051781297,
                5.324337649950633,
                20.0,
                1.8141036047888373
            ]
        ],
        [
            [
                -20.993852615356445,
                1.3233880996704102,
                2.461379670518227,
                3.638226982148754,
                20.0,
                1.3386941624038617
            ]
        ],
        [
            [
                -19.717609405517578,
                -17.37520408630371,
                7.584116046495666,
                5.344698939383203,
                20.0,
                1.226339826028398
            ]
        ],
        [
            [
                6.507157802581787,
                -17.522703170776367,
                4.573144427306472,
                7.221787174048457,
                20.0,
                0.8051804654764505
            ]
        ],
        [
            [
                3.068549633026123,
                -4.30694580078125,
                2.012202174583745,
                5.6669064133839235,
                20.0,
                3.0515794805843957
            ]
        ],
        [
            [
                -21.17713165283203,
                13.905174255371094,
                3.004300746909017,
                2.170561215887229,
                20.0,
                2.844941753095678
            ]
        ],
        [
            [
                -11.256725907325745,
                -19.600825309753418,
                2.10748366649299,
                5.461591297906073,
                20.0,
                2.6606073581479794
            ]
        ],
        [
            [
                19.060563564300537,
                -2.5713844299316406,
                3.6022385325728914,
                3.020960417760418,
                20.0,
                2.698133629014304
            ]
        ],
        [
            [
                -14.609608888626099,
                21.062678337097168,
                2.6875593955212187,
                3.5240589486773777,
                20.0,
                2.524054756601519
            ]
        ],
        [
            [
                -6.714882284402847,
                -22.75641441345215,
                2.578601653108492,
                3.5130774245034626,
                20.0,
                2.3399261849698165
            ]
        ],
        [
            [
                -22.112175703048706,
                -7.017368674278259,
                3.039442593623646,
                2.44023515896886,
                20.0,
                0.004513813656931154
            ]
        ],
        [
            [
                -15.302903890609741,
                -2.9449002742767334,
                3.5882797455479913,
                3.4809965923832036,
                20.0,
                2.248153798290783
            ]
        ],
        [
            [
                -8.127403974533081,
                -1.8043251037597656,
                3.051243885789408,
                3.4668381132030444,
                20.0,
                1.5580243150640476
            ]
        ],
        [
            [
                22.96098232269287,
                -3.725024700164795,
                2.427505174484045,
                2.382030043011528,
                20.0,
                0.2882283351258321
            ]
        ],
        [
            [
                -21.77540135383606,
                8.552640438079834,
                2.3130041237772483,
                2.414702541148618,
                20.0,
                2.7707973393329555
            ]
        ],
        [
            [
                -3.3054280281066895,
                5.232530117034912,
                2.6434368363916345,
                8.770423704428442,
                20.0,
                3.0340986881225263
            ]
        ],
        [
            [
                -8.221243262290955,
                2.049102783203125,
                3.3568073939098797,
                2.398527699643694,
                20.0,
                2.699560571423948
            ]
        ],
        [
            [
                5.819877356290817,
                21.40791893005371,
                5.1089979708464694,
                4.355370436304261,
                20.0,
                3.0846232099209487
            ]
        ],
        [
            [
                -15.788182064890862,
                -22.118824154138565,
                2.1610899315523073,
                3.7740732503785055,
                20.0,
                2.621677378301289
            ]
        ],
        [
            [
                -2.4408029913902283,
                -22.69146430492401,
                3.52242726974246,
                2.053073859690339,
                20.0,
                2.0907968772594594
            ]
        ],
        [
            [
                3.3375298380851746,
                -23.341114044189453,
                3.442210816756942,
                2.669180930752586,
                20.0,
                0.1269554797993797
            ]
        ],
        [
            [
                14.506169080734253,
                -22.973138213157654,
                2.9256618232593437,
                2.644401959318526,
                20.0,
                1.1125604979205979
            ]
        ],
        [
            [
                23.599910497665405,
                -16.0980384349823,
                4.243332772031504,
                2.20271658303905,
                20.0,
                1.588649096314274
            ]
        ],
        [
            [
                22.39115881919861,
                -8.671850025653839,
                3.285948103098171,
                2.8477787297543458,
