{
    "world_name": "subworld-456",
    "width": 50,
    "build_up": 0.38937808,
    "height": 1.5,
    "objects": [
        [
            [
                -4.617881774902344,
                10.900554656982422,
                11.19349967288363,
                14.896807138248603,
                1.5,
                0.6514738293590145
            ]
        ],
        [
            [
                1.1527183055877686,
                -13.359465599060059,
                14.073793087479613,
                8.04711449446345,
                1.5,
                2.8325845498820907
            ]
        ],
        [
            [
                -10.24661922454834,
                -3.3601930141448975,
                8.709421196610826,
                2.041689014953671,
                1.5,
                0.4016327556857262
            ]
        ],
        [
            [
                17.212127685546875,
                19.31900405883789,
                10.012210979881536,
                4.99005409347377,
                1.5,
                3.0443441807182223
            ]
        ],
        [
            [
                14.669881820678711,
                1.2251304388046265,
                15.364477354504501,
                3.833287783815172,
                1.5,
                0.9828213075199823
            ]
        ],
        [
            [
                20.490015029907227,
                -8.501032829284668,
                3.332046050674773,
                11.07809451107917,
                1.5,
                2.957863050971209
            ]
        ],
        [
            [
                -15.339183807373047,
                -14.954293251037598,
                3.757831499487599,
                5.737328319099567,
                1.5,
                2.4122428634857354
            ]
        ],
        [
            [
                -7.124367713928223,
                -20.435949325561523,
                3.0337736496200822,
                14.617603449925117,
                1.5,
                1.5029427915319988
            ]
        ],
        [
            [
                -20.37771224975586,
                -4.49853515625,
                3.504697895007663,
                5.0055936338392835,
                1.5,
                0.3094471371651628
            ]
        ],
        [
            [
                -18.02460289001465,
                5.682387351989746,
                2.423161235599429,
                6.410239770247508,
                1.5,
                2.237558125973318
            ]
        ],
        [
            [
                18.171918869018555,
                -19.863929748535156,
                2.0399348995497615,
                4.946330622752104,
                1.5,
                1.1255928621117421
            ]
        ],
        [
            [
                8.766764640808105,
                4.721770286560059,
                3.515314969255404,
                7.7303776551009555,
                1.5,
                2.7469578079118717
            ]
        ],
        [
            [
                3.0539746284484863,
                -1.9928385019302368,
                3.683838309418941,
                3.4042733518048207,
                1.5,
                1.2362308169628138
            ]
        ],
        [
            [
                15.25997543334961,
                13.258905410766602,
                2.1837184983167646,
                2.554476544982655,
                1.5,
                2.965778945695325
            ]
        ],
        [
            [
                6.53855037689209,
                15.390240669250488,
                4.669256516123434,
                5.763806568246158,
                1.5,
                0.64855621644588
            ]
        ],
        [
            [
                -9.961274147033691,
                -9.728046417236328,
                2.9281882401533252,
                6.495264604487296,
                1.5,
                1.1906787895596547
            ]
        ],
        [
            [
                -18.787102222442627,
                16.71830654144287,
                3.8719289494933236,
                3.645275743416831,
                1.5,
                0.14865688775396757
            ]
        ],
        [
            [
                -20.843437433242798,
                -21.45778179168701,
                3.4806641094763613,
                5.863571428051347,
                1.5,
                2.500631713815447
            ]
        ],
        [
            [
                -22.637913703918457,
                -15.343913078308105,
                2.476237656871084,
                3.809977193447387,
                1.5,
                1.6826833646703094
            ]
        ],
        [
            [
                9.498916387557983,
                -21.22598648071289,
                5.001984295799773,
                2.84199787300602,
                1.5,
                1.0147661966730621
            ]
        ],
        [
            [
                -21.920486450195312,
                8.959324359893799,
                2.522517935900859,
                2.05561841428033,
                1.5,
                2.8653719931395654
            ]
        ],
        [
            [
                -19.280229568481445,
                22.51257634162903,
                2.313973948032717,
                3.5534274528664884,
                1.5,
                2.5849306062801958
            ]
        ],
        [
            [
                22.969449520111084,
                4.757166624069214,
                2.8156356052425373,
                2.4252314749947375,
                1.5,
                0.5239838735481983
            ]
        ],
        [
            [
                6.299192979931831,
                21.908953428268433,
                5.459837885236961,
                3.299682339219543,
                1.5,
                0.6577377951888943
            ]
        ],
        [
            [
                -15.547220416367054,
                -22.601265013217926,
                2.1900628174312478,
                2.587589345482534,
                1.5,
                2.660175449474078
            ]
        ],
        [
            [
                -9.390941953286529,
                -15.532382518053055,
                3.8534233972068774,
                2.071995425064704,
                1.5,
                1.3962491023021366
            ]
        ],
        [
            [
                -22.038256511092186,
                -10.15502804517746,
                2.3914002593231753,
                3.434277408429651,
                1.5,
                1.516830528524672
            ]
        ],
        [
            [
                -16.176226258277893,
                -8.60671991109848,
                2.3228382977824493,
                2.955947230160758,
                1.5,
                1.6481705342340949
            ]
        ],
        [
            [
                -2.5396768450737,
                -3.1725010834634304,
                2.243449584628343,
                4.265211126593437,
                1.5,
                0.08901494141189037
            ]
        ],
        [
            [
                2.563773036003113,
                -22.49498701095581,
                3.544010083039444,
                3.5569549991334473,
                1.5,
                2.7111408653382605
            ]
        ],
        [
            [
                10.451731324195862,
                -15.805003017187119,
                2.770360120667939,
                2.58773563751717,
                1.5,
                2.8509420335395568
            ]
        ],
        [
            [
                22.980685353279114,
                -23.839133620262146,
                2.1847874312417104,
                2.876067838041199,
                1.5,
