{
    "world_name": "subworld-223",
    "width": 50,
    "build_up": 0.37565436,
    "height": -1.0,
    "objects": [
        [
            [
                -10.052323341369629,
                7.458329200744629,
                13.147523504056888,
                12.295563725396251,
                18.492954472155024,
                1.6111445818068961
            ]
        ],
        [
            [
                -1.9232407808303833,
                -6.812200546264648,
                8.294218939074977,
                9.625268501395798,
                7.474161736352746,
                2.162011521592314
            ]
        ],
        [
            [
                7.9470977783203125,
                1.5849062204360962,
                7.774838005510911,
                4.618859081057472,
                7.160204181317085,
                1.0138906316346086
            ]
        ],
        [
            [
                12.908153533935547,
                17.09407615661621,
                9.70432104065813,
                5.530406398468116,
                6.07187609206734,
                1.817019839381369
            ]
        ],
        [
            [
                10.052544593811035,
                -20.390275955200195,
                2.766733797190139,
                8.256674847277932,
                7.115849096257357,
                1.8078690249277645
            ]
        ],
        [
            [
                -12.511781692504883,
                -17.486549377441406,
                2.840560360811468,
                7.890103960727954,
                13.567505959773893,
                2.931988961663884
            ]
        ],
        [
            [
                -1.67423415184021,
                -18.62407684326172,
                11.420673269880098,
                3.6141778873182036,
                19.934347327221165,
                0.5111291005861536
            ]
        ],
        [
            [
                -0.21118266880512238,
                17.348878860473633,
                3.676896746840659,
                6.795116713010774,
                9.367179426371493,
                0.904683520589383
            ]
        ],
        [
            [
                19.285194396972656,
                -3.992196559906006,
                14.765960519566722,
                2.509312006576854,
                15.17440113805966,
                1.6988073551254383
            ]
        ],
        [
            [
                -19.44481086730957,
                -11.200247764587402,
                16.61045723415932,
                2.623266688161363,
                6.315083814194727,
                1.6504049066662294
            ]
        ],
        [
            [
                11.943506240844727,
                -7.389398574829102,
                7.317609897640072,
                3.1833545550037385,
                18.771990397688818,
                2.3557043630759784
            ]
        ],
        [
            [
                22.138702392578125,
                22.842634201049805,
                3.406273444420047,
                2.398121713345312,
                19.780052152920913,
                0.48904119025294723
            ]
        ],
        [
            [
                -13.3462553024292,
                18.972776412963867,
                2.566666688295439,
                8.936923222697827,
                17.32197378595599,
                1.6041295383539749
            ]
        ],
        [
            [
                20.4221248626709,
                -18.195032596588135,
                2.2681685035432055,
                3.650977525189616,
                3.12037544761327,
                0.16665438408507738
            ]
        ],
        [
            [
                -22.418354034423828,
                15.399518489837646,
                2.3261504835580418,
                3.569170945559077,
                19.02149562016702,
                0.8943107341677261
            ]
        ],
        [
            [
                13.323372900485992,
                8.092909812927246,
                9.615682481404654,
                2.334140401444768,
                16.479693438289573,
                3.0585720360595836
            ]
        ],
        [
            [
                20.49406671524048,
                14.01034390926361,
                4.252412670056607,
                2.7485778618757406,
                19.523484385713328,
                2.3786646796029647
            ]
        ],
        [
            [
                -23.568182468414307,
                -18.355715185403824,
                8.453135035814764,
                2.178012235395946,
                14.164089598218066,
                1.5761496634769683
            ]
        ],
        [
            [
                -11.057904243469238,
                -2.6113035678863525,
                2.290914049721352,
                3.9559924076803306,
                15.06403534444259,
                0.06478593342820993
            ]
        ],
        [
            [
                -21.64045786857605,
                3.9998793601989746,
                2.207911278636095,
                4.909876303542475,
                8.846662557856178,
                0.6986642635183811
            ]
        ],
        [
            [
                -22.0598726272583,
                10.39863920211792,
                2.067474890598927,
                3.893937321421432,
                4.267008215656984,
                1.0592038832458117
            ]
        ],
        [
            [
                -21.822951078414917,
                21.24281644821167,
                2.797976043330073,
                4.2559461220604025,
                5.290834023008061,
                3.009757591730234
            ]
        ],
        [
            [
                2.744826078414917,
                7.5906065702438354,
                2.6697434702861775,
                4.0069781678619085,
                9.745888422571838,
                1.1350199355275494
            ]
        ],
        [
            [
                22.694096088409424,
                6.656357437372208,
                3.3098616150129336,
                2.729087076842755,
                10.551059701339163,
                3.039043060046753
            ]
        ],
        [
            [
                5.559661269187927,
                21.19563388824463,
                2.8301138176584626,
                3.8803211956729387,
                4.547531820543575,
                0.49447434344293195
            ]
        ],
        [
            [
                7.632867217063904,
                14.45917558670044,
                2.8429756906953547,
                2.6999708608923907,
                8.799921249549925,
                0.24566830482048285
            ]
        ],
        [
            [
                17.85988622903824,
                21.45374894142151,
                3.516629174223372,
                3.1248252922429045,
                12.476325691449683,
                0.1460813789438289
            ]
        ],
        [
            [
                -7.505660057067871,
                -14.855335235595703,
                2.208989001203019,
                2.760323350258934,
                11.975974980752333,
                0.040640125886923784
            ]
        ],
        [
            [
                -15.405518800020218,
                -8.396527826786041,
                2.339409524901159,
                3.29487036105621,
                15.443764764433746,
                0.5462955414988679
            ]
        ],
        [
            [
                -14.17190682888031,
                -3.6422866582870483,
                4.4092418464741066,
                2.0668229575268593,
                2.507911060070817,
                1.7820281847681672
            ]
        ],
        [
            [
