{
    "world_name": "subworld-479",
    "width": 50,
    "build_up": 0.44575936,
    "height": 20.0,
    "objects": [
        [
            [
                -11.404961585998535,
                -6.121561527252197,
                5.969053913860355,
                2.5258336627168854,
                20.0,
                2.1031003542410014
            ]
        ],
        [
            [
                5.811545372009277,
                1.5057231187820435,
                10.165808683453315,
                19.437286182030018,
                20.0,
                1.7207766419050814
            ]
        ],
        [
            [
                -9.554917335510254,
                12.39128303527832,
                9.656625013986487,
                3.1915152330426695,
                20.0,
                1.9097398991669319
            ]
        ],
        [
            [
                9.03558349609375,
                17.375736236572266,
                4.26234412294742,
                9.519430328452593,
                20.0,
                2.6030935663336545
            ]
        ],
        [
            [
                20.863733291625977,
                -16.263141632080078,
                3.265466923730828,
                3.668829725009469,
                20.0,
                0.10468455022368195
            ]
        ],
        [
            [
                17.92995262145996,
                12.406925201416016,
                5.285964552963718,
                4.761014823405482,
                20.0,
                1.1353694456967474
            ]
        ],
        [
            [
                -11.447409629821777,
                -16.1208553314209,
                12.069050275199702,
                7.785244316931699,
                20.0,
                2.9594338619501848
            ]
        ],
        [
            [
                6.440093517303467,
                -13.190258979797363,
                11.678987728330535,
                17.065294719824507,
                20.0,
                1.5667056376922215
            ]
        ],
        [
            [
                -12.272687911987305,
                2.0365142822265625,
                2.4136172602099952,
                4.0849547646271605,
                20.0,
                3.1374786270350254
            ]
        ],
        [
            [
                -11.51837158203125,
                23.713375091552734,
                2.403808155442345,
                6.457182840903713,
                20.0,
                1.566961232016138
            ]
        ],
        [
            [
                -19.917789459228516,
                7.727089881896973,
                13.788654957296355,
                4.419845755397686,
                20.0,
                1.6764711230617741
            ]
        ],
        [
            [
                -0.9295775294303894,
                17.98833465576172,
                4.595344768211444,
                13.229274556877767,
                20.0,
                3.1387550688620527
            ]
        ],
        [
            [
                -21.970367431640625,
                -9.158412456512451,
                2.612469738422688,
                3.045583823655124,
                20.0,
                1.4008711275317416
            ]
        ],
        [
            [
                -21.180112838745117,
                -4.093023300170898,
                5.929659181358628,
                6.070841510648978,
                20.0,
                1.2969661010576818
            ]
        ],
        [
            [
                -6.689609527587891,
                -5.802393913269043,
                2.3601857336862073,
                2.8089576215731604,
                20.0,
                1.649953498793523
            ]
        ],
        [
            [
                21.475417137145996,
                -9.03690767288208,
                4.379109963384973,
                5.331602985527031,
                20.0,
                3.102279585333319
            ]
        ],
        [
            [
                12.780085980892181,
                -22.71943950653076,
                2.1565637639923163,
                6.866214478639255,
                20.0,
                1.7014404016182034
            ]
        ],
        [
            [
                -20.93160343170166,
                19.301176071166992,
                3.695963207142591,
                3.6504622649337537,
                20.0,
                0.14624016290347486
            ]
        ],
        [
            [
                19.68221616744995,
                20.81269645690918,
                2.2141816045125173,
                4.716219186773729,
                20.0,
                0.4971965847071085
            ]
        ],
        [
            [
                -22.12490463256836,
                -17.68684160709381,
                2.6384289409092023,
                8.164846015822572,
                20.0,
                0.23114150044451476
            ]
        ],
        [
            [
                22.851987838745117,
                -21.76589012145996,
                3.765323131093658,
                4.500218586016494,
                20.0,
                0.039269019138635786
            ]
        ],
        [
            [
                20.86125373840332,
                -2.053884983062744,
                3.331193161243634,
                2.042652435326156,
                20.0,
                0.9034874246042942
            ]
        ],
        [
            [
                -8.966064929962158,
                20.400527834892273,
                2.4711712464678186,
                3.2282539876829643,
                20.0,
                1.3198189127388082
            ]
        ],
        [
            [
                20.810420036315918,
                2.592911720275879,
                3.3409102819979624,
                2.0657788478458485,
                20.0,
                0.9754221249940379
            ]
        ],
        [
            [
                20.911150217056274,
                7.006737112998962,
                6.436027965701073,
                2.3171800395254305,
                20.0,
                0.8559556851667414
            ]
        ],
        [
            [
                -17.46501910686493,
                -23.618104100227356,
                2.1627408070683156,
                2.4690387581339324,
                20.0,
                3.102694961061977
            ]
        ],
        [
            [
                -3.0809273906052113,
                -22.778345227241516,
                2.5556672277561945,
                2.6898245892313213,
                20.0,
                0.638267519023708
            ]
        ],
        [
            [
                2.68628191947937,
                -22.6595458984375,
                5.1579606929218595,
                3.06840699238175,
                20.0,
                3.12106972190304
            ]
        ],
        [
            [
                -14.726653158664703,
                8.860882580280304,
                2.962135908624022,
                2.38747887785535,
                20.0,
                0.9032401415466006
            ]
        ],
        [
            [
                -2.8222137093544006,
                9.185495421290398,
                2.0167154177401123,
                3.6059602027334376,
                20.0,
                3.077313421465676
            ]
        ],
        [
            [
                -15.411043018102646,
                15.109700918197632,
                2.665879063126062,
                3.1812561692255494,
                20.0,
                0.10301395433567229
            ]
        ],
        [
            [
                -15.535375036299229,
                20.892773270606995,
                2.9745651035790917,
                2.5750215002349925,
