{
    "world_name": "subworld-270",
    "width": 50,
    "build_up": 0.387076,
    "height": -1.0,
    "objects": [
        [
            [
                -6.392306327819824,
                2.346669912338257,
                9.41028795964839,
                11.529981587734797,
                5.420884815750144,
                1.430135280707737
            ]
        ],
        [
            [
                -4.696636199951172,
                -8.23076343536377,
                3.6788380878224887,
                2.7239850220226165,
                9.880834423178614,
                2.18488848652475
            ]
        ],
        [
            [
                12.059338569641113,
                -1.9172351360321045,
                11.503766131421182,
                5.672766245048722,
                18.079852551220764,
                2.318851922463562
            ]
        ],
        [
            [
                10.371277809143066,
                16.030902862548828,
                17.55445651696631,
                5.584315885076077,
                17.189342409965953,
                0.42004905783507396
            ]
        ],
        [
            [
                -15.868127822875977,
                -10.358124732971191,
                3.832205061143947,
                8.86103803118787,
                14.310822475379739,
                2.5754992624550446
            ]
        ],
        [
            [
                12.708843231201172,
                -18.979232788085938,
                5.296035957363051,
                2.1359775917723063,
                15.387761540760415,
                0.3399996579717015
            ]
        ],
        [
            [
                -19.789031982421875,
                2.9406986236572266,
                11.902582971475745,
                6.80298000620898,
                7.025688952101221,
                1.5345320196751646
            ]
        ],
        [
            [
                -1.5957634449005127,
                -21.114316940307617,
                2.5785219224608973,
                8.044160207163642,
                6.137703576837341,
                1.2761204735011407
            ]
        ],
        [
            [
                -19.2736759185791,
                14.089496612548828,
                6.248113120454107,
                8.238065712170236,
                12.87968596261914,
                1.496217482386861
            ]
        ],
        [
            [
                6.060867786407471,
                -12.46971321105957,
                4.091997887302029,
                8.446475844369047,
                13.240580651857556,
                2.1233564671316767
            ]
        ],
        [
            [
                -6.138406276702881,
                15.893342018127441,
                9.906300586074035,
                3.2129678231183156,
                15.829350518528166,
                0.9485104071400937
            ]
        ],
        [
            [
                -17.442045211791992,
                -20.701210021972656,
                5.077816185180751,
                2.848640052046763,
                10.444098378985364,
                2.962850346924112
            ]
        ],
        [
            [
                18.67737579345703,
                6.935062885284424,
                8.45914738677604,
                5.3352921907038215,
                2.263381301065804,
                0.3119479798832845
            ]
        ],
        [
            [
                -12.682053565979004,
                20.446550369262695,
                3.6835478899160266,
                2.133550162324797,
                12.982751416883797,
                2.1067998265235746
            ]
        ],
        [
            [
                20.64698600769043,
                -16.672672271728516,
                4.601889557613782,
                13.29103527827517,
                11.358733755364561,
                3.0876703859271073
            ]
        ],
        [
            [
                -22.919443130493164,
                -15.397539377212524,
                2.162830044800475,
                5.7741651275854595,
                7.035253241749484,
                2.9465133630859905
            ]
        ],
        [
            [
                5.968089580535889,
                -6.647451877593994,
                4.501268518075088,
                2.3271190111457423,
                19.74681107381241,
                0.5507453641161122
            ]
        ],
        [
            [
                -19.532360076904297,
                21.866676330566406,
                2.5836435079855646,
                7.623355066713728,
                9.400590672420382,
                1.9249048944785254
            ]
        ],
        [
            [
                -9.32381010055542,
                -18.65889474004507,
                2.508547760849566,
                3.6224559488321484,
                17.47970709116172,
                3.0459107933629666
            ]
        ],
        [
            [
                8.74183988571167,
                -16.322530031204224,
                2.268229168566642,
                2.1069036632247444,
                5.5589330132039425,
                1.8566438565661558
            ]
        ],
        [
            [
                4.473538637161255,
                -18.618683367967606,
                2.242307737820896,
                2.603802813908812,
                18.949912834921268,
                2.3002222766074407
            ]
        ],
        [
            [
                7.333455681800842,
                -21.293224096298218,
                3.7314415755710018,
                2.2652305292194868,
                13.699546698210899,
                1.6295046676192484
            ]
        ],
        [
            [
                21.92649745941162,
                -5.391480445861816,
                5.0889598285004585,
                3.3301362283740836,
                12.112896551348744,
                0.5124785637019049
            ]
        ],
        [
            [
                3.2889623641967773,
                4.274086952209473,
                2.325224855979838,
                4.309266010585817,
                12.115134527755748,
                2.9786007874471547
            ]
        ],
        [
            [
                7.6215516328811646,
                23.120755195617676,
                2.2045886010852596,
                2.722274072827841,
                6.125109845379336,
                1.8117556460054762
            ]
        ],
        [
            [
                2.9555351734161377,
                21.229323148727417,
                2.931046415478249,
                3.418188529513981,
                14.506271049975823,
                1.3838148254910907
            ]
        ],
        [
            [
                -22.53756546974182,
                -21.812409698963165,
                2.089043566496546,
                5.2308839094552315,
                17.80666895119894,
                2.9350993518309725
            ]
        ],
        [
            [
                -2.679007202386856,
                -15.184289544820786,
                3.741963716706209,
                2.8942939436078685,
                4.875428253735368,
                2.75486175167777
            ]
        ],
        [
            [
                -23.443861961364746,
                -9.89023244380951,
                2.036266850064274,
                2.045210727492195,
                2.917987935835625,
                2.8559494775354235
            ]
        ],
        [
            [
                -9.010195910930634,
                -10.210490584373474,
                4.039425662173423,
                2.1746720508458997,
                11.91997138501804,
                1.8266668636017018
            ]
        ],
        [
