{
    "world_name": "subworld-155",
    "width": 50,
    "build_up": 0.41647596,
    "height": 20.0,
    "objects": [
        [
            [
                -17.96700096130371,
                4.797979831695557,
                5.004712901486443,
                11.344613204823826,
                20.0,
                0.019287092299700825
            ]
        ],
        [
            [
                9.39526653289795,
                -12.870264053344727,
                12.580907903748669,
                15.319073031235632,
                20.0,
                1.121799931543076
            ]
        ],
        [
            [
                -12.362236976623535,
                -5.6754841804504395,
                3.886748029166646,
                11.05519375372764,
                20.0,
                2.1922148666602514
            ]
        ],
        [
            [
                13.225708961486816,
                14.574419021606445,
                17.37933862786617,
                12.704850460045744,
                20.0,
                0.29450569484556555
            ]
        ],
        [
            [
                -6.712758541107178,
                3.5910165309906006,
                3.2366424608908853,
                3.5732678760687904,
                20.0,
                0.8747372095911187
            ]
        ],
        [
            [
                -14.576223373413086,
                18.40104866027832,
                6.724863981202264,
                3.1879985276654965,
                20.0,
                0.24525924669189392
            ]
        ],
        [
            [
                -0.6301394104957581,
                4.863309860229492,
                2.22857992702368,
                12.107575260926634,
                20.0,
                0.6419987987247591
            ]
        ],
        [
            [
                -9.2847900390625,
                -16.238473892211914,
                9.15491235290489,
                2.219890942190791,
                20.0,
                0.605084201605805
            ]
        ],
        [
            [
                -6.898654937744141,
                16.473440170288086,
                2.659055855625607,
                14.915319417216317,
                20.0,
                2.2618766415993052
            ]
        ],
        [
            [
                1.4216229915618896,
                10.251832962036133,
                4.052834361786843,
                3.356274633549586,
                20.0,
                0.9503707230487461
            ]
        ],
        [
            [
                14.995144844055176,
                -2.9045939445495605,
                2.8539699703544708,
                3.7450876528195796,
                20.0,
                0.3951011857147131
            ]
        ],
        [
            [
                -20.358396530151367,
                -18.138917922973633,
                9.216543815770159,
                2.9916337094217136,
                20.0,
                1.5843390796349461
            ]
        ],
        [
            [
                -8.273763656616211,
                -11.843595504760742,
                4.249691868445858,
                3.030037089443823,
                20.0,
                0.3938952005190568
            ]
        ],
        [
            [
                -3.74953556060791,
                -20.070464611053467,
                2.224819579275463,
                2.563419951785316,
                20.0,
                2.3633623622679343
            ]
        ],
        [
            [
                -21.53992462158203,
                -4.339406967163086,
                4.233744824532788,
                2.016465509702734,
                20.0,
                1.3174125308023767
            ]
        ],
        [
            [
                -5.997548580169678,
                -7.526289463043213,
                3.00509554314404,
                2.468236306857978,
                20.0,
                2.706880305228199
            ]
        ],
        [
            [
                -20.379324436187744,
                18.25651788711548,
                9.789248722105118,
                2.0884507470612306,
                20.0,
                1.6610018868737733
            ]
        ],
        [
            [
                20.94367504119873,
                4.765970230102539,
                7.773134161936873,
                2.8719707050085983,
                20.0,
                0.5785432355544758
            ]
        ],
        [
            [
                -21.581755876541138,
                -9.189988613128662,
                4.180003415034001,
                3.1350816207489673,
                20.0,
                1.9934791161245298
            ]
        ],
        [
            [
                21.998068809509277,
                -15.899370193481445,
                5.86990194643977,
                4.418041764906343,
                20.0,
                1.4824592690660707
            ]
        ],
        [
            [
                19.028806924819946,
                -21.217560052871704,
                2.6803289046035292,
                5.5160702120888585,
                20.0,
                1.875423550620699
            ]
        ],
        [
            [
                21.343786001205444,
                -6.457539901137352,
                6.247039686506613,
                2.27567084232419,
                20.0,
                1.2998500940168038
            ]
        ],
        [
            [
                -8.33963131904602,
                9.234788656234741,
                2.8451303616115284,
                2.844250298415255,
                20.0,
                1.6373708741824347
            ]
        ],
        [
            [
                -15.206630229949951,
                22.848517417907715,
                3.1083818577207007,
                2.0025813230213805,
                20.0,
                1.673865558160367
            ]
        ],
        [
            [
                7.966396331787109,
                1.808661937713623,
                2.9515054517035146,
                2.1974289398503655,
                20.0,
                2.9300229333795738
            ]
        ],
        [
            [
                -14.573894381523132,
                -21.87152657820843,
                3.164447289800649,
                2.612775336716659,
                20.0,
                2.5239349820697647
            ]
        ],
        [
            [
                -15.586487963795662,
                -16.27820074558258,
                3.060162422554055,
                2.3565543608231154,
                20.0,
                2.8670160726338025
            ]
        ],
        [
            [
                -9.344831135123968,
                -21.973557204008102,
                2.9690593178276785,
                2.3147190621855076,
                20.0,
                1.5642040676054103
            ]
        ],
        [
            [
                -2.6445110142230988,
                -9.647708594799042,
                2.1827342655409887,
                3.092156272431862,
                20.0,
                2.304500999938419
            ]
        ],
        [
            [
                -2.5815036296844482,
                -2.50429505109787,
                4.494260860116535,
                2.554839826491802,
                20.0,
                2.7409688921229964
            ]
        ],
        [
            [
                3.2101849913597107,
                -21.24887216091156,
                2.440010151508015,
                4.614607942084426,
                20.0,
                1.5438938569913918
            ]
        ],
        [
            [
                9.009542167186737,
                -22.76561552286148,
                2.2021624957951103,
                2.4028967665515055,
