{
    "world_name": "subworld-11",
    "width": 50,
    "build_up": 0.41391508,
    "height": 20.0,
    "objects": [
        [
            [
                -14.455387115478516,
                5.388329982757568,
                18.519737627069215,
                3.936858125033433,
                20.0,
                1.7584081853483287
            ]
        ],
        [
            [
                13.65347957611084,
                3.512192964553833,
                17.843005475168653,
                16.53408538152647,
                20.0,
                1.5630771857621581
            ]
        ],
        [
            [
                10.378369331359863,
                20.387956619262695,
                10.168087399310838,
                3.727795740189292,
                20.0,
                0.03903227082276017
            ]
        ],
        [
            [
                -21.348308563232422,
                -5.447500705718994,
                2.9811933113836844,
                2.6093936468702834,
                20.0,
                0.5972612984320276
            ]
        ],
        [
            [
                16.969518661499023,
                -18.93350601196289,
                3.469022730625893,
                6.970762900906555,
                20.0,
                2.4944196977600672
            ]
        ],
        [
            [
                -15.498467445373535,
                -12.131867408752441,
                8.451253014187603,
                5.137695332878545,
                20.0,
                2.496987419649573
            ]
        ],
        [
            [
                -4.545571327209473,
                6.342480659484863,
                10.769370130481596,
                4.133977078266898,
                20.0,
                2.026631985498216
            ]
        ],
        [
            [
                -0.8779039978981018,
                -15.112443923950195,
                13.321648514771,
                7.492325852288069,
                20.0,
                2.9078979879053213
            ]
        ],
        [
            [
                -3.7582123279571533,
                18.994640350341797,
                8.080544968564052,
                2.8076955671625865,
                20.0,
                2.8317141051354042
            ]
        ],
        [
            [
                -14.270355224609375,
                19.96592140197754,
                4.245087370122224,
                8.058151021492431,
                20.0,
                1.5996666703308935
            ]
        ],
        [
            [
                0.006180768366903067,
                8.75696849822998,
                2.84517414544335,
                2.1610213352447802,
                20.0,
                0.9512469772372883
            ]
        ],
        [
            [
                10.206258773803711,
                -10.567826271057129,
                3.56252706257666,
                5.396153363046896,
                20.0,
                2.066192078717307
            ]
        ],
        [
            [
                -17.757568359375,
                -19.648666381835938,
                3.4538125282096295,
                7.76304293183966,
                20.0,
                1.1825063853589763
            ]
        ],
        [
            [
                -2.477642774581909,
                -4.620828151702881,
                3.3475240592154965,
                7.195575127414875,
                20.0,
                1.593899410710428
            ]
        ],
        [
            [
                10.212602615356445,
                -17.961627960205078,
                2.331892468143212,
                5.629150658573266,
                20.0,
                0.35393464842370537
            ]
        ],
        [
            [
                -21.38507843017578,
                8.672396421432495,
                2.182595119088706,
                3.60779573356269,
                20.0,
                0.13306951986195648
            ]
        ],
        [
            [
                21.95567035675049,
                21.12454319000244,
                2.231702858947596,
                3.3642518554697647,
                20.0,
                0.0550733575190514
            ]
        ],
        [
            [
                -8.209736585617065,
                -22.5161554813385,
                2.229953107636525,
                2.9876189724299547,
                20.0,
                2.5448474708399957
            ]
        ],
        [
            [
                -3.1447360515594482,
                -21.59010362625122,
                3.7772648914339904,
                2.6049708064840065,
                20.0,
                3.0871036272594496
            ]
        ],
        [
            [
                -10.218867778778076,
                -6.786008358001709,
                2.2250842088565443,
                3.296837467028132,
                20.0,
                2.6267771028283535
            ]
        ],
        [
            [
                6.8770793080329895,
                -21.29818606376648,
                2.762055895827853,
                2.2000290306551524,
                20.0,
                1.3234150737439507
            ]
        ],
        [
            [
                10.586294174194336,
                -23.19999885559082,
                3.460569544095579,
                3.4833395005690297,
                20.0,
                1.6072414079376207
            ]
        ],
        [
            [
                22.295259952545166,
                -20.81421732902527,
                2.8351640896092216,
                3.4499673952378584,
                20.0,
                1.8082647709837227
            ]
        ],
        [
            [
                18.498013883829117,
                -9.11292839050293,
                3.5830797279652726,
                3.3300657005547434,
                20.0,
                1.6792718275331
            ]
        ],
        [
            [
                -19.639242708683014,
                3.455676317214966,
                4.262421024729941,
                3.105381238306807,
                20.0,
                0.046836316836621705
            ]
        ],
        [
            [
                -22.27742648124695,
                17.357118248939514,
                5.893281324865264,
                2.267624154057094,
                20.0,
                1.549213292180804
            ]
        ],
        [
            [
                -9.12916111946106,
                15.441216468811035,
                2.5399443191359983,
                2.256937392926178,
                20.0,
                0.21421289718750613
            ]
        ],
        [
            [
                -22.86040884256363,
                -22.830327928066254,
                2.571599218216883,
                2.549545199595971,
                20.0,
                0.2543534041555864
            ]
        ],
        [
            [
                -22.84704226255417,
                -10.561541438102722,
                2.3885867115076467,
                2.15827748659561,
                20.0,
                2.482696801619552
            ]
        ],
        [
            [
                -9.200505673885345,
                -10.74213981628418,
                2.101771213147117,
                2.260412330549924,
                20.0,
                0.9565768401354161
            ]
        ],
        [
            [
                2.687116175889969,
                -22.24961692094803,
                4.154526355496841,
                3.4093889024508064,
                20.0,
                2.75665345336936
            ]
        ],
        [
            [
                13.98414433002472,
                -14.047023892402649,
                2.3765036585005492,
                2.6829375583155284,
