{
    "world_name": "subworld-461",
    "width": 50,
    "build_up": 0.40896776,
    "height": 1.5,
    "objects": [
        [
            [
                -6.634125232696533,
                -6.302530288696289,
                9.321468186328673,
                11.596291333995461,
                1.5,
                1.4478179187758402
            ]
        ],
        [
            [
                8.869192123413086,
                10.68974494934082,
                16.39578633019347,
                8.319982652527399,
                1.5,
                0.5801846975120356
            ]
        ],
        [
            [
                -7.404532432556152,
                10.669931411743164,
                7.245037428254967,
                2.6598701025112996,
                1.5,
                0.5412413540128762
            ]
        ],
        [
            [
                10.515583038330078,
                -20.84605598449707,
                2.5691751994724883,
                8.646880585202455,
                1.5,
                1.8485518431256796
            ]
        ],
        [
            [
                13.490790367126465,
                -2.8900907039642334,
                11.18328169825559,
                16.420745800729193,
                1.5,
                2.454050870606938
            ]
        ],
        [
            [
                -17.95370864868164,
                -1.3388957977294922,
                4.16779638956471,
                2.0341217131237785,
                1.5,
                1.5874313625586334
            ]
        ],
        [
            [
                1.9788296222686768,
                -15.797545433044434,
                12.69852741454758,
                3.724695074361037,
                1.5,
                0.05019485196000528
            ]
        ],
        [
            [
                -18.886825561523438,
                -14.638604164123535,
                16.15215172198778,
                2.5813223824290272,
                1.5,
                1.9289255886219754
            ]
        ],
        [
            [
                -17.163034439086914,
                16.795696258544922,
                7.319839480402668,
                8.195575475727345,
                1.5,
                0.668840223604631
            ]
        ],
        [
            [
                4.996133804321289,
                20.35802459716797,
                3.2643078040416063,
                5.300352439748174,
                1.5,
                2.913858628184439
            ]
        ],
        [
            [
                -7.747239112854004,
                -20.607376098632812,
                5.516473688699791,
                3.8862091011486535,
                1.5,
                2.946904411820541
            ]
        ],
        [
            [
                -2.665825366973877,
                19.6429386138916,
                4.394174090550036,
                5.014268093263974,
                1.5,
                0.4248983325665301
            ]
        ],
        [
            [
                20.578134536743164,
                -15.889925956726074,
                12.901431899657144,
                2.0428557934664413,
                1.5,
                1.4646937804503632
            ]
        ],
        [
            [
                -21.71815299987793,
                12.26485925912857,
                2.2444232040616443,
                2.2640412023243712,
                1.5,
                2.0602486531748667
            ]
        ],
        [
            [
                -9.878114223480225,
                3.238250732421875,
                4.844321210894635,
                2.666380348630775,
                1.5,
                1.9412636291370942
            ]
        ],
        [
            [
                -19.957200050354004,
                4.266262054443359,
                2.1078690569822554,
                5.789171609088825,
                1.5,
                1.6005574325283676
            ]
        ],
        [
            [
                -16.107949256896973,
                8.637282848358154,
                2.569627267479345,
                2.034026317101163,
                1.5,
                3.0254704185502783
            ]
        ],
        [
            [
                -4.524645805358887,
                5.177061557769775,
                3.512399854323859,
                2.043571794014497,
                1.5,
                0.5363371658400398
            ]
        ],
        [
            [
                21.85407066345215,
                11.828810691833496,
                2.721555433918196,
                7.82963325368578,
                1.5,
                2.6614293355690672
            ]
        ],
        [
            [
                19.40180206298828,
                20.06812858581543,
                6.626070239468367,
                3.0068488857845557,
                1.5,
                0.8868269515703104
            ]
        ],
        [
            [
                2.861985206604004,
                -10.070036888122559,
                2.7196854275297224,
                3.9009754869619764,
                1.5,
                0.9167691340534518
            ]
        ],
        [
            [
                -5.93857279419899,
                22.197185754776,
                2.2486643090475757,
                4.667680691355404,
                1.5,
                2.092785443164255
            ]
        ],
        [
            [
                -9.390827417373657,
                20.464824676513672,
                2.060835347495429,
                4.729528401994987,
                1.5,
                0.6488371200035
            ]
        ],
        [
            [
                20.986228227615356,
                5.866847962141037,
                2.356496759690074,
                2.092424415139424,
                1.5,
                2.4712177379435327
            ]
        ],
        [
            [
                22.145536184310913,
                18.735851769335568,
                2.663534306958092,
                2.2403123783916477,
                1.5,
                0.6228310985819185
            ]
        ],
        [
            [
                -22.084329769015312,
                -22.157616823911667,
                4.771928641200003,
                2.0770165265192553,
                1.5,
                2.958876491326304
            ]
        ],
        [
            [
                -23.152408719062805,
                -15.271568208932877,
                2.6218108499403048,
                2.1189458783155786,
                1.5,
                0.6328786267129223
            ]
        ],
        [
            [
                -2.112860083580017,
                -21.336772859096527,
                2.0093414318402067,
                2.503374606940387,
                1.5,
                2.8962139935000923
            ]
        ],
        [
            [
                -10.045964896678925,
                -14.117953181266785,
                4.574642618031623,
                2.4000101918639216,
                1.5,
                3.050691737101457
            ]
        ],
        [
            [
                -15.88338428735733,
                -9.396214287728071,
                2.4344722030781094,
                4.085090055423887,
                1.5,
                0.10961528162814682
            ]
        ],
        [
            [
                10.072510719299316,
                -16.096292465925217,
                2.212729644949115,
                2.347419506446921,
                1.5,
                2.9899608535186872
            ]
        ],
        [
            [
                16.66383421421051,
                -15.682961449027061,
                3.653423101575979,
                2.1011398741842546,
                1.5,
