{
    "world_name": "subworld-123",
    "width": 50,
    "build_up": 0.41898716,
    "height": 20.0,
    "objects": [
        [
            [
                11.117776870727539,
                9.689244270324707,
                5.349374973470062,
                9.648643583850472,
                20.0,
                1.0127470122017037
            ]
        ],
        [
            [
                -7.200104713439941,
                9.719470024108887,
                8.881443828029607,
                16.463548527901352,
                20.0,
                0.7417815636662327
            ]
        ],
        [
            [
                4.42429780960083,
                -8.439912796020508,
                11.794498362964884,
                18.35270761735855,
                20.0,
                2.097741934030288
            ]
        ],
        [
            [
                -9.965160369873047,
                -17.534072875976562,
                11.270154070415304,
                2.5047411707872005,
                20.0,
                2.520136680646146
            ]
        ],
        [
            [
                -16.922019958496094,
                -0.8412420153617859,
                9.047163540544698,
                2.674789066160173,
                20.0,
                1.435214802238278
            ]
        ],
        [
            [
                10.509297370910645,
                -18.990619659423828,
                8.210211917042008,
                2.720494357534657,
                20.0,
                1.232398127552091
            ]
        ],
        [
            [
                20.82836151123047,
                1.7457760572433472,
                5.405163797909429,
                2.0712197243335453,
                20.0,
                0.8522324088775772
            ]
        ],
        [
            [
                -9.4547119140625,
                -2.6598618030548096,
                2.973404835373885,
                2.0748512698473602,
                20.0,
                0.15126116532041478
            ]
        ],
        [
            [
                13.137847900390625,
                20.26593589782715,
                4.422218568938594,
                19.749326450228672,
                20.0,
                1.6359415252019534
            ]
        ],
        [
            [
                -19.176647186279297,
                -15.704876899719238,
                3.5047714478830976,
                11.203273003069919,
                20.0,
                2.641683572221956
            ]
        ],
        [
            [
                -19.887012481689453,
                17.97516441345215,
                4.037717822971905,
                6.887400124555528,
                20.0,
                1.752095470631111
            ]
        ],
        [
            [
                -12.319825172424316,
                -8.370735168457031,
                2.564977293492224,
                4.038993603210079,
                20.0,
                2.3863757836012542
            ]
        ],
        [
            [
                17.541532516479492,
                -12.13614273071289,
                4.922779758156917,
                2.3163397720989343,
                20.0,
                0.29424523498690225
            ]
        ],
        [
            [
                -22.502208709716797,
                -4.008153915405273,
                8.723370381886419,
                3.591203231732786,
                20.0,
                1.5967276006556135
            ]
        ],
        [
            [
                19.672531127929688,
                13.569790840148926,
                3.4411285609535747,
                2.2427120970269856,
                20.0,
                1.9607778879031454
            ]
        ],
        [
            [
                -14.465904593467712,
                -5.179110527038574,
                3.2494997911394794,
                2.8937474772256486,
                20.0,
                1.3591222739541957
            ]
        ],
        [
            [
                19.18162202835083,
                -17.781676292419434,
                2.6872222314374845,
                8.1771965597008,
                20.0,
                1.8119544574433741
            ]
        ],
        [
            [
                20.150371551513672,
                -6.042489051818848,
                6.97421241444366,
                6.262074328526861,
                20.0,
                0.31418682768802864
            ]
        ],
        [
            [
                -20.789596557617188,
                7.983563423156738,
                4.356880446311402,
                4.791547052222649,
                20.0,
                1.4949737586813374
            ]
        ],
        [
            [
                -3.3641974925994873,
                -20.748238444328308,
                2.657742395733963,
                2.743007456539742,
                20.0,
                1.188984874881491
            ]
        ],
        [
            [
                3.6585021018981934,
                -21.394585371017456,
                3.2084889201958964,
                3.6472987370881786,
                20.0,
                1.6503616018535694
            ]
        ],
        [
            [
                -16.18049144744873,
                8.963714361190796,
                2.365411177450416,
                3.19514672195196,
                20.0,
                0.8019747006132627
            ]
        ],
        [
            [
                -14.44934892654419,
                5.360121488571167,
                3.30716486961083,
                2.0845572297377815,
                20.0,
                2.7592604564355865
            ]
        ],
        [
            [
                -4.698814630508423,
                21.041633129119873,
                3.107530134618072,
                3.11786426622905,
                20.0,
                1.1519585110704362
            ]
        ],
        [
            [
                5.817741841077805,
                5.572832107543945,
                3.510736682945607,
                2.161708896591681,
                20.0,
                2.539417060075933
            ]
        ],
        [
            [
                4.4645445346832275,
                2.6896564960479736,
                3.345260720368091,
                3.103433861723046,
                20.0,
                2.69566240028999
            ]
        ],
        [
            [
                18.812939673662186,
                6.561678469181061,
                2.328830783899541,
                3.5766756347417203,
                20.0,
                2.4984504604803153
            ]
        ],
        [
            [
                -15.395939096808434,
                -21.925583478063345,
                2.8584275107790114,
                5.411232084482656,
                20.0,
                0.24690179487057606
            ]
        ],
        [
            [
                -9.859198033809662,
                -22.234595388174057,
                4.689307567714096,
                2.9654864848525055,
                20.0,
                3.027115522059019
            ]
        ],
        [
            [
                -8.42533665895462,
                -14.367884516716003,
                2.415370906004627,
                2.221325242594269,
                20.0,
                0.25288316926928656
            ]
        ],
        [
            [
                -4.151406288146973,
                -2.894703432917595,
                2.864222895513441,
                2.851772302390676,
                20.0,
                1.1264912300566774
            ]
        ],
        [
            [
                17.0605286359787,
                -23.131847977638245,
                2.3106802974559164,
                2.5823787390473747,
