{
    "world_name": "subworld-286",
    "width": 50,
    "build_up": 0.41116172,
    "height": 1.5,
    "objects": [
        [
            [
                4.501138210296631,
                -16.585590362548828,
                4.397640851368347,
                12.667720808592744,
                1.5,
                2.2712887914911217
            ]
        ],
        [
            [
                -12.271462440490723,
                -9.150891304016113,
                19.052581051150934,
                2.1879203383923422,
                1.5,
                0.4638025854139689
            ]
        ],
        [
            [
                -3.8033554553985596,
                11.632513999938965,
                14.360583469084528,
                15.580822137905677,
                1.5,
                0.737051152621527
            ]
        ],
        [
            [
                4.686984062194824,
                -3.2321319580078125,
                7.012357717993385,
                7.248342779405762,
                1.5,
                0.9049601036460011
            ]
        ],
        [
            [
                -6.503302574157715,
                -20.159936904907227,
                2.601377038702192,
                4.3257741825736185,
                1.5,
                1.7354576666460018
            ]
        ],
        [
            [
                13.91055965423584,
                16.94076919555664,
                4.602512289998752,
                13.148871068993751,
                1.5,
                1.0422617171284476
            ]
        ],
        [
            [
                15.73132610321045,
                -15.245597839355469,
                6.440856007099218,
                3.7391567317770926,
                1.5,
                1.1305831282542964
            ]
        ],
        [
            [
                -16.13986587524414,
                18.869543075561523,
                4.751855530252277,
                3.7565789302971684,
                1.5,
                1.3606160774044163
            ]
        ],
        [
            [
                -14.93575382232666,
                -1.3760782480239868,
                6.445089396416243,
                12.632203166647086,
                1.5,
                1.9100405555310687
            ]
        ],
        [
            [
                18.67925453186035,
                2.382614850997925,
                13.473701269905579,
                5.318959959727449,
                1.5,
                1.7712475284696205
            ]
        ],
        [
            [
                -19.47504234313965,
                5.769443035125732,
                4.055938151682942,
                6.55365453638211,
                1.5,
                1.6227720987738072
            ]
        ],
        [
            [
                -15.493935823440552,
                -19.948670864105225,
                2.5802129641394203,
                4.860199875489589,
                1.5,
                0.4861300159317492
            ]
        ],
        [
            [
                12.647225052118301,
                -22.172167778015137,
                11.696130695450622,
                2.972465451377837,
                1.5,
                3.0240314545668587
            ]
        ],
        [
            [
                21.83968448638916,
                12.695255309343338,
                3.9626619886753023,
                2.178706778657909,
                1.5,
                1.4091703043617863
            ]
        ],
        [
            [
                19.29908514022827,
                21.372926712036133,
                2.0022232577435233,
                3.254111166362473,
                1.5,
                1.0796350387234481
            ]
        ],
        [
            [
                -21.296175956726074,
                -21.499963760375977,
                4.785398729589596,
                2.9161828356384634,
                1.5,
                1.282859957706086
            ]
        ],
        [
            [
                -21.684102535247803,
                -17.471984267234802,
                2.0152673032465365,
                3.1651818013149358,
                1.5,
                1.948006226754462
            ]
        ],
        [
            [
                21.92864418029785,
                -20.642361879348755,
                5.726728624803366,
                2.185927106769489,
                1.5,
                1.3870519153997294
            ]
        ],
        [
            [
                2.6386666297912598,
                -10.016621351242065,
                2.4477774799617174,
                3.118425879468079,
                1.5,
                2.187464032011139
            ]
        ],
        [
            [
                20.01259469985962,
                -6.67912694811821,
                2.00428699749268,
                3.4788816500100754,
                1.5,
                1.7214725590009954
            ]
        ],
        [
            [
                14.547072887420654,
                -7.9542094469070435,
                2.0249920384991644,
                3.323171831293934,
                1.5,
                1.7860218227394735
            ]
        ],
        [
            [
                -21.703283309936523,
                16.80830192565918,
                2.1612508977698766,
                7.308739770873548,
                1.5,
                0.3462360262318598
            ]
        ],
        [
            [
                10.12403678894043,
                4.961406469345093,
                2.8500795632704117,
                5.563050594964699,
                1.5,
                2.9534594944148234
            ]
        ],
        [
            [
                4.478266954421997,
                20.899696588516235,
                5.91880362221476,
                5.339930872898196,
                1.5,
                1.1037781651599303
            ]
        ],
        [
            [
                -7.779302954673767,
                -15.987729042768478,
                2.1549406248301475,
                3.481199987344681,
                1.5,
                0.16153790463546192
            ]
        ],
        [
            [
                -23.612497806549072,
                -8.009836316108704,
                3.062662773275995,
                2.3097209182251786,
                1.5,
                1.5865896258444336
            ]
        ],
        [
            [
                -22.85364031791687,
                -3.921118378639221,
                2.7510984173322033,
                2.418215172391294,
                1.5,
                1.7778297627327662
            ]
        ],
        [
            [
                -2.605300486087799,
                -8.388876736164093,
                2.507805215348042,
                2.248975466708104,
                1.5,
                0.5389246112702075
            ]
        ],
        [
            [
                23.297230124473572,
                -14.405740141868591,
                2.634546824137705,
                3.0417432143274334,
                1.5,
                1.5634542762122134
            ]
        ],
        [
            [
                9.871972888708115,
                -8.793901979923248,
                3.6061712094379392,
                2.7348424476091036,
                1.5,
                2.4752222513240985
            ]
        ],
        [
            [
                21.26167321205139,
                -10.297943592071533,
                2.2198285726546585,
                3.106103014597956,
                1.5,
                1.266351052926988
            ]
        ],
        [
            [
                14.518932461738586,
                -2.894712120294571,
                2.392685842589724,
                2.8706930995232423,
                1.5,
