{
    "world_name": "subworld-94",
    "width": 50,
    "build_up": 0.45947148,
    "height": 20.0,
    "objects": [
        [
            [
                -5.947951316833496,
                -14.848686218261719,
                14.963192544205208,
                14.169996828955036,
                20.0,
                1.6501926612847053
            ]
        ],
        [
            [
                2.01405668258667,
                14.85588550567627,
                7.574213894493423,
                6.86542824136058,
                20.0,
                2.920305177802234
            ]
        ],
        [
            [
                9.334327697753906,
                3.827218770980835,
                6.407525065345215,
                14.351267964763137,
                20.0,
                1.73320275205491
            ]
        ],
        [
            [
                9.591034889221191,
                -20.53208351135254,
                2.1461307930580293,
                3.577348789484446,
                20.0,
                2.62299923972398
            ]
        ],
        [
            [
                17.447328567504883,
                -15.958210945129395,
                8.39813212711599,
                7.908309017939422,
                20.0,
                1.8108065542255813
            ]
        ],
        [
            [
                -11.828553199768066,
                6.7270827293396,
                8.05529664463323,
                18.83317786276455,
                20.0,
                1.1626936411623456
            ]
        ],
        [
            [
                14.514474868774414,
                16.4097900390625,
                4.984003941434289,
                2.74952425584346,
                20.0,
                1.8961177612698803
            ]
        ],
        [
            [
                -19.31499481201172,
                -8.204926490783691,
                8.333240244445328,
                7.552134762388488,
                20.0,
                0.06570678923963258
            ]
        ],
        [
            [
                12.561458587646484,
                -5.926548957824707,
                11.603720789870046,
                2.720733393199345,
                20.0,
                0.5236271037174454
            ]
        ],
        [
            [
                -8.186186790466309,
                22.33216094970703,
                2.120582393453156,
                17.667345171831467,
                20.0,
                1.4840676245944922
            ]
        ],
        [
            [
                -16.688308238983154,
                -20.31273603439331,
                4.766003617142909,
                2.24871751938627,
                20.0,
                1.3607814912695453
            ]
        ],
        [
            [
                -9.328960657119751,
                16.440510034561157,
                2.54761260091227,
                2.0716709017024906,
                20.0,
                1.6410149330699966
            ]
        ],
        [
            [
                20.78895664215088,
                20.33204174041748,
                4.8692940074197,
                6.32115024258448,
                20.0,
                2.9907595961704407
            ]
        ],
        [
            [
                -20.649592757225037,
                -18.852294482290745,
                3.1350582577920343,
                3.2374766824510224,
                20.0,
                1.5108378873983506
            ]
        ],
        [
            [
                -6.499753996729851,
                -3.043745756149292,
                2.1323422634704867,
                7.075427016367817,
                20.0,
                1.0223736596208561
            ]
        ],
        [
            [
                4.865210652351379,
                -22.20001459121704,
                4.886293050891221,
                2.4542262114769926,
                20.0,
                1.7089348138485596
            ]
        ],
        [
            [
                6.300676129758358,
                -15.397925853729248,
                2.1618104493083594,
                2.2383691705783484,
                20.0,
                0.14888251514938755
            ]
        ],
        [
            [
                22.010249137878418,
                -22.89469623565674,
                2.258075437591367,
                3.525796857144945,
                20.0,
                1.4993850356391119
            ]
        ],
        [
            [
                4.2028868198394775,
                -9.670248746871948,
                2.5885782221600175,
                3.265180491429452,
                20.0,
                0.47604783469826506
            ]
        ],
        [
            [
                21.598575830459595,
                -7.7617257833480835,
                2.123151803916986,
                4.825057723588495,
                20.0,
                0.8993816859975062
            ]
        ],
        [
            [
                -19.93088936805725,
                2.682741403579712,
                2.364896255848304,
                2.5866352779956454,
                20.0,
                3.1339752953591518
            ]
        ],
        [
            [
                -23.11054515838623,
                16.545612335205078,
                4.903390586764399,
                2.2060191651874046,
                20.0,
                1.561312870536939
            ]
        ],
        [
            [
                -18.148155570030212,
                20.30969727039337,
                2.4156087467762624,
                3.1083391185627187,
                20.0,
                0.20403148481558886
            ]
        ],
        [
            [
                20.666160821914673,
                5.95398873090744,
                4.835504046538354,
                2.8076309926529275,
                20.0,
                2.7074643490093804
            ]
        ],
        [
            [
                6.367545567452908,
                20.231998562812805,
                5.713338039991027,
                2.482558143553132,
                20.0,
                2.8821529118323816
            ]
        ],
        [
            [
                19.7533518075943,
                14.160873889923096,
                2.974472108368417,
                2.15966714932296,
                20.0,
                0.3185689389032236
            ]
        ],
        [
            [
                -21.239670395851135,
                -22.72165757417679,
                2.1846375375160045,
                3.7690479850952086,
                20.0,
                0.3884066274877882
            ]
        ],
        [
            [
                -22.630954802036285,
                -15.191191464662552,
                2.32114504476739,
                3.4219310963207414,
                20.0,
                1.64729689930358
            ]
        ],
        [
            [
                -15.011521875858307,
                -15.06894165277481,
                3.4415059441110873,
                2.253777103089653,
                20.0,
                0.2261379686589593
            ]
        ],
        [
            [
                3.0833345502614975,
                -16.77483630180359,
                3.17694567813016,
                2.6029210100559705,
                20.0,
                0.08517668107756027
            ]
        ],
        [
            [
                10.116118609905243,
                -14.753879725933075,
                2.792852871750575,
                2.230345978866564,
                20.0,
                1.88891598521699
            ]
        ],
        [
            [
                14.704235792160034,
                -23.605060696601868,
                2.307124911012639,
                2.4962737854538455,
                20.0,
