{
    "world_name": "subworld-384",
    "width": 50,
    "build_up": 0.35840716,
    "height": 20.0,
    "objects": [
        [
            [
                17.43556022644043,
                10.739083290100098,
                3.61564327965569,
                17.700461995401298,
                20.0,
                2.731662264773185
            ]
        ],
        [
            [
                4.369408130645752,
                8.956979751586914,
                9.940431903642931,
                8.367174931152766,
                20.0,
                0.6128762139855806
            ]
        ],
        [
            [
                1.5656181573867798,
                -5.324559688568115,
                15.881191266339526,
                8.406014345287522,
                20.0,
                0.0785006022158179
            ]
        ],
        [
            [
                4.915587425231934,
                20.536865234375,
                5.397588281809618,
                2.302181046412036,
                20.0,
                0.39631430782353805
            ]
        ],
        [
            [
                -11.991154670715332,
                19.146270751953125,
                6.745090106465703,
                6.816722540817125,
                20.0,
                1.8202311699444376
            ]
        ],
        [
            [
                -12.055538177490234,
                -7.142001152038574,
                2.5375260180567434,
                5.715034195267904,
                20.0,
                1.245825188271264
            ]
        ],
        [
            [
                -15.205809593200684,
                -18.154926300048828,
                7.233527262673748,
                4.854419655541346,
                20.0,
                0.932462253448392
            ]
        ],
        [
            [
                8.331597328186035,
                -18.663434982299805,
                7.638025863251405,
                8.819716437774833,
                20.0,
                1.6389039366855074
            ]
        ],
        [
            [
                -16.878732681274414,
                7.065623760223389,
                17.170581230762366,
                3.064501428534478,
                20.0,
                2.160230471715931
            ]
        ],
        [
            [
                -5.567840576171875,
                4.601032257080078,
                2.209065834730885,
                3.1491929867534774,
                20.0,
                1.2731542839559928
            ]
        ],
        [
            [
                -5.184495449066162,
                -19.749313354492188,
                5.963279901643334,
                4.149862942282697,
                20.0,
                0.8284296818330029
            ]
        ],
        [
            [
                18.137414932250977,
                -5.943358421325684,
                4.994271382536673,
                8.559072355386586,
                20.0,
                1.049819828112628
            ]
        ],
        [
            [
                -10.6598482131958,
                8.351570129394531,
                3.1014769179911257,
                2.250406515205217,
                20.0,
                0.6446961018355762
            ]
        ],
        [
            [
                -19.57833194732666,
                -5.562817096710205,
                4.470700984318837,
                2.064207203292038,
                20.0,
                2.7760648776066903
            ]
        ],
        [
            [
                20.606138229370117,
                -16.627119541168213,
                2.8499977922380038,
                2.793145440763156,
                20.0,
                2.5671241318136344
            ]
        ],
        [
            [
                -8.263687133789062,
                10.964004158973694,
                2.456366771992249,
                3.6795405144096565,
                20.0,
                1.0459941527564247
            ]
        ],
        [
            [
                11.71050238609314,
                16.992685317993164,
                4.886492102146786,
                3.5656427428568165,
                20.0,
                2.370593446857022
            ]
        ],
        [
            [
                21.797240257263184,
                5.211106300354004,
                4.631920366281431,
                3.71436827952698,
                20.0,
                1.3322965702500087
            ]
        ],
        [
            [
                -21.828805685043335,
                -14.553287982940674,
                2.0478256717218786,
                4.1380532657160085,
                20.0,
                1.5414421221049046
            ]
        ],
        [
            [
                -21.01379895210266,
                -9.30656623840332,
                2.1812740150666894,
                3.3799470805473333,
                20.0,
                1.388432811509904
            ]
        ],
        [
            [
                18.014198303222656,
                -22.491379022598267,
                4.862975440434889,
                4.2008458217153155,
                20.0,
                0.02788010969945498
            ]
        ],
        [
            [
                -21.65251636505127,
                4.82184898853302,
                3.4180509221865623,
                5.655534971214484,
                20.0,
                0.6182528780282466
            ]
        ],
        [
            [
                -21.776870250701904,
                19.92293620109558,
                4.392712378144311,
                2.295442404998459,
                20.0,
                1.7014557058248796
            ]
        ],
        [
            [
                -3.1833229064941406,
                17.985231518745422,
                2.048267980432514,
                5.925163779242866,
                20.0,
                0.2457921424725955
            ]
        ],
        [
            [
                -5.529486656188965,
                23.307843685150146,
                3.136354891220721,
                2.479250872574966,
                20.0,
                0.004728921335372949
            ]
        ],
        [
            [
                -22.325599402189255,
                -22.264211058616638,
                2.238709938271164,
                2.232727182110071,
                20.0,
                2.120509903343577
            ]
        ],
        [
            [
                -2.481166183948517,
                -22.124731436371803,
                2.3027118215222933,
                2.632921607540154,
                20.0,
                0.8047273026191035
            ]
        ],
        [
            [
                -7.864087700843811,
                -15.33716756105423,
                2.1030309957167885,
                2.3976572651323886,
                20.0,
                0.420828339617207
            ]
        ],
        [
            [
                -2.030370593070984,
                -15.893352836370468,
                2.8978197942273374,
                3.1439988660845044,
                20.0,
                1.202760149348193
            ]
        ],
        [
            [
                -17.31718635559082,
                -10.596739292144775,
                3.4815411503999196,
                2.201484135365334,
                20.0,
                1.4810885876076139
            ]
        ],
        [
            [
                -16.097256630659103,
                -2.2488757371902466,
                2.4729525670928973,
                2.5022953260372383,
                20.0,
                2.182299926336524
            ]
        ],
        [
            [
                23.093368768692017,
                -21.92682845517993,
                2.244734790585589,
                3.7590896727204286,
