{
    "world_name": "subworld-114",
    "width": 50,
    "build_up": 0.34787428,
    "height": 20.0,
    "objects": [
        [
            [
                -13.692767143249512,
                2.8613946437835693,
                7.074378666665755,
                11.07315103515841,
                20.0,
                1.4392305143044977
            ]
        ],
        [
            [
                -4.462797164916992,
                -17.393224716186523,
                9.502165277618872,
                6.585068439193278,
                20.0,
                1.614660449652355
            ]
        ],
        [
            [
                -1.4503096342086792,
                -2.8672804832458496,
                4.80244632902672,
                4.482387040559995,
                20.0,
                2.4230421223869922
            ]
        ],
        [
            [
                -8.347944259643555,
                14.97111988067627,
                17.960950162219582,
                5.041407014530725,
                20.0,
                2.449057115895843
            ]
        ],
        [
            [
                15.55666732788086,
                -11.601696014404297,
                8.728189370658868,
                2.155176981551966,
                20.0,
                0.6271447334045074
            ]
        ],
        [
            [
                9.104365348815918,
                -1.439910650253296,
                4.450075293714029,
                12.74670319043275,
                20.0,
                2.7974951774694086
            ]
        ],
        [
            [
                19.038911819458008,
                11.461562156677246,
                2.912893720764286,
                11.656648235847726,
                20.0,
                0.10271420213325211
            ]
        ],
        [
            [
                -15.993876457214355,
                -11.96279525756836,
                3.6931508766717123,
                2.9879854112309987,
                20.0,
                1.5603691826930395
            ]
        ],
        [
            [
                5.466880798339844,
                10.44876480102539,
                3.4850775779898164,
                7.530333679915453,
                20.0,
                2.8014827376932447
            ]
        ],
        [
            [
                18.146974563598633,
                -0.6702462434768677,
                3.2870891089096093,
                3.7713457166720357,
                20.0,
                2.7640881728205944
            ]
        ],
        [
            [
                13.276748657226562,
                -20.25596809387207,
                12.82386733790867,
                3.629030407617906,
                20.0,
                3.083348008030736
            ]
        ],
        [
            [
                10.727370262145996,
                19.9095458984375,
                5.796998179496611,
                3.547702913479543,
                20.0,
                1.444810439030743
            ]
        ],
        [
            [
                -1.6952030658721924,
                18.896913528442383,
                2.6574195387644166,
                2.196531681527454,
                20.0,
                0.5439975950674178
            ]
        ],
        [
            [
                -8.925580024719238,
                -6.22630500793457,
                3.2582141985809905,
                3.162509704277517,
                20.0,
                2.609700125285479
            ]
        ],
        [
            [
                22.50333595275879,
                -13.9325532913208,
                2.4980153900114903,
                12.189422177968353,
                20.0,
                3.1146373299949426
            ]
        ],
        [
            [
                -21.654434204101562,
                -20.421618461608887,
                2.336151851883031,
                4.3157360263155535,
                20.0,
                0.029981692676968486
            ]
        ],
        [
            [
                5.29449462890625,
                -14.631113767623901,
                2.2405325799276286,
                7.07453099139923,
                20.0,
                1.947589850161309
            ]
        ],
        [
            [
                -17.828754425048828,
                12.547666121274233,
                3.824439229480995,
                2.997898696284487,
                20.0,
                2.283882729509108
            ]
        ],
        [
            [
                -22.40067481994629,
                -14.10478687286377,
                2.353757658480678,
                3.090618595319599,
                20.0,
                1.7559242909335204
            ]
        ],
        [
            [
                -15.847540378570557,
                -18.43052703142166,
                2.65698518845979,
                2.1531236186922946,
                20.0,
                1.4879573196355569
            ]
        ],
        [
            [
                -23.202606678009033,
                -9.10226321220398,
                5.041504393101056,
                2.306792765585733,
                20.0,
                1.6667022238382339
            ]
        ],
        [
            [
                -20.118213653564453,
                -3.9381089210510254,
                2.1550223270462077,
                4.448418391629119,
                20.0,
                1.1018021777064042
            ]
        ],
        [
            [
                -4.555665850639343,
                -8.32945990562439,
                2.514355338033892,
                3.8050271922660155,
                20.0,
                2.888368246845757
            ]
        ],
        [
            [
                2.2326102256774902,
                -19.93158781528473,
                2.6818889614516577,
                2.3264855968115308,
                20.0,
                0.09050844479540898
            ]
        ],
        [
            [
                22.712098121643066,
                -5.857289701700211,
                2.1416633212446285,
                2.332580532971084,
                20.0,
                1.7660610656651483
            ]
        ],
        [
            [
                -21.215909004211426,
                21.476056575775146,
                2.674517742990694,
                6.102203363800954,
                20.0,
                2.761139917204305
            ]
        ],
        [
            [
                3.274017095565796,
                3.2848598957061768,
                3.909747364477746,
                3.2109165408051217,
                20.0,
                2.5146295864291206
            ]
        ],
        [
            [
                4.405723333358765,
                21.26619815826416,
                3.584520708819639,
                3.0934195317535695,
                20.0,
                0.11660668889660464
            ]
        ],
        [
            [
                21.471909284591675,
                21.924374103546143,
                2.3716113856818244,
                3.5773170047418583,
                20.0,
                2.14971044277973
            ]
        ],
        [
            [
                -10.767590403556824,
                -14.531403422355652,
                3.1286610517084235,
                2.30788919428235,
                20.0,
                1.3194215882761775
            ]
        ],
        [
            [
                -20.038498997688293,
                -8.876945704221725,
                2.133151883674068,
                2.0406024219859926,
                20.0,
                1.8686068240792038
            ]
        ],
        [
            [
                -1.8718743324279785,
                -9.71008238196373,
                2.829671239016187,
                2.6181717942961766,
