{
    "world_name": "subworld-419",
    "width": 50,
    "build_up": 0.35969192,
    "height": 1.5,
    "objects": [
        [
            [
                -8.876823425292969,
                -5.078549861907959,
                2.933383720657098,
                2.94581877326459,
                1.5,
                2.717644978889492
            ]
        ],
        [
            [
                -1.0260571241378784,
                -12.414350509643555,
                13.312114005018357,
                5.256961628237691,
                1.5,
                1.6949421222414327
            ]
        ],
        [
            [
                -14.844538688659668,
                7.2859039306640625,
                10.699435455503453,
                13.347059316865153,
                1.5,
                1.8117141282089002
            ]
        ],
        [
            [
                7.09761381149292,
                14.654410362243652,
                15.777370425442307,
                2.8349630732210658,
                1.5,
                0.3311354222027032
            ]
        ],
        [
            [
                8.190489768981934,
                1.685489535331726,
                8.232178031327972,
                11.868863890777906,
                1.5,
                1.1479616142887976
            ]
        ],
        [
            [
                20.687211990356445,
                3.167576313018799,
                17.117242874964635,
                2.733045675436159,
                1.5,
                1.4101622822210225
            ]
        ],
        [
            [
                14.363116264343262,
                -20.202463150024414,
                8.907281793804831,
                5.727428704284422,
                1.5,
                0.050808963956397335
            ]
        ],
        [
            [
                -12.44956111907959,
                -16.373260498046875,
                3.453182051289354,
                12.297495071353252,
                1.5,
                1.8334032063802153
            ]
        ],
        [
            [
                10.174323081970215,
                -9.585783958435059,
                5.909618869866247,
                5.035424657939943,
                1.5,
                1.2416609898641018
            ]
        ],
        [
            [
                -13.141237258911133,
                -22.192855834960938,
                3.7505132998491373,
                2.7176573005475637,
                1.5,
                2.17175859637141
            ]
        ],
        [
            [
                -18.3951358795166,
                20.126251220703125,
                2.3594818211615127,
                3.9665777805207716,
                1.5,
                1.0393687897848034
            ]
        ],
        [
            [
                -18.310914993286133,
                -7.872875213623047,
                7.367991557316121,
                2.3790275011905457,
                1.5,
                2.3437808130139124
            ]
        ],
        [
            [
                -7.750083923339844,
                20.50834083557129,
                4.979531240182082,
                4.586971208220731,
                1.5,
                3.0104016667105564
            ]
        ],
        [
            [
                14.742335319519043,
                10.794625282287598,
                2.39311071107291,
                2.9464907606794632,
                1.5,
                2.5492618254726422
            ]
        ],
        [
            [
                15.503684997558594,
                -13.335683822631836,
                2.417166284425755,
                4.611719787840474,
                1.5,
                2.9686959453556665
            ]
        ],
        [
            [
                -21.163561820983887,
                -21.91375160217285,
                6.258757283816353,
                3.405509974201774,
                1.5,
                2.7404294216862324
            ]
        ],
        [
            [
                19.75565004348755,
                20.028380393981934,
                4.966257269308535,
                3.02849821530462,
                1.5,
                1.5766818771061357
            ]
        ],
        [
            [
                -7.603139877319336,
                -21.180469036102295,
                4.702068313909789,
                2.239893293788147,
                1.5,
                0.11574800944085739
            ]
        ],
        [
            [
                2.406325101852417,
                -22.332985401153564,
                2.3686707045936837,
                2.7406816031550307,
                1.5,
                1.5562280884293234
            ]
        ],
        [
            [
                6.298582702875137,
                -20.09370267391205,
                3.05161135551322,
                6.177317451870883,
                1.5,
                0.12186214716525501
            ]
        ],
        [
            [
                4.091016054153442,
                -7.239437580108643,
                2.6846635803556405,
                2.708572801181975,
                1.5,
                2.216334661836476
            ]
        ],
        [
            [
                -23.01634645462036,
                2.069300651550293,
                2.5530839498923315,
                2.5630096986786475,
                1.5,
                1.8644954717700783
            ]
        ],
        [
            [
                -3.680060863494873,
                7.7948317527771,
                3.199053546082598,
                2.5450026712959533,
                1.5,
                0.20385806040730658
            ]
        ],
        [
            [
                -21.61795473098755,
                16.720970153808594,
                2.3991904245626317,
                3.642003999590499,
                1.5,
                1.3805247876571947
            ]
        ],
        [
            [
                5.753431469202042,
                21.40947413444519,
                7.849843051181011,
                2.063970057194944,
                1.5,
                2.82330829120942
            ]
        ],
        [
            [
                -23.255383133888245,
                -14.310707092285156,
                2.0697241180318366,
                2.8117487683068605,
                1.5,
                2.040152780502831
            ]
        ],
        [
            [
                -2.264832079410553,
                -22.6148179769516,
                2.3524357691445834,
                3.6949299061935235,
                1.5,
                3.1157705848836166
            ]
        ],
        [
            [
                -15.341618061065674,
                -3.0883776992559433,
                2.5254365581856257,
                2.458812693749737,
                1.5,
                1.975178600637568
            ]
        ],
        [
            [
                -10.708234786987305,
                -9.019857048988342,
                2.900674248901022,
                2.427684289463493,
                1.5,
                0.03691155181733996
            ]
        ],
        [
            [
                -1.6553444862365723,
                -2.755270391702652,
                2.299810758833985,
                3.4361363127035087,
                1.5,
                0.1193057173737222
            ]
        ],
        [
            [
                -4.537760615348816,
                -1.8447569608688354,
                2.1681090929890074,
                2.0324339866040058,
                1.5,
                1.161768290127105
            ]
        ],
        [
            [
                23.356627583503723,
                -21.844078408554196,
                3.861953510762035,
                2.5545421113920215,
                1.5,
