{
    "world_name": "subworld-206",
    "width": 50,
    "build_up": 0.33759552,
    "height": 1.5,
    "objects": [
        [
            [
                15.013604164123535,
                0.40795350074768066,
                8.23536134250607,
                5.907381454328428,
                1.5,
                1.7515421578421702
            ]
        ],
        [
            [
                -16.294713973999023,
                -3.4034879207611084,
                17.214301885026448,
                2.4019594866718315,
                1.5,
                2.804641553631602
            ]
        ],
        [
            [
                -8.084822654724121,
                -18.05022430419922,
                4.325663236957872,
                6.2537363714536305,
                1.5,
                1.3450977692012256
            ]
        ],
        [
            [
                3.726865530014038,
                18.26575469970703,
                5.127745940648069,
                4.57282347835031,
                1.5,
                2.1265551379961583
            ]
        ],
        [
            [
                16.26702117919922,
                17.72542953491211,
                4.679929714873382,
                5.461635339536107,
                1.5,
                1.0390582026853463
            ]
        ],
        [
            [
                1.0259510278701782,
                -0.261314332485199,
                4.324791572205558,
                18.026692211444395,
                1.5,
                0.3142044261646968
            ]
        ],
        [
            [
                -18.925128936767578,
                11.506674766540527,
                6.050652987742147,
                10.3184776800748,
                1.5,
                3.096492169860232
            ]
        ],
        [
            [
                -15.67818832397461,
                -9.513991355895996,
                2.536970163106491,
                4.733448635084857,
                1.5,
                0.6113968505316928
            ]
        ],
        [
            [
                10.526716232299805,
                -16.518390655517578,
                8.48931064449842,
                2.563895319980004,
                1.5,
                1.793626255770547
            ]
        ],
        [
            [
                -1.928715467453003,
                -13.7377290725708,
                3.7921855868280905,
                2.168636292989643,
                1.5,
                2.484421112493719
            ]
        ],
        [
            [
                -10.235010147094727,
                15.762436866760254,
                11.83472676943797,
                3.659197737606636,
                1.5,
                2.0018858843708913
            ]
        ],
        [
            [
                17.664203643798828,
                -10.96509075164795,
                2.4687013309492256,
                5.433593330169261,
                1.5,
                1.7033182142250751
            ]
        ],
        [
            [
                6.477888584136963,
                8.539477348327637,
                5.125066924685047,
                4.020333604823023,
                1.5,
                2.069554593710933
            ]
        ],
        [
            [
                2.9710779190063477,
                -19.433359146118164,
                5.067765919747682,
                3.2715592863364606,
                1.5,
                1.078299620657551
            ]
        ],
        [
            [
                18.8757266998291,
                -20.184999465942383,
                3.332619030838922,
                2.900215063200285,
                1.5,
                1.071132924665257
            ]
        ],
        [
            [
                -7.317731857299805,
                -1.3575842380523682,
                5.582876650215457,
                3.2516005360387914,
                1.5,
                2.3726379959014
            ]
        ],
        [
            [
                -17.64761209487915,
                -19.35064935684204,
                3.4377370967784713,
                6.56670054782814,
                1.5,
                2.0130880191678813
            ]
        ],
        [
            [
                9.84811019897461,
                22.53588104248047,
                2.929486350044023,
                3.67229274753717,
                1.5,
                3.0655927653969703
            ]
        ],
        [
            [
                20.824077606201172,
                12.751982629299164,
                2.0604046802515543,
                2.444499695406222,
                1.5,
                2.364579163840264
            ]
        ],
        [
            [
                -20.928622007369995,
                -7.779839396476746,
                6.6498305923709555,
                2.2298604795379227,
                1.5,
                1.1580781988978792
            ]
        ],
        [
            [
                -4.462366461753845,
                -6.418758928775787,
                2.1389824433132127,
                2.3967302392257754,
                1.5,
                1.7702998424492717
            ]
        ],
        [
            [
                9.954619646072388,
                -8.739454507827759,
                3.53640794873871,
                2.3109500693297282,
                1.5,
                0.40898029657347346
            ]
        ],
        [
            [
                8.875105857849121,
                -3.7269153594970703,
                2.032958991663181,
                3.7179909311423724,
                1.5,
                0.3811073501493538
            ]
        ],
        [
            [
                -19.08883437514305,
                2.712923049926758,
                3.476506825774496,
                3.5907598638872713,
                1.5,
                0.47772243097304945
            ]
        ],
        [
            [
                -8.96953558921814,
                6.364832751452923,
                5.653578118974236,
                3.2652864597309392,
                1.5,
                0.021086193874980896
            ]
        ],
        [
            [
                -20.560873985290527,
                21.93736433982849,
                6.790015407136197,
                4.214223777229861,
                1.5,
                0.23101406309744954
            ]
        ],
        [
            [
                -4.223830938339233,
                20.50911831855774,
                2.364076269894528,
                3.6511192021717935,
                1.5,
                0.9002794567228725
            ]
        ],
        [
            [
                -6.56592071056366,
                18.426981925964355,
                2.0339868328759994,
                2.2868488678989856,
                1.5,
                2.9925517253252605
            ]
        ],
        [
            [
                -6.947785675525665,
                22.827882289886475,
                2.7940521416847086,
                2.568056799272785,
                1.5,
                2.550837209916552
            ]
        ],
        [
            [
                -3.2960143089294434,
                15.50050663948059,
                2.8203853283856506,
                2.089276729924378,
                1.5,
                0.5564626747461707
            ]
        ],
        [
            [
                21.443355560302734,
                2.3120741844177246,
                3.7596028942686477,
                2.720457627262278,
                1.5,
                0.3210561842380446
            ]
        ],
        [
            [
                21.022472381591797,
                21.40973138809204,
                2.1227186170803205,
                4.974616994413077,
                1.5,
                1.5200472247449135
