{
    "world_name": "subworld-109",
    "width": 50,
    "build_up": 0.35884324,
    "height": -1.0,
    "objects": [
        [
            [
                4.980958461761475,
                -3.5482754707336426,
                12.973365795332922,
                8.213164806088194,
                9.96171620701966,
                1.669254412769399
            ]
        ],
        [
            [
                -15.684765815734863,
                -16.7747802734375,
                12.266426672842265,
                6.1086084852193565,
                3.196896619127042,
                2.7349357305662574
            ]
        ],
        [
            [
                15.851847648620605,
                12.562682151794434,
                2.384049985119781,
                8.826303662550087,
                19.269220168594106,
                0.7865347744219535
            ]
        ],
        [
            [
                -11.255399703979492,
                6.854830265045166,
                14.288884815335816,
                3.936094478043134,
                11.099479972370396,
                0.32444731801292703
            ]
        ],
        [
            [
                17.300302505493164,
                -5.4263176918029785,
                4.091593660849325,
                4.568115463251517,
                4.956343748304894,
                2.7158464485573415
            ]
        ],
        [
            [
                6.281335353851318,
                -17.234628677368164,
                3.466685146655408,
                17.72231499908769,
                16.574120987462305,
                1.6552679527676262
            ]
        ],
        [
            [
                3.857158660888672,
                18.453886032104492,
                3.8925727092954565,
                5.244720627314495,
                16.138909812927125,
                0.31195322438961814
            ]
        ],
        [
            [
                -9.399697303771973,
                -6.8709716796875,
                3.3193367602019723,
                7.622359595501658,
                2.097560582420983,
                1.8867341873969483
            ]
        ],
        [
            [
                -13.597234725952148,
                15.35233211517334,
                5.936131817272305,
                2.8944640069191587,
                5.867395089246973,
                1.5250625248351324
            ]
        ],
        [
            [
                18.28885841369629,
                3.497889995574951,
                9.78041896449147,
                2.4777306779786055,
                18.48786891775325,
                0.3724321146991232
            ]
        ],
        [
            [
                -14.96145248413086,
                -0.8283123970031738,
                16.75605674002863,
                4.639937679237696,
                19.22501932723156,
                0.07786145040844294
            ]
        ],
        [
            [
                -21.38924503326416,
                -7.003812789916992,
                2.985282728742164,
                2.1594134529080806,
                10.27918544325053,
                0.14962483659691816
            ]
        ],
        [
            [
                21.776808738708496,
                -15.230950832366943,
                7.324839882278603,
                2.3144374319043157,
                3.760253492097534,
                1.3911236256325294
            ]
        ],
        [
            [
                -5.4848432540893555,
                18.829856872558594,
                2.3919568569652934,
                5.432321643359186,
                11.721046504732099,
                2.803801421073798
            ]
        ],
        [
            [
                -21.54055404663086,
                9.609230518341064,
                2.7767469251131156,
                2.1493912315284405,
                18.313031834590134,
                1.034699976797993
            ]
        ],
        [
            [
                5.4255523681640625,
                9.518420934677124,
                3.8799525547263602,
                2.198808347512233,
                5.285079026155118,
                2.7959172984861
            ]
        ],
        [
            [
                19.272395133972168,
                16.69728136062622,
                3.262507793810009,
                8.02979438747152,
                11.468985823071474,
                0.8003693816107873
            ]
        ],
        [
            [
                12.922627121210098,
                21.006305694580078,
                3.4762873476560827,
                2.423538229201769,
                13.765991964291985,
                1.6322139801985653
            ]
        ],
        [
            [
                -18.80470122024417,
                -22.135350942611694,
                2.0317989513088106,
                3.71943187204814,
                16.222509980064174,
                1.8299459271645755
            ]
        ],
        [
            [
                -6.632857590913773,
                -19.672139704227448,
                3.6040698114332965,
                3.151742845993028,
                15.217543973227102,
                2.9218519460544665
            ]
        ],
        [
            [
                -3.8269248008728027,
                -10.797742366790771,
                2.88116491707389,
                2.7289972590120763,
                5.719980276605085,
                1.4461633981690396
            ]
        ],
        [
            [
                -2.1322832107543945,
                -4.175759315490723,
                5.1513863334829475,
                2.148027621451477,
                7.638833769231642,
                1.6351368069214818
            ]
        ],
        [
            [
                9.141833305358887,
                -22.42863702774048,
                2.935274409552701,
                4.476443307876538,
                7.3115756024343534,
                0.10776193478134011
            ]
        ],
        [
            [
                15.100682020187378,
                -22.82588529586792,
                3.7370057711594646,
                2.3491382111375563,
                5.095758568902573,
                3.112917569366095
            ]
        ],
        [
            [
                -20.928272485733032,
                17.776658833026886,
                5.742048193309072,
                5.531824119868606,
                5.301725741740705,
                2.412906696329946
            ]
        ],
        [
            [
                -18.613625034689903,
                22.94261360168457,
                3.52454453876543,
                2.269130679465156,
                5.869176963255896,
                2.5476193647702248
            ]
        ],
        [
            [
                -21.866735667921603,
                -20.567051649093628,
                2.423742753511191,
                2.735271210394325,
                2.9237879204705903,
                2.8231642442789076
            ]
        ],
        [
            [
                -22.34924802184105,
                -23.570642113685608,
                2.088755235162773,
                2.4975677527915336,
                2.3128600466644613,
                1.3208648939970964
            ]
        ],
        [
            [
                -8.128676176071167,
                -22.53414899110794,
                2.532619524063168,
                2.3364288798565314,
                5.06314290744736,
                1.188006553659021
            ]
        ],
        [
            [
                -2.003995418548584,
                -22.602635383605957,
                2.5113681150420253,
                2.2075440274759233,
                5.785854563816573,
                1.3658972540003285
            ]
        ],
        [
