{
    "world_name": "subworld-434",
    "width": 50,
    "build_up": 0.33500092,
    "height": 20.0,
    "objects": [
        [
            [
                12.198875427246094,
                -0.40403708815574646,
                3.708970064538943,
                14.078438713654407,
                20.0,
                1.7304955140842384
            ]
        ],
        [
            [
                -17.145092010498047,
                7.875075817108154,
                2.651203387447628,
                7.74774338996697,
                20.0,
                1.180749779953288
            ]
        ],
        [
            [
                -15.191946029663086,
                -7.328880786895752,
                12.336906634110278,
                9.011813511584322,
                20.0,
                1.1733300637866384
            ]
        ],
        [
            [
                9.962658882141113,
                9.96491527557373,
                3.7897415749600025,
                6.060693159545151,
                20.0,
                0.25694408138654445
            ]
        ],
        [
            [
                -0.7025042772293091,
                -0.9938926696777344,
                2.7763964211674184,
                10.152800823544332,
                20.0,
                0.01637874079433077
            ]
        ],
        [
            [
                3.9400827884674072,
                18.950284957885742,
                5.107289823473813,
                19.848186283067555,
                20.0,
                1.56383829929092
            ]
        ],
        [
            [
                3.2625515460968018,
                -16.34612464904785,
                10.0173518735667,
                7.587388730083552,
                20.0,
                2.860295784620025
            ]
        ],
        [
            [
                -15.58657169342041,
                18.954872131347656,
                6.1460585506239465,
                6.43776733159162,
                20.0,
                1.1930120116070644
            ]
        ],
        [
            [
                17.90934944152832,
                -12.35152530670166,
                7.697077305316569,
                2.3295620289876826,
                20.0,
                2.2508569355680446
            ]
        ],
        [
            [
                12.716537475585938,
                -21.028499603271484,
                2.977403733468303,
                3.794350673180162,
                20.0,
                1.4271076000151626
            ]
        ],
        [
            [
                -5.684716701507568,
                -10.44570541381836,
                3.509829476953083,
                4.6477610952082475,
                20.0,
                0.6431585885243584
            ]
        ],
        [
            [
                9.393087387084961,
                -8.422347068786621,
                4.141648191834526,
                4.9063509248010195,
                20.0,
                1.4660341619473065
            ]
        ],
        [
            [
                -6.097105503082275,
                -16.609844207763672,
                2.4204348672459766,
                2.0321022783046954,
                20.0,
                2.785953434860909
            ]
        ],
        [
            [
                17.759700775146484,
                14.51296615600586,
                3.254457852647339,
                3.9182368767083915,
                20.0,
                2.736122349734793
            ]
        ],
        [
            [
                0.635774552822113,
                9.490191459655762,
                7.228370478640715,
                3.658308295359324,
                20.0,
                2.815056599112377
            ]
        ],
        [
            [
                -14.837752342224121,
                -21.996923446655273,
                3.506519826896368,
                2.7468619464708395,
                20.0,
                3.012047654918729
            ]
        ],
        [
            [
                21.67369556427002,
                -6.2528581619262695,
                3.049590896241091,
                2.5380833022797016,
                20.0,
                1.9693712018400678
            ]
        ],
        [
            [
                20.40915870666504,
                -23.275585174560547,
                6.187591524099542,
                3.099305947484954,
                20.0,
                3.0976473397767483
            ]
        ],
        [
            [
                -8.886405944824219,
                7.640233516693115,
                2.078882420165665,
                4.602790773583396,
                20.0,
                0.16996271602323287
            ]
        ],
        [
            [
                21.37778663635254,
                7.816122531890869,
                4.255744892816038,
                2.3388639385431995,
                20.0,
                1.136005014756436
            ]
        ],
        [
            [
                -21.55668020248413,
                -20.23493993282318,
                2.894218858349102,
                6.042034237581082,
                20.0,
                2.4757745590105715
            ]
        ],
        [
            [
                -3.221238851547241,
                -22.758845329284668,
                2.0879984848734607,
                2.833127865890338,
                20.0,
                1.7771662414293088
            ]
        ],
        [
            [
                -8.945362091064453,
                -20.833763360977173,
                3.021938900840913,
                3.942602004579578,
                20.0,
                0.7657131545705591
            ]
        ],
        [
            [
                -16.910184144973755,
                4.214961528778076,
                4.510232834703972,
                2.8338435836074627,
                20.0,
                2.7583196050841945
            ]
        ],
        [
            [
                -23.21583366394043,
                17.40962326526642,
                3.470510956307815,
                2.0302867711473898,
                20.0,
                1.2977418672709868
            ]
        ],
        [
            [
                21.222266674041748,
                20.39404845237732,
                2.188352362957509,
                2.3017460214746266,
                20.0,
                1.4027135446648478
            ]
        ],
        [
            [
                -22.578159511089325,
                -15.8673405200243,
                2.8951611059590925,
                2.6454552755024627,
                20.0,
                0.6701887025966599
            ]
        ],
        [
            [
                -16.90525770187378,
                -16.44603568315506,
                2.5196474802614013,
                2.6912919409372424,
                20.0,
                1.3811066407142805
            ]
        ],
        [
            [
                -10.239883124828339,
                -15.011700987815857,
                2.672929745296825,
                2.633343503246344,
                20.0,
                2.257436975443122
            ]
        ],
        [
            [
                -21.83760614693165,
                -3.800704538822174,
                2.93102955158078,
                2.1401100731389553,
                20.0,
                0.3416040129527431
            ]
        ],
        [
            [
                -4.685556530952454,
                -2.084799885749817,
                2.517662946543009,
                3.6496919845182347,
                20.0,
                3.0883578431975645
            ]
        ],
        [
            [
                15.124463379383087,
                -16.576371550559998,
                4.252229623712115,
                2.593269926925042,
