{
    "world_name": "subworld-478",
    "width": 50,
    "build_up": 0.40192096,
    "height": -1.0,
    "objects": [
        [
            [
                -11.2430419921875,
                -12.076699256896973,
                15.998531021839044,
                5.9947669874238425,
                13.973384352480268,
                1.2187681769234175
            ]
        ],
        [
            [
                13.297935485839844,
                8.71272087097168,
                2.0931195254059007,
                10.741616546181412,
                18.668988291735726,
                0.6829267060617712
            ]
        ],
        [
            [
                8.444743156433105,
                -8.321744918823242,
                2.4900297591639777,
                3.567682540377191,
                10.583314014676557,
                0.35615481541068994
            ]
        ],
        [
            [
                -4.872808456420898,
                12.460526466369629,
                12.89782355004304,
                16.44825117623666,
                14.973040685441674,
                0.7752163359860262
            ]
        ],
        [
            [
                16.194988250732422,
                -16.784889221191406,
                9.589731385953197,
                10.771334475854285,
                7.057953551567026,
                2.0824589013028647
            ]
        ],
        [
            [
                10.464441299438477,
                -0.028996899724006653,
                2.3632239237760952,
                3.951110346587825,
                4.142688613335271,
                2.7057065084084124
            ]
        ],
        [
            [
                17.033098220825195,
                14.653646469116211,
                4.486832753772223,
                2.2836850323041773,
                5.487738922622812,
                1.276170104662949
            ]
        ],
        [
            [
                -19.0141658782959,
                -7.977596759796143,
                10.890709763754076,
                2.314838242042814,
                4.339000996099235,
                1.418451857406586
            ]
        ],
        [
            [
                18.309978485107422,
                -1.748908281326294,
                3.8323317102474372,
                5.439754337773271,
                16.2041328508639,
                1.3069760958153402
            ]
        ],
        [
            [
                9.462507247924805,
                18.607755661010742,
                5.9447838996609175,
                3.5153606344178554,
                6.821167096622215,
                0.2406456186464856
            ]
        ],
        [
            [
                5.664068222045898,
                -16.509506225585938,
                3.9783819700737433,
                8.29852348955295,
                19.651176258623945,
                0.19675264672690074
            ]
        ],
        [
            [
                -4.143994331359863,
                -18.344097137451172,
                4.6163228318724245,
                3.543688017141016,
                3.3880215592704195,
                1.2927443406708974
            ]
        ],
        [
            [
                5.072459697723389,
                -1.935972809791565,
                7.754860242481253,
                2.847210293473302,
                7.37608573853111,
                2.2106266625681226
            ]
        ],
        [
            [
                -21.376550674438477,
                9.022857666015625,
                3.263058799775022,
                2.3266154962459997,
                6.969817818060705,
                3.1415037341188827
            ]
        ],
        [
            [
                -1.733844518661499,
                -7.3668622970581055,
                5.3840664346586795,
                7.244138422913542,
                3.1474944308223547,
                2.6529409097447436
            ]
        ],
        [
            [
                -17.2354793548584,
                1.5601574182510376,
                3.0446725516702284,
                3.206630232842654,
                11.76675408208569,
                1.362237769548853
            ]
        ],
        [
            [
                -22.37416362762451,
                -21.880517959594727,
                3.523515013311399,
                2.3000958832598988,
                12.439689518387468,
                1.7763651436926968
            ]
        ],
        [
            [
                -17.4818696975708,
                20.964950561523438,
                4.477669769459139,
                3.4461632896029317,
                11.43169677159074,
                1.6582381377356297
            ]
        ],
        [
            [
                21.45452880859375,
                21.83840560913086,
                4.696151264750416,
                3.8765366911796075,
                17.544226235027825,
                0.29556375116643974
            ]
        ],
        [
            [
                -22.864445209503174,
                -16.69297957420349,
                4.641055625435995,
                3.2501227011835905,
                4.726895637536714,
                1.401447521604623
            ]
        ],
        [
            [
                -14.498241424560547,
                -4.769058346748352,
                2.1597118385998604,
                2.49421837114888,
                4.2380924135498255,
                2.9281345396582372
            ]
        ],
        [
            [
                17.394304633140564,
                -7.728998422622681,
                2.8385332789990994,
                7.124830690744567,
                13.854819207311534,
                1.216707072201547
            ]
        ],
        [
            [
                -14.545607089996338,
                5.034014344215393,
                2.5060180260521356,
                4.631798187091494,
                12.13292837434071,
                2.946967073054048
            ]
        ],
        [
            [
                6.423095285892487,
                5.295702219009399,
                3.8083212618742945,
                4.271583040373654,
                2.394284718005967,
                2.316883855869222
            ]
        ],
        [
            [
                22.5018413066864,
                4.397754430770874,
                2.904617956216897,
                3.974758804651324,
                8.400682198926257,
                1.8313775249937698
            ]
        ],
        [
            [
                3.574981689453125,
                22.345733404159546,
                2.055243789921187,
                2.4471467998577117,
                11.995426999328808,
                2.67791210752
            ]
        ],
        [
            [
                -9.046812146902084,
                -23.00822365283966,
                3.4250116342144112,
                2.1668836314828477,
                18.55828244187083,
                0.2518479122096282
            ]
        ],
        [
            [
                -2.513801872730255,
                -23.579641580581665,
                4.356846047075768,
                2.2449579524845493,
                9.890535711120014,
                3.1163570564337646
            ]
        ],
        [
            [
                -22.790392339229584,
                -8.301042795181274,
                2.8091226306906085,
                3.552448471982132,
                8.569799465982076,
                0.022049423296247816
            ]
        ],
        [
            [
                -16.70101225376129,
                -9.590478077530861,
                2.45240994159267,
                3.7298038942392338,
                6.593948657141599,
                2.915258194885636
            ]
        ],
        [
            [
