{
    "world_name": "subworld-224",
    "width": 50,
    "build_up": 0.395789,
    "height": 1.5,
    "objects": [
        [
            [
                10.856176376342773,
                5.147442817687988,
                6.15970739175596,
                18.187135256185524,
                1.5,
                1.5707328171730137
            ]
        ],
        [
            [
                20.52478790283203,
                -19.860565185546875,
                5.956941711379498,
                2.149278120055091,
                1.5,
                2.3561893350047862
            ]
        ],
        [
            [
                15.399656295776367,
                -6.988213062286377,
                8.927051621419029,
                3.0565621146951925,
                1.5,
                1.2017092687659896
            ]
        ],
        [
            [
                -7.195774078369141,
                -1.9323347806930542,
                12.909488321430013,
                7.192802379047567,
                1.5,
                0.046561784904011194
            ]
        ],
        [
            [
                1.695833683013916,
                -17.4898738861084,
                9.211229173973601,
                6.308730106722003,
                1.5,
                2.694211242483423
            ]
        ],
        [
            [
                -19.914165496826172,
                -5.122110843658447,
                4.569901184805817,
                4.064679279180363,
                1.5,
                1.6014372823264702
            ]
        ],
        [
            [
                -7.863860607147217,
                13.625908851623535,
                14.668547527941785,
                7.878647696500748,
                1.5,
                1.8147048637752017
            ]
        ],
        [
            [
                -14.779779434204102,
                -20.3236141204834,
                7.634430074035026,
                2.774984711734216,
                1.5,
                2.631382642068957
            ]
        ],
        [
            [
                -10.123733520507812,
                -12.611800193786621,
                6.367121615111879,
                6.369616095727428,
                1.5,
                1.4349587102003818
            ]
        ],
        [
            [
                -17.26094627380371,
                18.825849533081055,
                4.912966559336526,
                11.763990008497975,
                1.5,
                0.13852819354547474
            ]
        ],
        [
            [
                17.288406372070312,
                16.645767211914062,
                6.378761526009312,
                10.936231312240873,
                1.5,
                1.859683192406105
            ]
        ],
        [
            [
                3.7574453353881836,
                -6.6805739402771,
                3.1394519315578746,
                8.441064302495558,
                1.5,
                3.0053698860305875
            ]
        ],
        [
            [
                -18.075664520263672,
                5.30928373336792,
                2.0485915617315347,
                9.272315495400107,
                1.5,
                1.9265459387908868
            ]
        ],
        [
            [
                4.454301357269287,
                17.333524703979492,
                11.667259005784425,
                3.7720426089936754,
                1.5,
                0.8841054381352726
            ]
        ],
        [
            [
                -6.804315090179443,
                -19.460472106933594,
                2.2196834009807676,
                2.061886102821518,
                1.5,
                1.9345225952557277
            ]
        ],
        [
            [
                15.956524133682251,
                -13.386903464794159,
                2.759099809676752,
                7.631227871756483,
                1.5,
                1.5489268362746562
            ]
        ],
        [
            [
                9.719826698303223,
                -8.377055168151855,
                3.1323847582210855,
                2.3975584350519297,
                1.5,
                1.387569977280739
            ]
        ],
        [
            [
                11.337010145187378,
                -19.599918842315674,
                2.053590319023213,
                2.6924428625820793,
                1.5,
                2.5269130788673433
            ]
        ],
        [
            [
                -22.938023567199707,
                -21.673035144805908,
                4.251638456305114,
                3.409840855068853,
                1.5,
                1.5141343297356495
            ]
        ],
        [
            [
                -21.89798617362976,
                -16.60150718688965,
                2.026677924626177,
                2.440069011986975,
                1.5,
                2.8141728782745696
            ]
        ],
        [
            [
                -2.5100321769714355,
                -9.07429552078247,
                2.382042168614244,
                2.187512211398805,
                1.5,
                2.301985630679205
            ]
        ],
        [
            [
                20.655465126037598,
                -5.610074818134308,
                2.587653080687338,
                4.272588300766628,
                1.5,
                2.679040385223816
            ]
        ],
        [
            [
                -21.106311559677124,
                10.331001281738281,
                2.6061426145656466,
                2.2137295509383907,
                1.5,
                1.5826876815807969
            ]
        ],
        [
            [
                -22.71793007850647,
                20.440902590751648,
                3.4440413218701957,
                2.584831089700761,
                1.5,
                2.6118518702902502
            ]
        ],
        [
            [
                -4.018258631229401,
                -21.895138511434197,
                3.2873509519172,
                2.987924262580511,
                1.5,
                1.4655495307470714
            ]
        ],
        [
            [
                -21.123589873313904,
                -10.367456674575806,
                2.142704056078586,
                2.021810958502983,
                1.5,
                1.9654815534183658
            ]
        ],
        [
            [
                8.818934381008148,
                -23.415913939476013,
                2.3474564688499684,
                2.1548462202908576,
                1.5,
                0.44092237149975944
            ]
        ],
        [
            [
                15.758602902293205,
                -22.314846605062485,
                2.715256935722799,
                5.0429175374778,
                1.5,
                2.204466274361336
            ]
        ],
        [
            [
                14.81123822927475,
                -16.62405490875244,
                3.06390907901504,
                2.1629737041407076,
                1.5,
                2.4967842894938266
            ]
        ],
        [
            [
                22.60588574409485,
                -16.659732818603516,
                2.1820076201012415,
                3.002819607939106,
                1.5,
                0.47825413448318166
            ]
        ],
        [
            [
                8.845544695854187,
                -2.2232572436332703,
                3.096468158427855,
                2.095204333274686,
                1.5,
                1.1134526568131446
            ]
        ],
        [
            [
                -23.233596682548523,
                7.866690397262573,
                2.3636645630558317,
                2.405102967015473,
                1.5,
