{
    "world_name": "subworld-271",
    "width": 50,
    "build_up": 0.3337346,
    "height": -1.0,
    "objects": [
        [
            [
                -13.43464469909668,
                -4.264203071594238,
                6.7485219258561,
                11.878212348112335,
                12.889632913346132,
                0.8393564130115762
            ]
        ],
        [
            [
                -5.599377632141113,
                12.17085075378418,
                16.43331142524951,
                3.5714447037274804,
                5.71196198259868,
                0.070494064109349
            ]
        ],
        [
            [
                1.2697420120239258,
                -12.339153289794922,
                4.965574418556375,
                2.61617570969578,
                9.092830344965474,
                0.6030113710008247
            ]
        ],
        [
            [
                4.3818840980529785,
                0.3969941735267639,
                2.2778420846215672,
                6.4224453397041605,
                13.605440822126413,
                1.1245609266994188
            ]
        ],
        [
            [
                15.59440803527832,
                18.089570999145508,
                5.146738275071358,
                9.446983324364751,
                5.92906315221717,
                3.0971769572462584
            ]
        ],
        [
            [
                12.055848121643066,
                -8.596750259399414,
                3.246471505157505,
                3.74818529922568,
                2.7857037796780277,
                2.251818491101692
            ]
        ],
        [
            [
                14.52725887298584,
                -15.52364444732666,
                7.3366058702448855,
                4.5464105224776485,
                16.03274909802226,
                0.27737254037178394
            ]
        ],
        [
            [
                8.103019714355469,
                9.176109313964844,
                6.785899142034763,
                2.712467037217338,
                15.491723054788213,
                1.0454355338828503
            ]
        ],
        [
            [
                23.52513313293457,
                11.222076416015625,
                2.4842866972603677,
                7.415104714986753,
                12.24916358879374,
                3.110720267138247
            ]
        ],
        [
            [
                -16.456787109375,
                18.014860153198242,
                4.0926057000355796,
                3.387653772027818,
                9.52600579121376,
                0.3747450890228199
            ]
        ],
        [
            [
                -10.102795600891113,
                -17.229108810424805,
                2.5954266162534028,
                8.949290089291228,
                14.44336493401302,
                1.958360804041821
            ]
        ],
        [
            [
                3.9941558837890625,
                20.71994400024414,
                3.421743967340052,
                2.9907675896647645,
                9.638169434572799,
                1.672190542438976
            ]
        ],
        [
            [
                18.13962173461914,
                1.355141043663025,
                6.563257282989179,
                4.033056482945103,
                14.869760509185024,
                2.755997902044577
            ]
        ],
        [
            [
                -7.7867584228515625,
                19.07210350036621,
                2.2629349697349355,
                3.478832486027036,
                18.609108537795564,
                0.8352048611990495
            ]
        ],
        [
            [
                -3.410839080810547,
                -3.080414295196533,
                2.4082592621899517,
                6.645775661323034,
                10.959886567377684,
                0.25071730667667635
            ]
        ],
        [
            [
                -20.708425521850586,
                12.358030319213867,
                4.739283588469943,
                2.436906770884126,
                14.377630148678525,
                2.0611019019023966
            ]
        ],
        [
            [
                -10.369736671447754,
                3.997507095336914,
                2.1452377774733593,
                6.488275320590717,
                8.69595751050844,
                0.5388412701535799
            ]
        ],
        [
            [
                -19.086336612701416,
                -14.28978943824768,
                4.0536459172601,
                3.5082930187354346,
                9.39742381265248,
                2.1610326883350783
            ]
        ],
        [
            [
                -20.391812324523926,
                -21.611929893493652,
                6.129051585725397,
                3.143969322748352,
                14.759627798005482,
                0.09967542168880295
            ]
        ],
        [
            [
                18.438960075378418,
                -22.04909610748291,
                3.072433823476884,
                6.065682326655832,
                8.519644736638822,
                1.5334333595905647
            ]
        ],
        [
            [
                5.246238708496094,
                -19.433082103729248,
                3.190183291984834,
                7.7003808429075,
                8.7205932225674,
                0.2922453534001537
            ]
        ],
        [
            [
                11.979067206382751,
                5.081712245941162,
                4.229176779166972,
                4.646182530378314,
                10.629112085924946,
                2.9402275411974177
            ]
        ],
        [
            [
                -5.161512970924377,
                -19.847816228866577,
                4.232231965469646,
                2.5864295690041943,
                6.515244392305074,
                0.3449497836233848
            ]
        ],
        [
            [
                -21.57471203804016,
                -7.172388792037964,
                4.79825788870825,
                4.181951522109383,
                5.164328632560031,
                2.2983077092381725
            ]
        ],
        [
            [
                -2.9168143272399902,
                -9.431780099868774,
                2.5206017647469237,
                3.0452977440089457,
                9.015999159308688,
                2.2597436796523405
            ]
        ],
        [
            [
                22.293886184692383,
                -14.854490995407104,
                2.9169341993297775,
                3.318827684047775,
                16.85652912078697,
                1.4747196288092488
            ]
        ],
        [
            [
                4.795763611793518,
                -7.530949115753174,
                4.001991927803819,
                2.2093051434731033,
                11.679348325164616,
                2.128180962061721
            ]
        ],
        [
            [
                19.56344312429428,
                -7.64371657371521,
                2.519550427831178,
                4.899882848725619,
                6.5237567851197955,
                0.8133386419041309
            ]
        ],
        [
            [
                22.818622589111328,
                -5.2248146533966064,
                2.6221597267961294,
                2.639819230715667,
                18.40423761174899,
                0.1561824083012029
            ]
        ],
        [
            [
                -19.749932646751404,
                6.163999989628792,
                2.0298655957362586,
                3.4090093381922237,
                5.026173233879168,
                1.728342662463482
            ]
        ],
        [
            [
