{
    "world_name": "subworld-124",
    "width": 50,
    "build_up": 0.4121728,
    "height": 20.0,
    "objects": [
        [
            [
                -13.911843299865723,
                -8.111766815185547,
                15.95639525339599,
                2.440880375258131,
                20.0,
                0.7813007742945404
            ]
        ],
        [
            [
                2.6567084789276123,
                5.869779109954834,
                19.03156686918593,
                14.931833209548776,
                20.0,
                1.929825351938265
            ]
        ],
        [
            [
                14.553466796875,
                -8.89501667022705,
                8.117939427838063,
                8.34581528294866,
                20.0,
                1.969838029250489
            ]
        ],
        [
            [
                -0.7504263520240784,
                -16.3708438873291,
                4.64055082471853,
                11.848648465163075,
                20.0,
                2.2951903907441324
            ]
        ],
        [
            [
                -14.107707023620605,
                -18.122196197509766,
                3.6324850037657432,
                6.877560050617146,
                20.0,
                2.585180307453303
            ]
        ],
        [
            [
                -18.6833553314209,
                10.913163185119629,
                4.610786860995601,
                7.225749168817671,
                20.0,
                0.561783802324618
            ]
        ],
        [
            [
                -7.80370569229126,
                19.202184677124023,
                5.87472543256,
                11.404195890785937,
                20.0,
                1.7993573392175906
            ]
        ],
        [
            [
                17.734495162963867,
                12.537077903747559,
                7.014387429050765,
                5.045186006093674,
                20.0,
                0.23565181678222236
            ]
        ],
        [
            [
                12.042107582092285,
                -20.457096099853516,
                4.429538656222512,
                2.6144566186492693,
                20.0,
                0.12044101015114927
            ]
        ],
        [
            [
                -20.527799606323242,
                -5.8906402587890625,
                3.5336611124387365,
                5.2689702220383685,
                20.0,
                2.6099363759683105
            ]
        ],
        [
            [
                20.27935028076172,
                3.6928582191467285,
                2.683192501500952,
                4.91921797492974,
                20.0,
                0.09630425974809897
            ]
        ],
        [
            [
                -18.30030632019043,
                2.235398292541504,
                2.0654204053212197,
                9.077188051329891,
                20.0,
                1.113684475345102
            ]
        ],
        [
            [
                5.818676471710205,
                21.720809936523438,
                2.760136149061638,
                2.511169430692878,
                20.0,
                2.858222614141913
            ]
        ],
        [
            [
                21.32094955444336,
                -6.530740261077881,
                2.524628855839965,
                3.017306228983387,
                20.0,
                0.3619021501293942
            ]
        ],
        [
            [
                4.840394496917725,
                -9.559623003005981,
                3.0600132359728036,
                2.4982036930223464,
                20.0,
                2.5765017675226654
            ]
        ],
        [
            [
                20.131237506866455,
                -16.77487277984619,
                2.8289876967608496,
                6.235979677648656,
                20.0,
                2.4391698931725196
            ]
        ],
        [
            [
                16.971801280975342,
                19.13674020767212,
                2.739993184646658,
                3.5817687226181887,
                20.0,
                1.9166967284123393
            ]
        ],
        [
            [
                -22.713812351226807,
                -21.58688497543335,
                4.333618084791876,
                5.039481718968718,
                20.0,
                0.030780953917750598
            ]
        ],
        [
            [
                -7.973774075508118,
                -10.317154884338379,
                3.5560268019785877,
                2.9457774697613774,
                20.0,
                0.12134430664251572
            ]
        ],
        [
            [
                4.622485876083374,
                -18.943077370524406,
                2.5452462051482314,
                3.0630874557147805,
                20.0,
                0.38719343035247555
            ]
        ],
        [
            [
                -9.28100872039795,
                2.8598406314849854,
                3.9012397570547206,
                3.173810509466062,
                20.0,
                1.3734947000119146
            ]
        ],
        [
            [
                -19.260986864566803,
                20.238104701042175,
                4.796003651682937,
                3.702789113631605,
                20.0,
                0.310686374443929
            ]
        ],
        [
            [
                10.357484817504883,
                22.54314422607422,
                2.025348384781081,
                3.5920291701381943,
                20.0,
                1.9608372203559363
            ]
        ],
        [
            [
                -21.089474201202393,
                -16.44486290216446,
                2.764194867876685,
                2.8041931707725363,
                20.0,
                0.6166679267558162
            ]
        ],
        [
            [
                -8.0166494846344,
                -21.793288707733154,
                2.0119887673253327,
                3.031866047228079,
                20.0,
                0.2331783434931003
            ]
        ],
        [
            [
                -23.409698843955994,
                -2.00619637966156,
                2.142826249386689,
                2.526548996091023,
                20.0,
                1.3592531715051086
            ]
        ],
        [
            [
                -15.977136939764023,
                -4.0867637395858765,
                2.094811956809454,
                3.397724517541848,
                20.0,
                2.5375699094555086
            ]
        ],
        [
            [
                -2.5840724110603333,
                -8.786859452724457,
                2.790912283557247,
                3.598875633051654,
                20.0,
                2.945636151638646
            ]
        ],
        [
            [
                3.4595442414283752,
                -22.548717856407166,
                4.456086339155023,
                2.891127719754543,
                20.0,
                2.917302809933985
            ]
        ],
        [
            [
                8.406534314155579,
                -16.83657681941986,
                2.2702572440243873,
                4.175896228133955,
                20.0,
                1.6263443657168173
            ]
        ],
        [
            [
                22.271888196468353,
                -23.308446168899536,
                4.103005055860693,
                2.5820526681756144,
                20.0,
                0.1578879705515468
            ]
        ],
        [
            [
                22.880736470222473,
                -20.314334630966187,
                2.0121063044043246,
                2.3373777735403656,
