{
    "world_name": "subworld-104",
    "width": 50,
    "build_up": 0.42334368,
    "height": 20.0,
    "objects": [
        [
            [
                14.13715648651123,
                6.609750270843506,
                3.1719382533235643,
                6.030101635972293,
                20.0,
                1.1381426675855875
            ]
        ],
        [
            [
                -8.925291061401367,
                -5.36785888671875,
                14.277049475785503,
                11.236779293102376,
                20.0,
                2.276732457160788
            ]
        ],
        [
            [
                11.195706367492676,
                -9.006454467773438,
                8.968507831194636,
                18.715301691758533,
                20.0,
                2.665581157118371
            ]
        ],
        [
            [
                0.5073140263557434,
                16.649730682373047,
                8.425369933942145,
                19.727355034843136,
                20.0,
                1.6249177017365781
            ]
        ],
        [
            [
                18.405994415283203,
                19.827306747436523,
                3.4185708175610596,
                7.840025858370597,
                20.0,
                2.304392804813774
            ]
        ],
        [
            [
                1.8607945442199707,
                -21.75533676147461,
                13.48232681915754,
                2.084193560506156,
                20.0,
                3.0689407798819737
            ]
        ],
        [
            [
                -2.055781364440918,
                3.353423833847046,
                2.2592691015750477,
                3.5905591008319004,
                20.0,
                2.749111882783976
            ]
        ],
        [
            [
                -16.637067794799805,
                21.769916534423828,
                5.733908253652916,
                2.127794733034902,
                20.0,
                2.8557975211738706
            ]
        ],
        [
            [
                17.356796264648438,
                -17.891767501831055,
                2.8333862987098275,
                2.2865018071831873,
                20.0,
                0.5599816221193137
            ]
        ],
        [
            [
                -18.34581184387207,
                -19.254322052001953,
                2.6052416907709572,
                2.226366827604178,
                20.0,
                0.48012868312246204
            ]
        ],
        [
            [
                -16.63642120361328,
                13.817485809326172,
                11.746424866327143,
                5.887453572080813,
                20.0,
                3.116243733030525
            ]
        ],
        [
            [
                4.07139778137207,
                -0.032896433025598526,
                6.121430275939547,
                2.13109011189114,
                20.0,
                0.5846363634732322
            ]
        ],
        [
            [
                20.234455108642578,
                -12.963749885559082,
                4.4379473505162075,
                2.214461043612878,
                20.0,
                3.1298645451977234
            ]
        ],
        [
            [
                -14.691408634185791,
                -13.014666557312012,
                2.588052202078555,
                19.28772128533639,
                20.0,
                0.8808821639552669
            ]
        ],
        [
            [
                -17.384804248809814,
                4.637061595916748,
                2.4666614460671856,
                6.550993112937173,
                20.0,
                1.8183553301266449
            ]
        ],
        [
            [
                19.42127513885498,
                10.393515825271606,
                2.6246545104360264,
                10.542519452759974,
                20.0,
                1.0109798125120246
            ]
        ],
        [
            [
                4.812320232391357,
                7.8526740074157715,
                2.2674159570889754,
                2.419404770162331,
                20.0,
                1.964951879793884
            ]
        ],
        [
            [
                -19.691872894763947,
                -14.989967823028564,
                4.514314078158512,
                2.398872102057973,
                20.0,
                0.42434711093047395
            ]
        ],
        [
            [
                -9.662481784820557,
                -21.148759126663208,
                4.082208324009519,
                3.1447030237203393,
                20.0,
                2.5108046951885683
            ]
        ],
        [
            [
                -2.8408102989196777,
                -16.684317588806152,
                2.4230852013750597,
                4.443991450693258,
                20.0,
                1.593159582260202
            ]
        ],
        [
            [
                3.5828163623809814,
                -7.319693088531494,
                2.526366001350041,
                2.6789695545736047,
                20.0,
                0.8393466287215944
            ]
        ],
        [
            [
                -7.502713561058044,
                7.817645311355591,
                2.565848929231751,
                2.2085986685595023,
                20.0,
                3.0565249812498787
            ]
        ],
        [
            [
                -21.494139909744263,
                19.661225974559784,
                4.788458333609578,
                2.0241022016250523,
                20.0,
                0.7175228144702149
            ]
        ],
        [
            [
                22.01710343360901,
                3.5979809761047363,
                3.8713530299073486,
                3.843518986889281,
                20.0,
                0.11654219022278789
            ]
        ],
        [
            [
                23.43621015548706,
                16.857763528823853,
                2.5104050135715408,
                6.4231680149930535,
                20.0,
                0.01661548676114344
            ]
        ],
        [
            [
                -22.15705555677414,
                -22.604674100875854,
                3.6691031116511015,
                2.673707533508585,
                20.0,
                0.6349223792001181
            ]
        ],
        [
            [
                -15.21677353978157,
                -22.20610275864601,
                2.479679684225017,
                2.226546022370579,
                20.0,
                0.1153330454724677
            ]
        ],
        [
            [
                -21.762729056179523,
                -4.0474671721458435,
                3.491230245772444,
                2.478023333188003,
                20.0,
                0.6676347790242295
            ]
        ],
        [
            [
                14.565617203712463,
                -21.9730327129364,
                2.1671017328148854,
                2.786851482270084,
                20.0,
                0.6140537456728598
            ]
        ],
        [
            [
                22.442039489746094,
                -20.87766546010971,
                3.1190332001253425,
                3.518974007918684,
                20.0,
                1.4173465367439033
            ]
        ],
        [
            [
                22.204948037862778,
                -16.666872382164,
                2.1069327932924677,
                3.232467713887353,
                20.0,
                0.03650563741749058
            ]
        ],
        [
            [
                23.167187213897705,
                -10.174173533916473,
                3.3176750348648074,
