{
    "world_name": "subworld-476",
    "width": 50,
    "build_up": 0.410874,
    "height": 20.0,
    "objects": [
        [
            [
                -13.968436241149902,
                20.089954376220703,
                9.39570530427213,
                5.951198417054929,
                20.0,
                3.10276210412842
            ]
        ],
        [
            [
                -2.6432957649230957,
                11.703299522399902,
                7.980962688333268,
                13.145982632016754,
                20.0,
                2.604024354403863
            ]
        ],
        [
            [
                9.643407821655273,
                -5.768780708312988,
                14.55505345607641,
                10.98644876150062,
                20.0,
                1.0283097118900293
            ]
        ],
        [
            [
                -6.051620006561279,
                -15.885830879211426,
                5.944512881082899,
                8.691108301767176,
                20.0,
                3.037643151471391
            ]
        ],
        [
            [
                -16.9533634185791,
                -9.228038787841797,
                5.3136527547817405,
                5.876370330658366,
                20.0,
                2.063350687655305
            ]
        ],
        [
            [
                2.176543951034546,
                20.066024780273438,
                2.464501185773875,
                2.2817315593898266,
                20.0,
                2.0226186445779337
            ]
        ],
        [
            [
                -9.865269660949707,
                -0.5095731616020203,
                4.176188398439741,
                7.303906760172264,
                20.0,
                0.5426459150411114
            ]
        ],
        [
            [
                -17.36911392211914,
                -1.5898469686508179,
                4.783164910409443,
                4.768575091896996,
                20.0,
                0.3615549925985373
            ]
        ],
        [
            [
                16.757844924926758,
                6.296371936798096,
                3.3916619791492026,
                3.6331894654603674,
                20.0,
                1.4552779017708135
            ]
        ],
        [
            [
                12.917129516601562,
                18.419506072998047,
                8.211342457406353,
                5.093911847721802,
                20.0,
                0.47112418122167155
            ]
        ],
        [
            [
                19.84825897216797,
                -18.661436080932617,
                4.742044476708032,
                6.237071289500911,
                20.0,
                0.29773148321639464
            ]
        ],
        [
            [
                -19.783414840698242,
                -19.154918670654297,
                6.78314363181169,
                5.643800828238792,
                20.0,
                2.0751785860449137
            ]
        ],
        [
            [
                -17.745555877685547,
                7.659790992736816,
                8.983362084434367,
                6.538629925588994,
                20.0,
                0.94219914533816
            ]
        ],
        [
            [
                13.753222465515137,
                -18.322089672088623,
                5.86616755124218,
                3.3518930989974765,
                20.0,
                1.8702350645596622
            ]
        ],
        [
            [
                6.613280296325684,
                8.922676801681519,
                7.423469753093062,
                3.7017369974196592,
                20.0,
                1.1933588379256295
            ]
        ],
        [
            [
                -2.5674118995666504,
                -5.217563033103943,
                3.884090443011895,
                2.8672745774297654,
                20.0,
                2.978912400727993
            ]
        ],
        [
            [
                3.62404203414917,
                -19.12535047531128,
                2.089650761174415,
                8.476673678107458,
                20.0,
                0.11484163714643003
            ]
        ],
        [
            [
                9.411421060562134,
                -19.702194392681122,
                5.529320549575565,
                3.5520183407133685,
                20.0,
                1.9611533029767891
            ]
        ],
        [
            [
                21.71484661102295,
                -7.034552335739136,
                2.8169479584628374,
                5.047219517859336,
                20.0,
                0.054644709549486414
            ]
        ],
        [
            [
                -23.199530124664307,
                19.857157349586487,
                2.9556998162608625,
                2.570006362800399,
                20.0,
                3.0242736240381873
            ]
        ],
        [
            [
                -4.754319190979004,
                22.308611631393433,
                3.729182396385556,
                4.350572484933657,
                20.0,
                2.0014897408219947
            ]
        ],
        [
            [
                22.887753009796143,
                6.524793207645416,
                3.3764467402323373,
                2.3601844339695646,
                20.0,
                1.4103433260135627
            ]
        ],
        [
            [
                22.200736045837402,
                20.615519404411316,
                3.8558763477115368,
                4.244791471891041,
                20.0,
                2.5965382979370237
            ]
        ],
        [
            [
                -22.712214589118958,
                -23.369939923286438,
                2.747274563473914,
                2.3424282608629596,
                20.0,
                1.808055142980038
            ]
        ],
        [
            [
                -14.076601386070251,
                -20.437633514404297,
                3.1944041180347984,
                2.890211645523559,
                20.0,
                1.5109365754816846
            ]
        ],
        [
            [
                -22.22088122367859,
                -14.207974314689636,
                2.231587508064609,
                2.247810175488052,
                20.0,
                0.5625306516983253
            ]
        ],
        [
            [
                -14.381063580513,
                -16.792502403259277,
                3.026774612976711,
                3.1971424746843464,
                20.0,
                1.7713799089254723
            ]
        ],
        [
            [
                -9.658744186162949,
                -22.54946595430374,
                2.422814057709624,
                4.421498621452985,
                20.0,
                1.405407271686502
            ]
        ],
        [
            [
                -22.625666618347168,
                -3.4352661669254303,
                2.206420760830262,
                3.2075770477205823,
                20.0,
                3.1397863172815788
            ]
        ],
        [
            [
                -10.390499949455261,
                -8.280059933662415,
                3.1795335899805486,
                2.93718889195496,
                20.0,
                1.7927574188116207
            ]
        ],
        [
            [
                -4.312348246574402,
                -8.80797553062439,
                3.4003610668029873,
                2.3540670452072954,
                20.0,
                2.9274607069115373
            ]
        ],
        [
            [
                -21.092581510543823,
                2.279919385910034,
                2.27945236098443,
                2.657174739437647,
