{
    "world_name": "subworld-240",
    "width": 50,
    "build_up": 0.44352844,
    "height": 1.5,
    "objects": [
        [
            [
                8.807568550109863,
                -6.9046630859375,
                2.565883983078829,
                6.027458405441938,
                1.5,
                1.7515341542030016
            ]
        ],
        [
            [
                -3.0891871452331543,
                3.1909751892089844,
                18.562171093056097,
                17.921953626010737,
                1.5,
                2.580838984354485
            ]
        ],
        [
            [
                13.462358474731445,
                -17.601648330688477,
                7.586555464937858,
                2.015798288215949,
                1.5,
                0.744478175353368
            ]
        ],
        [
            [
                15.671895027160645,
                13.913509368896484,
                3.4585794053284493,
                8.541952792022848,
                1.5,
                2.9339035717046995
            ]
        ],
        [
            [
                18.060277938842773,
                -10.536771774291992,
                9.501795166444897,
                4.807978373563818,
                1.5,
                2.865873715005483
            ]
        ],
        [
            [
                -13.923832893371582,
                -10.603140830993652,
                17.7072586979466,
                6.737235494654119,
                1.5,
                2.877268996823243
            ]
        ],
        [
            [
                2.49216365814209,
                19.575490951538086,
                8.58477415829638,
                6.246080327665801,
                1.5,
                0.05534436521682795
            ]
        ],
        [
            [
                -13.412394523620605,
                -20.177181243896484,
                2.171618426906943,
                5.837576287466304,
                1.5,
                0.9160695938645969
            ]
        ],
        [
            [
                19.01972198486328,
                -4.808226585388184,
                4.4170266342766915,
                9.89893475789759,
                1.5,
                1.0690064258023606
            ]
        ],
        [
            [
                4.410868167877197,
                -17.205930709838867,
                2.410630786945569,
                12.328387373755335,
                1.5,
                2.830303809803906
            ]
        ],
        [
            [
                -20.32430648803711,
                12.676148414611816,
                4.297759238774263,
                8.91109377747238,
                1.5,
                0.18476194212422947
            ]
        ],
        [
            [
                -6.933525085449219,
                -19.290475845336914,
                2.7249111404645276,
                3.120247446085143,
                1.5,
                0.15744636829466607
            ]
        ],
        [
            [
                -12.260828018188477,
                17.633987426757812,
                4.196550702857416,
                6.633803029111117,
                1.5,
                2.6901492272690097
            ]
        ],
        [
            [
                18.294723510742188,
                2.7040915489196777,
                2.3194737048796736,
                3.6509580871878935,
                1.5,
                2.039900066038293
            ]
        ],
        [
            [
                20.990665435791016,
                -22.214016914367676,
                3.5763290513261996,
                4.2824425066382235,
                1.5,
                2.550895148911394
            ]
        ],
        [
            [
                -21.43397808074951,
                21.424870491027832,
                4.584095367086613,
                2.9393857655951803,
                1.5,
                0.3582781312967145
            ]
        ],
        [
            [
                21.28770160675049,
                14.042653441429138,
                2.281714742044418,
                2.2214221941913723,
                1.5,
                1.8297620367965584
            ]
        ],
        [
            [
                10.378436088562012,
                12.014516860246658,
                7.209006923713325,
                2.917980070010638,
                1.5,
                1.2450421105490095
            ]
        ],
        [
            [
                -21.418312549591064,
                -22.56881356239319,
                4.600806488571423,
                2.4707394315703586,
                1.5,
                2.7165941142708374
            ]
        ],
        [
            [
                -19.373679161071777,
                -19.92906939983368,
                2.025855801462371,
                2.1831022674464164,
                1.5,
                3.00883142790473
            ]
        ],
        [
            [
                -2.9682981967926025,
                -19.755412697792053,
                4.203093981438279,
                3.0870454254448214,
                1.5,
                1.3765398625336198
            ]
        ],
        [
            [
                -19.621759951114655,
                -2.5311129093170166,
                9.837310901388177,
                2.5355022447622892,
                1.5,
                3.072158032591976
            ]
        ],
        [
            [
                21.640713691711426,
                -16.71541404724121,
                3.393507583522919,
                2.332537963091637,
                1.5,
                2.9509050667986667
            ]
        ],
        [
            [
                -21.749868631362915,
                2.8834035396575928,
                2.0876492115917196,
                4.7680839845035825,
                1.5,
                0.3338739324183424
            ]
        ],
        [
            [
                21.564494371414185,
                8.136194348335266,
                8.192279253330906,
                2.102407586898454,
                1.5,
                1.7164697181047641
            ]
        ],
        [
            [
                22.583669662475586,
                1.9948806762695312,
                2.5918240469147724,
                2.811920013204944,
                1.5,
                0.5071193131762075
            ]
        ],
        [
            [
                17.589642643928528,
                7.501640200614929,
                3.2573925291538757,
                4.9463418126961445,
                1.5,
                2.436154213448307
            ]
        ],
        [
            [
                17.229508876800537,
                21.64414620399475,
                2.4156905538467934,
                2.2398039571594066,
                1.5,
                1.4715657024115205
            ]
        ],
        [
            [
                22.03382110595703,
                19.15915283560753,
                3.5310706585838676,
                4.945698869800247,
                1.5,
                2.456023816042065
            ]
        ],
        [
            [
                -22.442685544490814,
                -16.324761986732483,
                2.023178064284165,
                2.325494288943276,
                1.5,
                0.7826768069672243
            ]
        ],
        [
            [
                -2.344634234905243,
                -15.79984401166439,
                2.7780579195939223,
                2.3609580365537184,
                1.5,
                0.16703843019700315
            ]
        ],
        [
            [
                10.495637774467468,
                -22.516552805900574,
                2.048209980843968,
                2.1445306461360403,
                1.5,
