{
    "world_name": "subworld-205",
    "width": 50,
    "build_up": 0.3776294,
    "height": -1.0,
    "objects": [
        [
            [
                -5.317593574523926,
                -5.4314751625061035,
                4.674879972781029,
                7.411215468332196,
                13.399969941844923,
                2.282363475980005
            ]
        ],
        [
            [
                -19.020174026489258,
                -10.160895347595215,
                7.554223400490003,
                7.2803318201677065,
                6.197041320057219,
                0.8353356094243445
            ]
        ],
        [
            [
                15.608662605285645,
                7.464389324188232,
                13.752136269356159,
                11.091721268803466,
                6.545726811710587,
                3.096733734629566
            ]
        ],
        [
            [
                9.314942359924316,
                -13.16801643371582,
                19.91794300219487,
                5.533217843345734,
                11.370530415259836,
                1.18376938301329
            ]
        ],
        [
            [
                -10.16954231262207,
                7.07517147064209,
                6.421161171858779,
                15.740805048964948,
                18.90440122659248,
                2.492637921082064
            ]
        ],
        [
            [
                3.5298352241516113,
                10.77015495300293,
                2.4776109100681225,
                4.392498274801572,
                19.933239724444046,
                2.8991108432359853
            ]
        ],
        [
            [
                -6.862334251403809,
                -16.134714126586914,
                6.169565624832192,
                3.7653541790887273,
                3.1842339600058978,
                1.6512484173464734
            ]
        ],
        [
            [
                21.11363983154297,
                -11.17650032043457,
                2.760994354839738,
                2.6771944868610187,
                17.686049387368,
                0.2435433746306379
            ]
        ],
        [
            [
                -18.93006706237793,
                16.695758819580078,
                5.419495581089047,
                5.045676153492858,
                11.664483650389537,
                1.1365946625403884
            ]
        ],
        [
            [
                8.759916305541992,
                18.81293487548828,
                9.563199589599906,
                3.30232419476496,
                19.68927827369777,
                2.8136003435283765
            ]
        ],
        [
            [
                21.42898941040039,
                20.974817276000977,
                3.731601832377291,
                2.952942662703963,
                16.49251169019039,
                2.8896787865688034
            ]
        ],
        [
            [
                -17.44524574279785,
                22.595909118652344,
                2.5039521705206376,
                2.8042928205392155,
                12.889628835938986,
                2.917640386748469
            ]
        ],
        [
            [
                -4.568515300750732,
                20.456626892089844,
                4.094987144525913,
                3.141333078165074,
                3.9146096698180193,
                0.591983869091171
            ]
        ],
        [
            [
                -18.631752967834473,
                -20.3801851272583,
                2.079291632714827,
                3.0117393026390946,
                2.279339566825599,
                3.0127607226498543
            ]
        ],
        [
            [
                4.320744514465332,
                -5.1297078132629395,
                8.061567030565442,
                4.560849139891777,
                7.783403130320489,
                1.099341901432853
            ]
        ],
        [
            [
                21.035645484924316,
                -20.336184978485107,
                5.868130222069132,
                2.7699752684426784,
                10.90638433834,
                1.618087610828755
            ]
        ],
        [
            [
                20.590219497680664,
                -3.810342788696289,
                2.9286267476427152,
                4.25738830480286,
                9.391361114483303,
                1.9974070637365624
            ]
        ],
        [
            [
                -19.181825637817383,
                7.452390193939209,
                2.4214384635450976,
                2.141871802940533,
                6.719731620495715,
                1.3376369831781858
            ]
        ],
        [
            [
                2.668210983276367,
                3.9472293853759766,
                4.251977446801718,
                2.2603881340290357,
                18.08907940957855,
                1.3075716788388594
            ]
        ],
        [
            [
                -23.358127117156982,
                -20.993892431259155,
                2.643921505556947,
                2.5500795528713107,
                8.866397707620479,
                1.8931584666670571
            ]
        ],
        [
            [
                -21.6180362701416,
                -3.150932788848877,
                2.640050338743788,
                2.044078830957897,
                18.139449680821095,
                0.19632070064384521
            ]
        ],
        [
            [
                -17.297053575515747,
                -2.1842222213745117,
                2.165226418940973,
                2.700340692746682,
                17.94768171138862,
                2.4825801675248345
            ]
        ],
        [
            [
                16.82636559009552,
                -15.446113109588623,
                2.121897620094539,
                2.2945579504086075,
                10.872667102858967,
                0.9950470720460419
            ]
        ],
        [
            [
                14.65325403213501,
                -21.036749124526978,
                2.7529470153108404,
                2.697383410384764,
                9.181723597412933,
                1.728069054852921
            ]
        ],
        [
            [
                -21.501601696014404,
                3.5226328372955322,
                3.2732042441606928,
                2.1293050210703814,
                16.890155637255127,
                1.0189891798328437
            ]
        ],
        [
            [
                -5.456718564033508,
                2.112877368927002,
                2.9554709328231374,
                2.9607402295894616,
                11.967436681691453,
                2.633839185644881
            ]
        ],
        [
            [
                -10.722355365753174,
                21.41756272315979,
                3.4549465068400504,
                2.9549004769285148,
                16.902496639314148,
                1.7234301453720844
            ]
        ],
        [
            [
                20.727176070213318,
                15.87154769897461,
                2.1831650756997347,
                6.026876889344712,
                9.665856534610322,
                1.7970415496228915
            ]
        ],
        [
            [
                -21.912417631596327,
                -16.08549165725708,
                2.3252351959470245,
                2.6408869103472585,
                5.190923691419941,
                3.111439630151749
            ]
        ],
        [
            [
                -13.948383092880249,
                -15.78579007089138,
                3.3032632038513263,
                2.177846097473849,
                12.494111685952168,
                1.5369470217384265
            ]
        ],
        [
            [
