{
    "world_name": "subworld-413",
    "width": 50,
    "build_up": 0.39029168,
    "height": 1.5,
    "objects": [
        [
            [
                -3.327752113342285,
                2.6100666522979736,
                10.902511488630985,
                4.388704501176243,
                1.5,
                2.0537768816721185
            ]
        ],
        [
            [
                18.95488166809082,
                -5.024612903594971,
                2.9179248745893247,
                6.53422532821925,
                1.5,
                2.943283353862064
            ]
        ],
        [
            [
                9.591133117675781,
                13.163599014282227,
                14.578772748701823,
                13.922310703289543,
                1.5,
                0.008134485691160487
            ]
        ],
        [
            [
                -0.899836540222168,
                -12.474238395690918,
                5.135887205954269,
                7.0452480561555975,
                1.5,
                2.970539281666068
            ]
        ],
        [
            [
                -16.82903480529785,
                8.047755241394043,
                7.290291124149677,
                5.491651926496275,
                1.5,
                2.0647877937952623
            ]
        ],
        [
            [
                -14.697487831115723,
                -5.992692947387695,
                15.20985554098683,
                5.8652987680889055,
                1.5,
                0.2879925003408643
            ]
        ],
        [
            [
                -15.291884422302246,
                -17.480064392089844,
                5.605584426132005,
                3.074588548333045,
                1.5,
                2.5741938981891277
            ]
        ],
        [
            [
                8.566837310791016,
                0.7311567068099976,
                6.37220366805157,
                3.5841285227536392,
                1.5,
                1.7801041229924974
            ]
        ],
        [
            [
                12.740857124328613,
                -19.655290603637695,
                3.4040055914708134,
                8.402167575080473,
                1.5,
                1.2720023728478582
            ]
        ],
        [
            [
                13.078082084655762,
                -7.196883678436279,
                2.274420379034117,
                7.65466468392996,
                1.5,
                0.32202797167380304
            ]
        ],
        [
            [
                -15.964760780334473,
                19.224720001220703,
                5.150892290416607,
                3.7638910108857777,
                1.5,
                0.5183583814515211
            ]
        ],
        [
            [
                7.375673294067383,
                -9.29089641571045,
                2.4244766342547424,
                4.857259757095339,
                1.5,
                1.6837403876257597
            ]
        ],
        [
            [
                -6.290466785430908,
                -20.282865047454834,
                4.617402535939512,
                3.6367754035966375,
                1.5,
                1.2401172411366699
            ]
        ],
        [
            [
                -21.854373931884766,
                -22.332274436950684,
                2.248717341064683,
                4.519409302230931,
                1.5,
                0.5528099350721642
            ]
        ],
        [
            [
                -7.912434101104736,
                -13.314608037471771,
                4.73150961369644,
                3.7862849969464785,
                1.5,
                3.0453269828998364
            ]
        ],
        [
            [
                15.960393905639648,
                -13.94008219242096,
                4.758350113317508,
                4.86085496286805,
                1.5,
                0.41752198563254495
            ]
        ],
        [
            [
                22.261993408203125,
                -21.02705478668213,
                2.614933224972245,
                2.3168521113575182,
                1.5,
                2.296799464545601
            ]
        ],
        [
            [
                21.94455623626709,
                -14.721525192260742,
                6.177877406565495,
                3.123430045350667,
                1.5,
                1.5660233884899313
            ]
        ],
        [
            [
                -4.821239471435547,
                15.433529138565063,
                2.4763963837581997,
                3.268083719073855,
                1.5,
                1.0148266735509028
            ]
        ],
        [
            [
                -10.01873517036438,
                11.637723326683044,
                3.478345599217742,
                3.9939073251248876,
                1.5,
                2.2239392926576644
            ]
        ],
        [
            [
                20.265909671783447,
                11.319112420082092,
                4.480854862006369,
                3.454942604122121,
                1.5,
                1.733715470656147
            ]
        ],
        [
            [
                -16.713814973831177,
                -22.46563696861267,
                3.7366951098694834,
                2.7154677709616033,
                1.5,
                1.4467538274389031
            ]
        ],
        [
            [
                4.028445243835449,
                -21.144367218017578,
                5.553603566358198,
                2.5386476402777296,
                1.5,
                1.7074006616140165
            ]
        ],
        [
            [
                -22.59613585472107,
                3.5646533966064453,
                3.686900877997642,
                3.1339182098611644,
                1.5,
                2.563444488821106
            ]
        ],
        [
            [
                -21.562777042388916,
                22.30126929283142,
                3.537004975756528,
                2.0557999762312607,
                1.5,
                2.860645207098729
            ]
        ],
        [
            [
                -7.161935031414032,
                20.934258222579956,
                3.671990958050806,
                2.0994765216585902,
                1.5,
                0.13407870832720392
            ]
        ],
        [
            [
                16.779876828193665,
                3.254399538040161,
                4.675082288209509,
                2.119403608798033,
                1.5,
                1.4050906284651756
            ]
        ],
        [
            [
                23.120430946350098,
                4.976595759391785,
                2.9439404570522196,
                2.0714280672063095,
                1.5,
                2.84919689942413
            ]
        ],
        [
            [
                5.344195365905762,
                22.32896852493286,
                3.0612691296676195,
                3.582812453429172,
                1.5,
                2.077887147400427
            ]
        ],
        [
            [
                19.8663467168808,
                21.279625177383423,
                2.95063407275912,
                8.144278085144943,
                1.5,
                1.2598048831901218
            ]
        ],
        [
            [
                -21.722940623760223,
                -15.075100719928741,
                2.5520718545669716,
                3.48952390796992,
                1.5,
                0.9683108636652729
            ]
        ],
        [
            [
                3.9434091448783875,
                -14.242460370063782,
                2.251181558947425,
                2.497716847735033,
                1.5,
