{
    "world_name": "subworld-371",
    "width": 50,
    "build_up": 0.36501724,
    "height": -1.0,
    "objects": [
        [
            [
                18.94748878479004,
                -3.432980537414551,
                5.842171514106149,
                3.0234130787636717,
                8.071384562467149,
                0.9837209220210165
            ]
        ],
        [
            [
                -3.1186957359313965,
                15.532687187194824,
                4.6750882689777455,
                9.853959303676929,
                10.451594955358773,
                2.714400790251493
            ]
        ],
        [
            [
                1.166977047920227,
                -10.384143829345703,
                13.009680442731398,
                7.633962567577006,
                2.224753400170135,
                2.147353456092852
            ]
        ],
        [
            [
                -13.500696182250977,
                -19.90242576599121,
                3.4162968978882744,
                13.7841322887855,
                6.072760950495821,
                1.6805200657911323
            ]
        ],
        [
            [
                9.755064010620117,
                1.5451996326446533,
                8.2425484776835,
                3.081081155006732,
                19.843753546479633,
                2.879745663915039
            ]
        ],
        [
            [
                -12.12572956085205,
                -5.129364967346191,
                15.655777596752609,
                3.6230793866886017,
                5.302182645943897,
                1.4493000569890218
            ]
        ],
        [
            [
                3.6591763496398926,
                12.674612998962402,
                2.1815051069995954,
                18.84016690092719,
                3.7559663346058745,
                2.671615746737992
            ]
        ],
        [
            [
                -15.04352855682373,
                16.391069412231445,
                7.504226321093399,
                6.516544384293729,
                7.442531161808547,
                1.8210128431311865
            ]
        ],
        [
            [
                15.404974937438965,
                -15.132222175598145,
                9.651575432700264,
                12.036791711889256,
                9.612173321680778,
                2.586212387043171
            ]
        ],
        [
            [
                13.874570846557617,
                20.299142837524414,
                3.9156876212780025,
                3.626869145094406,
                15.917931343930748,
                2.8128198478668596
            ]
        ],
        [
            [
                12.92699909210205,
                11.795252799987793,
                5.974863469109219,
                4.420002557703549,
                5.426741840239444,
                0.7472001779962121
            ]
        ],
        [
            [
                -20.233243942260742,
                -3.3525283336639404,
                8.990787178534745,
                3.411025575199649,
                11.144227782609473,
                1.224523315851079
            ]
        ],
        [
            [
                9.27953290939331,
                -6.433133602142334,
                3.4056885117092994,
                2.896505498234368,
                17.62414040849162,
                1.3350509189738853
            ]
        ],
        [
            [
                -17.265845775604248,
                6.508316993713379,
                5.938380270828789,
                5.1961972667791745,
                12.680159206971277,
                1.889463284277383
            ]
        ],
        [
            [
                21.208797454833984,
                20.3148250579834,
                2.0588662546120102,
                2.440631521636018,
                12.697825538990081,
                2.602217176429855
            ]
        ],
        [
            [
                19.18318796157837,
                5.002630710601807,
                3.067081570095058,
                6.764528205881325,
                5.366589792917122,
                1.119872129225887
            ]
        ],
        [
            [
                20.83348560333252,
                8.95100474357605,
                2.0000115267339753,
                2.280908149888334,
                19.1774206502832,
                1.2007099640120142
            ]
        ],
        [
            [
                -2.343444347381592,
                -19.658540070056915,
                2.9098055436126984,
                3.331409761960936,
                14.642629889631424,
                0.3437308872327838
            ]
        ],
        [
            [
                3.499159574508667,
                -21.848651885986328,
                3.0842611642026037,
                3.1171625302079766,
                4.384819545387383,
                1.7171147122738757
            ]
        ],
        [
            [
                22.043330192565918,
                -20.037332773208618,
                2.1792817027945786,
                2.111651377885478,
                2.2037576486236063,
                2.7697169042614096
            ]
        ],
        [
            [
                5.0120755434036255,
                -2.408992290496826,
                3.957069026050929,
                3.0644988636340575,
                9.171955556455606,
                2.849502904901005
            ]
        ],
        [
            [
                -22.177608489990234,
                7.1561620235443115,
                2.2083923963033416,
                5.039559392337752,
                8.86432992850369,
                0.5919973990397509
            ]
        ],
        [
            [
                -4.863590598106384,
                4.7374184131622314,
                2.909759465754566,
                2.500438970132688,
                5.395944533591564,
                2.37812174944894
            ]
        ],
        [
            [
                -9.09354829788208,
                8.073423266410828,
                2.83475142454503,
                2.873978681191794,
                2.113614092819039,
                2.8114940887173994
            ]
        ],
        [
            [
                -9.596304655075073,
                20.190733671188354,
                2.1511280735013494,
                4.166078807558655,
                14.216067237229188,
                3.0232478569003147
            ]
        ],
        [
            [
                -23.542907118797302,
                -21.413729816675186,
                3.658869188281203,
                2.6436831442350517,
                13.51626143089258,
                1.5464224111246188
            ]
        ],
        [
            [
                -22.17857399582863,
                -15.639045652002096,
                3.1925798593787063,
                2.379158221946849,
                9.927981560249489,
                1.061406019537994
            ]
        ],
        [
            [
                -16.672775268554688,
                -15.139271259307861,
                2.6962615083778347,
                3.480358513938685,
                3.32184292451112,
                1.5202750128354527
            ]
        ],
        [
            [
                -8.040353417396545,
                -14.447529792785645,
                2.0065687726692194,
                2.1619242228926923,
                19.493579631852768,
                0.4458798270517963
            ]
        ],
        [
            [
                -4.031410455703735,
                -16.04134726524353,
                2.365915599983349,
                3.389747349139843,
                10.204861692986306,
                1.8658188095848
            ]
        ],
        [
            [
