{
    "world_name": "subworld-140",
    "width": 50,
    "build_up": 0.41958748,
    "height": -1.0,
    "objects": [
        [
            [
                14.829087257385254,
                -16.86417007446289,
                14.908647959578866,
                8.303243937279062,
                18.772170004183632,
                2.6800655000797353
            ]
        ],
        [
            [
                14.885086059570312,
                3.631971836090088,
                11.896171178999216,
                10.707642563053092,
                16.76243277076846,
                1.2795575309939282
            ]
        ],
        [
            [
                -5.81121826171875,
                2.9406800270080566,
                7.423774728629255,
                11.669002582648321,
                4.184581132607349,
                2.7789445071952725
            ]
        ],
        [
            [
                -6.1875739097595215,
                -15.997529029846191,
                4.452444153040277,
                11.832832002539758,
                4.492976153925694,
                2.9380821955853422
            ]
        ],
        [
            [
                -8.118595123291016,
                15.756587982177734,
                18.128461704256278,
                4.780527209591138,
                19.883055927863047,
                2.8859295783741272
            ]
        ],
        [
            [
                12.8932523727417,
                19.34855842590332,
                7.855446429366426,
                12.194520185730292,
                3.5670577852342857,
                1.6419516787971313
            ]
        ],
        [
            [
                -17.97362518310547,
                -13.570029258728027,
                18.50613303013859,
                5.511662332546694,
                9.010623373338833,
                1.3044048523683065
            ]
        ],
        [
            [
                -19.098941802978516,
                4.924019813537598,
                3.297844281035421,
                3.9805206712479686,
                19.698402272313395,
                0.5615848945680957
            ]
        ],
        [
            [
                7.129631996154785,
                -7.428313732147217,
                4.66431241747433,
                2.98287526600077,
                9.553529263434537,
                2.4264432014690924
            ]
        ],
        [
            [
                -21.503278732299805,
                13.955835342407227,
                2.0509505830823005,
                3.117321147867081,
                14.318253170225898,
                0.37091720808172357
            ]
        ],
        [
            [
                20.39430046081543,
                -9.772865295410156,
                2.5681816313883115,
                2.034688157593078,
                7.561772524469487,
                0.5096637628978506
            ]
        ],
        [
            [
                -13.897790908813477,
                6.401660919189453,
                2.874306623461128,
                2.2499701361650803,
                15.172751962213367,
                0.9104884150476029
            ]
        ],
        [
            [
                4.702330589294434,
                7.41721248626709,
                2.655125204153621,
                3.6862372582213117,
                17.936826039068542,
                2.6718357693587316
            ]
        ],
        [
            [
                -22.038523197174072,
                -6.574545919895172,
                9.573318954630707,
                2.9493189679361222,
                9.479340461503348,
                1.2804904693142896
            ]
        ],
        [
            [
                3.7071380615234375,
                -21.669790506362915,
                2.057020774678794,
                3.302806644041741,
                8.522863308692386,
                1.8648326823894874
            ]
        ],
        [
            [
                4.859914660453796,
                -15.513343334197998,
                2.652359899701315,
                3.9448090648007894,
                10.397581783046517,
                2.787272755610316
            ]
        ],
        [
            [
                9.399932622909546,
                -22.728049278259277,
                3.954252585856365,
                4.079021824075442,
                5.413234318678605,
                1.578713360761446
            ]
        ],
        [
            [
                23.435038566589355,
                -22.146594047546387,
                2.6164532595343406,
                2.553794420771104,
                3.3275387565096053,
                1.480466055435618
            ]
        ],
        [
            [
                3.156463623046875,
                -3.1823689937591553,
                2.557573659675551,
                3.9953047611721666,
                19.57206557972633,
                1.155573273381071
            ]
        ],
        [
            [
                15.174180746078491,
                -6.480326890945435,
                3.4857432254499456,
                4.5773995437930735,
                9.592050790326862,
                1.5139993702943335
            ]
        ],
        [
            [
                22.1636483669281,
                -4.162857294082642,
                2.1659249660688147,
                2.0090321213288305,
                4.947545527426525,
                1.5704049676509
            ]
        ],
        [
            [
                -3.9535093307495117,
                22.119635820388794,
                3.2214459326008265,
                3.808706879462598,
                5.90352600840854,
                1.5524367769815635
            ]
        ],
        [
            [
                2.97674822807312,
                20.02137589454651,
                3.8216279719184536,
                5.400096411745694,
                5.727530282747992,
                2.992845263367861
            ]
        ],
        [
            [
                22.010498523712158,
                18.26019936800003,
                2.471498807244368,
                4.802202393732957,
                2.2831277051254837,
                0.23591097392735172
            ]
        ],
        [
            [
                -1.2985079288482666,
                -21.638658046722412,
                2.1219683947466454,
                2.0703756328106375,
                16.12191560764829,
                1.6087520107456266
            ]
        ],
        [
            [
                -2.887396737933159,
                -7.701206922531128,
                5.609433114383313,
                2.6055708518795426,
                5.435781312409941,
                3.09919700209207
            ]
        ],
        [
            [
                2.904366597533226,
                -9.287969626486301,
                2.303337927187232,
                3.627483841513844,
                19.066008081754617,
                0.627833865018594
            ]
        ],
        [
            [
                14.820702373981476,
                -9.852065533399582,
                2.311896702411223,
                2.4899096361400535,
                3.6375774276914945,
                1.3950637719533538
            ]
        ],
        [
            [
                -22.556522727012634,
                2.4298033118247986,
                3.399360420936683,
                2.484009500851845,
                3.1690101961895794,
                2.1502917926101808
            ]
        ],
        [
            [
                -16.000281363725662,
                9.616707906126976,
                3.2158143200513343,
                3.403754716764827,
                13.299265935748512,
                1.8611875362060584
            ]
        ],
        [
            [
