{
    "world_name": "subworld-257",
    "width": 50,
    "build_up": 0.39488528,
    "height": -1.0,
    "objects": [
        [
            [
                -21.23724365234375,
                -2.42559552192688,
                3.487471359801356,
                3.6328014762337704,
                4.823167386860691,
                3.089382236778575
            ]
        ],
        [
            [
                -13.583596229553223,
                -15.866036415100098,
                14.939581782378855,
                3.336505502760236,
                12.617150814679817,
                0.12671628326520645
            ]
        ],
        [
            [
                12.768279075622559,
                5.0715718269348145,
                18.7195786314477,
                5.271881456744053,
                14.260009673646412,
                2.333933124920185
            ]
        ],
        [
            [
                -10.602091789245605,
                15.736783981323242,
                10.55696787705779,
                8.701819325354908,
                14.890545390485169,
                0.5967379019137582
            ]
        ],
        [
            [
                -7.271907329559326,
                3.1371312141418457,
                7.331040486594957,
                3.453953765074545,
                18.38550346521892,
                1.66327829678674
            ]
        ],
        [
            [
                6.3721842765808105,
                -15.22418212890625,
                2.4714982421551976,
                2.861093595593359,
                8.69473525273962,
                1.192030866932261
            ]
        ],
        [
            [
                14.278388977050781,
                -10.926685333251953,
                15.141764878860345,
                5.8799600803913865,
                15.54067080638815,
                2.099977149682408
            ]
        ],
        [
            [
                5.439751148223877,
                -0.8282747864723206,
                3.8720190474188136,
                10.071534704989075,
                5.9518226661974865,
                2.248963194298711
            ]
        ],
        [
            [
                -10.41630744934082,
                -7.20762300491333,
                9.145905580849867,
                4.60811378714149,
                6.528874391305722,
                0.05009000465071134
            ]
        ],
        [
            [
                -18.371248245239258,
                4.45656156539917,
                9.2560501820785,
                4.983838038218436,
                14.653281886639803,
                2.8603724759004776
            ]
        ],
        [
            [
                10.509908676147461,
                -18.622657775878906,
                3.6837599968000854,
                3.382775754760622,
                4.828009676904867,
                0.9742951156059407
            ]
        ],
        [
            [
                15.958264350891113,
                18.011337280273438,
                3.2754637435949285,
                11.710648635535845,
                3.379300748594228,
                1.1296167212606285
            ]
        ],
        [
            [
                22.126174926757812,
                22.615732192993164,
                3.218413673732207,
                3.177674408665342,
                11.60129538535002,
                3.002833145015778
            ]
        ],
        [
            [
                4.096225738525391,
                -20.046701431274414,
                2.4119845621791773,
                2.803773440577241,
                17.86540457414288,
                2.814463153601989
            ]
        ],
        [
            [
                -2.6469123363494873,
                7.925559997558594,
                8.553500271243532,
                2.790297475472305,
                9.933488700162753,
                2.282488121689471
            ]
        ],
        [
            [
                -21.498863220214844,
                -10.055410385131836,
                3.3522620724886947,
                6.489244767339379,
                4.929986564864301,
                2.6385922321638207
            ]
        ],
        [
            [
                -3.49930477142334,
                -21.864344596862793,
                2.0788669704759055,
                6.0371635159443215,
                2.9959081202348523,
                2.111861384957816
            ]
        ],
        [
            [
                -15.889077425003052,
                -2.1997976303100586,
                2.1762560181552075,
                2.704253242813567,
                6.292494428146605,
                0.7177223280010059
            ]
        ],
        [
            [
                22.277441024780273,
                -10.204769134521484,
                4.002726105717349,
                3.9699315778777784,
                9.703373392950283,
                2.792115594045162
            ]
        ],
        [
            [
                -19.717228889465332,
                23.009610176086426,
                3.00005939571597,
                8.814854408137858,
                5.760883155365115,
                1.503983800035108
            ]
        ],
        [
            [
                17.832242012023926,
                22.958585739135742,
                3.5108870305396365,
                2.4265549735547944,
                9.982427118115526,
                2.660465949757801
            ]
        ],
        [
            [
                -16.642378091812134,
                -21.166391134262085,
                2.4135133786927705,
                3.7776236265254175,
                6.957979484322962,
                2.2882116777683628
            ]
        ],
        [
            [
                -8.775975704193115,
                -21.270294427871704,
                6.518974207667796,
                2.332421424537942,
                11.616823014401481,
                0.544028538581725
            ]
        ],
        [
            [
                -2.5655105113983154,
                -15.443384170532227,
                2.9197730501079775,
                2.602234949692694,
                13.28926407606746,
                0.03262815717552936
            ]
        ],
        [
            [
                -2.324441909790039,
                -7.932780027389526,
                3.359502896855374,
                2.2022165705875727,
                13.030409625294812,
                2.6965011870776285
            ]
        ],
        [
            [
                22.691514253616333,
                -19.893173217773438,
                3.2691719901903395,
                2.2459250580980443,
                7.0776638042230715,
                2.0547299622594184
            ]
        ],
        [
            [
                16.53050947189331,
                -22.092346906661987,
                6.645058785340126,
                2.869344704652624,
                2.9666267898032053,
                0.1766754070544292
            ]
        ],
        [
            [
                21.3163902759552,
                -5.191477298736572,
                3.713015382478547,
                4.2294888180627,
                13.674121842497811,
                0.2280302546433648
            ]
        ],
        [
            [
                -21.42243218421936,
                17.665467977523804,
                3.4802918814225934,
                2.0405272946654374,
                16.55104238934053,
                1.3776441174208867
            ]
        ],
        [
            [
                -3.128941059112549,
                22.150511741638184,
                5.273824134773585,
                2.165703120833985,
                9.58667961293569,
                0.320755305382185
            ]
        ],
        [
            [
