{
    "world_name": "subworld-272",
    "width": 50,
    "build_up": 0.4164414,
    "height": 1.5,
    "objects": [
        [
            [
                -11.897869110107422,
                8.968265533447266,
                8.45471432629731,
                17.32108416084511,
                1.5,
                3.0871853087853225
            ]
        ],
        [
            [
                2.640073537826538,
                2.825072765350342,
                2.012584174596647,
                3.355198374948654,
                1.5,
                2.450672779636031
            ]
        ],
        [
            [
                13.187148094177246,
                -14.692378997802734,
                8.977834250271314,
                18.05116664090402,
                1.5,
                0.9198197074647128
            ]
        ],
        [
            [
                16.27208137512207,
                20.020845413208008,
                11.551456767514162,
                2.0828280242859787,
                1.5,
                0.4017179441176848
            ]
        ],
        [
            [
                -11.662415504455566,
                -11.84123706817627,
                13.06252725602712,
                5.478934912758698,
                1.5,
                0.8806080106111929
            ]
        ],
        [
            [
                1.4539432525634766,
                16.428390502929688,
                3.1188437840433862,
                12.040734594629313,
                1.5,
                0.875369093524097
            ]
        ],
        [
            [
                19.389972686767578,
                9.744665145874023,
                12.090668941377,
                3.1578903915835013,
                1.5,
                1.1971565642237052
            ]
        ],
        [
            [
                16.527273178100586,
                -3.613219976425171,
                13.016246462635582,
                3.6009021793605442,
                1.5,
                2.931907494507069
            ]
        ],
        [
            [
                -0.22390665113925934,
                -5.488799571990967,
                10.182193826426948,
                3.1891052867536933,
                1.5,
                3.0741173959032055
            ]
        ],
        [
            [
                -19.97836685180664,
                -7.884757995605469,
                2.34763988035727,
                2.8955839762638202,
                1.5,
                1.7311913806736623
            ]
        ],
        [
            [
                3.5947625637054443,
                -17.169580459594727,
                8.960030337291835,
                2.738669903518572,
                1.5,
                2.582285412723664
            ]
        ],
        [
            [
                2.1524899005889893,
                8.040611267089844,
                16.381799557867218,
                2.8402207141928058,
                1.5,
                2.9406122364483522
            ]
        ],
        [
            [
                -5.364439487457275,
                -20.49692440032959,
                6.45823885004877,
                4.839298995684246,
                1.5,
                2.9951398570988843
            ]
        ],
        [
            [
                -21.415620803833008,
                9.625195026397705,
                7.997208771320368,
                4.342609771037826,
                1.5,
                1.5527798873895082
            ]
        ],
        [
            [
                -17.449840545654297,
                22.393948554992676,
                6.126606557277038,
                4.575715256517103,
                1.5,
                3.0616234869154355
            ]
        ],
        [
            [
                12.739091783761978,
                6.3431830406188965,
                2.2013143642058566,
                7.613965426394335,
                1.5,
                2.7696321823677876
            ]
        ],
        [
            [
                -21.52858281135559,
                -20.858692407608032,
                3.7234144584642626,
                2.6615391125031773,
                1.5,
                1.6113533477901174
            ]
        ],
        [
            [
                -22.2097110748291,
                -14.739390850067139,
                3.1574207678143953,
                2.798021455455016,
                1.5,
                1.7269842300393905
            ]
        ],
        [
            [
                -17.416722416877747,
                -3.6607577800750732,
                6.526301248810052,
                2.5416553145434784,
                1.5,
                2.798100986771206
            ]
        ],
        [
            [
                -4.637337565422058,
                5.554199755191803,
                3.286113874674496,
                2.4578247434390215,
                1.5,
                1.2431932977975337
            ]
        ],
        [
            [
                -22.43327283859253,
                18.7524464011658,
                4.071241513912138,
                3.0920917766338,
                1.5,
                0.47208913289222587
            ]
        ],
        [
            [
                -8.497239351272583,
                21.737624645233154,
                2.184593351181417,
                3.6978362502754427,
                1.5,
                1.7382280803178403
            ]
        ],
        [
            [
                -15.597458019852638,
                -23.069803714752197,
                2.1987957832950547,
                2.9787897866390667,
                1.5,
                0.7944934261941998
            ]
        ],
        [
            [
                -10.531519770622253,
                -21.826742205768824,
                2.9237592877509915,
                2.5984921029086783,
                1.5,
                1.3404196329426814
            ]
        ],
        [
            [
                -2.0947831869125366,
                -8.36212408542633,
                2.4835242941228057,
                2.8803746841502735,
                1.5,
                1.4555603722540083
            ]
        ],
        [
            [
                2.784153789281845,
                -23.031506896018982,
                3.6163434922665716,
                2.0357964404914206,
                1.5,
                2.7892485321857206
            ]
        ],
        [
            [
                9.289707712829113,
                -22.65022897720337,
                3.028656844963069,
                2.958831531031862,
                1.5,
                1.9691836884649354
            ]
        ],
        [
            [
                21.975436881184578,
                -22.174470871686935,
                3.286327116303603,
                4.036695460188675,
                1.5,
                0.8868734439188161
            ]
        ],
        [
            [
                2.78927880525589,
                -9.443954803049564,
                3.018463795524145,
                2.478215876282426,
                1.5,
                2.2280681023682773
            ]
        ],
        [
            [
                3.980365216732025,
                -2.149915635585785,
                2.5165447928424016,
                3.0854694286188216,
                1.5,
                0.5833467953860138
            ]
        ],
        [
            [
                15.78104342520237,
                -8.466614484786987,
                2.2289157267316786,
                2.4554495074984373,
                1.5,
                2.606680991963513
            ]
        ],
        [
            [
                22.59314864873886,
                -10.990330338478088,
                4.565981339216796,
                2.1084679266332365,
                1.5,
