{
    "world_name": "subworld-410",
    "width": 50,
    "build_up": 0.39954776,
    "height": 1.5,
    "objects": [
        [
            [
                6.7592453956604,
                7.202217102050781,
                9.749494698507501,
                6.349086343607421,
                1.5,
                2.8707840824613062
            ]
        ],
        [
            [
                -13.175511360168457,
                -6.788182735443115,
                19.632433170044074,
                10.498593236652024,
                1.5,
                3.037839470969459
            ]
        ],
        [
            [
                -9.520439147949219,
                -21.12657928466797,
                2.691781243366547,
                2.2135659228664895,
                1.5,
                2.8685908776914806
            ]
        ],
        [
            [
                17.682697296142578,
                -4.433877944946289,
                4.131458643400046,
                3.6966127611685113,
                1.5,
                0.027047608653472333
            ]
        ],
        [
            [
                9.590003967285156,
                -16.97392463684082,
                18.461045485747476,
                2.6773383626421854,
                1.5,
                2.855014209613068
            ]
        ],
        [
            [
                -20.159818649291992,
                15.106355667114258,
                7.1776766370052645,
                3.5934291659105515,
                1.5,
                1.95786506718397
            ]
        ],
        [
            [
                5.799696445465088,
                -4.939352512359619,
                2.020739443129105,
                6.153785446558964,
                1.5,
                1.8713955226280472
            ]
        ],
        [
            [
                -4.538183212280273,
                16.20122528076172,
                9.507870397927839,
                6.818333378288003,
                1.5,
                2.902432323882392
            ]
        ],
        [
            [
                11.023268699645996,
                19.121173858642578,
                2.7717958900819064,
                2.8067336653917314,
                1.5,
                0.9465485532426171
            ]
        ],
        [
            [
                18.012666702270508,
                12.049622535705566,
                4.290240972139404,
                4.0393368379789,
                1.5,
                1.388094445404166
            ]
        ],
        [
            [
                6.045382022857666,
                20.141687393188477,
                2.0232391348689713,
                3.507501350651628,
                1.5,
                1.0194260800804282
            ]
        ],
        [
            [
                -10.63921070098877,
                5.778433322906494,
                2.9435724486544737,
                4.9100931855961445,
                1.5,
                0.12165861093386532
            ]
        ],
        [
            [
                17.866806030273438,
                -12.066795349121094,
                6.42792432228425,
                10.041134808095265,
                1.5,
                1.2369534747302504
            ]
        ],
        [
            [
                -17.023469924926758,
                -19.35654067993164,
                4.360368263745228,
                5.6290877336559255,
                1.5,
                2.363901871657422
            ]
        ],
        [
            [
                7.870349884033203,
                -9.159371614456177,
                3.075569273472054,
                2.0931855769050127,
                1.5,
                0.6995130175497514
            ]
        ],
        [
            [
                4.061063766479492,
                -19.500587463378906,
                3.2763715498418353,
                4.981541416029538,
                1.5,
                1.4871503680131828
            ]
        ],
        [
            [
                -14.413063526153564,
                21.222766876220703,
                8.449404339106271,
                3.9030476411192065,
                1.5,
                3.1026219837536426
            ]
        ],
        [
            [
                -4.3776044845581055,
                6.3395819664001465,
                2.756158951934919,
                5.35909986632387,
                1.5,
                0.46289098045350396
            ]
        ],
        [
            [
                20.227060317993164,
                3.894765853881836,
                6.213310070107742,
                5.377476294524744,
                1.5,
                2.6109529879473294
            ]
        ],
        [
            [
                20.207804203033447,
                19.247612953186035,
                4.131066792513068,
                4.845173081242129,
                1.5,
                1.1952285222077
            ]
        ],
        [
            [
                -23.676817893981934,
                -21.192437648773193,
                2.275144047309628,
                5.128810273039006,
                1.5,
                0.01719449990854116
            ]
        ],
        [
            [
                -22.502599716186523,
                -16.21953272819519,
                3.4919481808630444,
                3.0782938009311414,
                1.5,
                0.911103272201725
            ]
        ],
        [
            [
                -2.816803216934204,
                -17.608447432518005,
                4.506889551964536,
                2.2404299861278463,
                1.5,
                1.7986430459229963
            ]
        ],
        [
            [
                -2.974717617034912,
                -22.471245527267456,
                3.2512911712347217,
                3.179353049681187,
                1.5,
                0.5579414387882733
            ]
        ],
        [
            [
                9.225777864456177,
                -21.16280198097229,
                3.4916736349340574,
                3.694796709494483,
                1.5,
                1.1320627069352152
            ]
        ],
        [
            [
                22.97673749923706,
                -18.860465429723263,
                4.858920008603283,
                2.631016448469337,
                1.5,
                1.2512130210482415
            ]
        ],
        [
            [
                -17.988129675388336,
                6.649685829877853,
                4.318855497248203,
                2.592450486676211,
                1.5,
                1.7675803457033172
            ]
        ],
        [
            [
                3.972012758255005,
                16.972864985466003,
                2.517307058313082,
                3.394051819694049,
                1.5,
                1.7444164301457892
            ]
        ],
        [
            [
                3.1338393688201904,
                22.013089656829834,
                2.396523539913785,
                2.3046798554601056,
                1.5,
                1.1576305394756727
            ]
        ],
        [
            [
                -9.067310214042664,
                -15.782217860221863,
                2.8873111134032516,
                4.540807020198447,
                1.5,
                1.5799905998734933
            ]
        ],
        [
            [
                3.9501585364341736,
                -22.878854155540466,
                2.1236893758984405,
                2.8224924068038013,
                1.5,
                1.2713217052316312
            ]
        ],
        [
            [
                15.393487602472305,
                -22.56758803129196,
                4.0614429264430605,
                2.294910058107578,
                1.5,
