{
    "world_name": "subworld-84",
    "width": 50,
    "build_up": 0.38995044,
    "height": -1.0,
    "objects": [
        [
            [
                13.2075834274292,
                -15.122793197631836,
                12.01294068836891,
                5.0908169617339905,
                12.001875002861292,
                1.9761736025588643
            ]
        ],
        [
            [
                5.891050815582275,
                -2.5268497467041016,
                8.063669655457753,
                3.779121596201086,
                3.922594842521539,
                0.2321287122826401
            ]
        ],
        [
            [
                13.425821304321289,
                17.052640914916992,
                5.808133633937519,
                15.373954712017104,
                5.497912259147669,
                3.0813527388075492
            ]
        ],
        [
            [
                -6.397062301635742,
                7.4603095054626465,
                13.99293263638097,
                5.33244626541509,
                18.479490664691397,
                2.945691852857565
            ]
        ],
        [
            [
                -11.941027641296387,
                -20.36602210998535,
                2.339711475381568,
                6.869500135816534,
                19.279846394492385,
                1.6002902052021768
            ]
        ],
        [
            [
                -17.720439910888672,
                -3.2702088356018066,
                7.107770389070956,
                9.195320285511906,
                5.5161168810443675,
                1.9571318596899598
            ]
        ],
        [
            [
                -1.2102854251861572,
                -15.39176082611084,
                11.90570566648315,
                6.101748986229324,
                2.2406231748057177,
                1.5217184651279863
            ]
        ],
        [
            [
                6.709189414978027,
                11.904227256774902,
                2.44182262480291,
                7.102941274231929,
                18.86955237081092,
                0.07424209663939574
            ]
        ],
        [
            [
                -15.64291000366211,
                19.72368621826172,
                2.1730199373565497,
                6.342127225574318,
                13.920922781685348,
                0.6127507322208611
            ]
        ],
        [
            [
                16.04703712463379,
                3.1844990253448486,
                7.930984053822968,
                6.929125505737118,
                15.390456811673378,
                0.34109941848324166
            ]
        ],
        [
            [
                -13.713249206542969,
                -12.925859451293945,
                2.4910460904363307,
                12.768087089790189,
                10.858139277637765,
                2.1542625556991424
            ]
        ],
        [
            [
                -4.227823734283447,
                16.4094295501709,
                5.592921100223451,
                4.763059698985824,
                15.996962968801059,
                1.214833126085975
            ]
        ],
        [
            [
                -5.6030707359313965,
                -4.374505043029785,
                3.037523097537319,
                5.313767996646273,
                5.26184775265483,
                1.966608262741686
            ]
        ],
        [
            [
                21.88914680480957,
                -8.263741493225098,
                3.344442627349145,
                10.752878479212994,
                10.84524285685511,
                3.1067385664808427
            ]
        ],
        [
            [
                10.238804578781128,
                -22.083242416381836,
                4.2334970429636325,
                2.0308988746575234,
                5.138582180268927,
                1.9926987167219854
            ]
        ],
        [
            [
                -20.77078914642334,
                13.370031535625458,
                2.745782813570606,
                4.546012536352059,
                17.28970318465017,
                2.680513800656219
            ]
        ],
        [
            [
                -19.650760650634766,
                4.854644298553467,
                3.0384633415056728,
                5.585925862808765,
                15.90205391952396,
                0.8073244273140425
            ]
        ],
        [
            [
                -16.059455633163452,
                10.080909967422485,
                4.245393234646644,
                2.685093073114015,
                13.088844353754286,
                0.1939768404930582
            ]
        ],
        [
            [
                5.88275146484375,
                19.737003803253174,
                5.277524758025978,
                2.950660224051356,
                2.91053745200611,
                0.17848716230425454
            ]
        ],
        [
            [
                20.952022552490234,
                14.916365623474121,
                6.522019493168328,
                4.314423939291055,
                15.198894037826012,
                2.4071449754982663
            ]
        ],
        [
            [
                -20.91978669166565,
                -21.366450548171997,
                5.470992863020717,
                4.838341546408696,
                18.513021712535455,
                2.8155112006670606
            ]
        ],
        [
            [
                6.300345953553915,
                -17.484455466270447,
                5.518678248303949,
                3.031523319494227,
                4.5763639497169315,
                0.6465275754836531
            ]
        ],
        [
            [
                21.492814540863037,
                -20.586349606513977,
                4.619162853143839,
                3.7069887481453696,
                4.0364221181359925,
                1.284472964362792
            ]
        ],
        [
            [
                8.786324262619019,
                -6.6893609166145325,
                2.41539957639833,
                2.411565010564509,
                19.26572986098623,
                0.006142445023027188
            ]
        ],
        [
            [
                -9.883320569992065,
                3.6309125423431396,
                2.0780440369630484,
                3.5091152036110267,
                14.860427341993642,
                1.6264642708145163
            ]
        ],
        [
            [
                -6.268572213128209,
                2.7280285358428955,
                2.314678961321487,
                2.5059698755790336,
                16.93363211880853,
                1.2360972057938642
            ]
        ],
        [
            [
                -8.98274564743042,
                20.105506539344788,
                2.6309690618072565,
                2.230740459917855,
                4.847597940418961,
                1.3173082268591951
            ]
        ],
        [
            [
                4.6709229946136475,
                2.802743911743164,
                3.8245727411480344,
                2.8798394038454216,
                11.892108286830705,
                2.8779063977402526
            ]
        ],
        [
            [
                2.372330665588379,
                10.549286842346191,
                2.711327560913505,
                2.053486759578553,
                6.853600494352389,
                1.025177269438157
            ]
        ],
        [
            [
                20.95041799545288,
                21.853812217712402,
                4.3983217806124655,
                2.3312659519189545,
                2.985873041218409,
                0.6552429851624184
            ]
        ],
        [
            [
