{
    "world_name": "subworld-450",
    "width": 50,
    "build_up": 0.352414,
    "height": 1.5,
    "objects": [
        [
            [
                11.099823951721191,
                9.717963218688965,
                10.812152105665694,
                4.1616522317274995,
                1.5,
                1.9237722793166891
            ]
        ],
        [
            [
                -6.6261210441589355,
                -16.318138122558594,
                5.19312802974035,
                12.347681819898472,
                1.5,
                0.6799599887723358
            ]
        ],
        [
            [
                -4.353378772735596,
                4.967057228088379,
                6.4354415520252495,
                12.082634824242337,
                1.5,
                3.0650810412153264
            ]
        ],
        [
            [
                7.399987697601318,
                -14.13448429107666,
                11.644050433527095,
                12.122044590687425,
                1.5,
                2.0396957521826957
            ]
        ],
        [
            [
                21.68545150756836,
                -10.332991600036621,
                19.093538890228974,
                3.1692436912117063,
                1.5,
                1.5487801704611892
            ]
        ],
        [
            [
                -13.88362979888916,
                -19.295272827148438,
                2.056833375286559,
                5.493764326158102,
                1.5,
                0.7599591011973121
            ]
        ],
        [
            [
                -14.528204917907715,
                9.202752113342285,
                2.0169024304031375,
                11.584196392628575,
                1.5,
                0.1747954505487901
            ]
        ],
        [
            [
                -18.34689712524414,
                21.101547241210938,
                5.387422349452266,
                2.8846214410494877,
                1.5,
                2.7425990454942255
            ]
        ],
        [
            [
                -3.269943952560425,
                16.72081184387207,
                8.292274758668269,
                3.949098942117002,
                1.5,
                2.8372310427068212
            ]
        ],
        [
            [
                -19.2701358795166,
                -4.439374923706055,
                6.218966109517583,
                4.963053025797818,
                1.5,
                0.7912822852580772
            ]
        ],
        [
            [
                20.83150863647461,
                7.831131458282471,
                2.3896430952718433,
                7.949291039000116,
                1.5,
                2.8920317213227573
            ]
        ],
        [
            [
                13.985130310058594,
                -4.081391334533691,
                4.9125958206112355,
                3.6502286549485277,
                1.5,
                2.0189880445267248
            ]
        ],
        [
            [
                -20.9250431060791,
                8.303458213806152,
                5.150701965752798,
                2.5707557031737034,
                1.5,
                1.5043354099118005
            ]
        ],
        [
            [
                4.344560146331787,
                19.77703094482422,
                3.379797082869022,
                10.545526026992523,
                1.5,
                1.0337618902806458
            ]
        ],
        [
            [
                17.231618881225586,
                17.3491268157959,
                2.831144235363859,
                6.704305547438452,
                1.5,
                1.8803826409720388
            ]
        ],
        [
            [
                -20.981884002685547,
                15.623610496520996,
                2.5535412385913188,
                2.197811384119186,
                1.5,
                2.8490312277956544
            ]
        ],
        [
            [
                -1.0935451984405518,
                -6.146214962005615,
                4.476556991514545,
                2.5734953992448033,
                1.5,
                2.98843913123919
            ]
        ],
        [
            [
                -19.757431507110596,
                -14.661752223968506,
                2.33107211655261,
                5.814230450077109,
                1.5,
                1.8642757098321194
            ]
        ],
        [
            [
                -20.814024925231934,
                -20.96409797668457,
                2.6459160436536324,
                3.2284747093396686,
                1.5,
                2.4733135758800286
            ]
        ],
        [
            [
                -9.903965950012207,
                23.184036254882812,
                3.3737191631261045,
                2.076403351607928,
                1.5,
                3.1006796252610247
            ]
        ],
        [
            [
                3.806398391723633,
                7.376646518707275,
                2.5788137534714686,
                8.107584736939526,
                1.5,
                0.055185890847642805
            ]
        ],
        [
            [
                16.156872987747192,
                23.009817123413086,
                2.4605028526946215,
                14.013983378925513,
                1.5,
                1.6229315040803536
            ]
        ],
        [
            [
                -8.996419906616211,
                -4.707132339477539,
                2.893904891957811,
                2.592268253973446,
                1.5,
                1.2754090644423615
            ]
        ],
        [
            [
                17.461736917495728,
                -23.07012176513672,
                2.313803378273032,
                4.576078288443664,
                1.5,
                1.634462310029927
            ]
        ],
        [
            [
                5.337880253791809,
                -2.896043062210083,
                2.1667159074788085,
                5.931040928260307,
                1.5,
                2.244324381533059
            ]
        ],
        [
            [
                -20.66011643409729,
                3.052609443664551,
                5.351103465545115,
                2.280545034488416,
                1.5,
                0.22015415222707002
            ]
        ],
        [
            [
                -13.991196155548096,
                18.5988916605711,
                2.1701643270157973,
                2.436701036165285,
                1.5,
                2.745010149039783
            ]
        ],
        [
            [
                -15.855024263262749,
                -23.276851773262024,
                2.0013727705876296,
                2.0241423225907087,
                1.5,
                0.9196416870008453
            ]
        ],
        [
            [
                -22.881771326065063,
                -9.953774869441986,
                2.759658327502898,
                2.2276192649520343,
                1.5,
                2.733805075148565
            ]
        ],
        [
            [
                -15.272313117980957,
                -8.956315070390701,
                2.0346807852403868,
                4.706700814198259,
                1.5,
                1.701471217855345
            ]
        ],
        [
            [
                16.458112001419067,
                -9.415456112474203,
                2.7473024769186685,
                2.7265922263347653,
                1.5,
                2.1532898420626694
            ]
        ],
        [
            [
                -10.913379669189453,
                14.649236798286438,
                2.219475880282338,
                2.7982418925905512,
                1.5,
