{
    "world_name": "subworld-372",
    "width": 50,
    "build_up": 0.38897056,
    "height": -1.0,
    "objects": [
        [
            [
                5.345320701599121,
                15.071056365966797,
                7.952829601241222,
                4.8556853999724945,
                5.201820167944227,
                0.3118813369568485
            ]
        ],
        [
            [
                -2.046969175338745,
                -5.510990619659424,
                9.475446835405936,
                10.530027322808564,
                13.514580414594658,
                2.125482329882357
            ]
        ],
        [
            [
                -9.098788261413574,
                14.019745826721191,
                9.550850491701913,
                11.587743308883686,
                12.00860844125624,
                1.402139193956463
            ]
        ],
        [
            [
                -7.654958724975586,
                -16.622066497802734,
                10.193556502843172,
                5.424351811650012,
                3.4213697515433577,
                2.4108525457330954
            ]
        ],
        [
            [
                12.889228820800781,
                0.13733291625976562,
                11.65861006505963,
                8.596838077194889,
                17.746004802231823,
                0.9315497580609109
            ]
        ],
        [
            [
                -21.234088897705078,
                -8.952170372009277,
                19.686895612481763,
                4.559762362300578,
                10.175871591038241,
                1.598975694473089
            ]
        ],
        [
            [
                -11.45051383972168,
                -0.40565499663352966,
                3.1840416139527306,
                5.157175772648031,
                6.534279026723739,
                2.425824842575762
            ]
        ],
        [
            [
                21.539079666137695,
                -10.944355964660645,
                2.92371669885319,
                5.588907523032353,
                19.321385640947177,
                2.9111320392980162
            ]
        ],
        [
            [
                16.3218936920166,
                -19.99555778503418,
                3.655699012764588,
                5.24842896320965,
                14.3101457365714,
                2.966911102095043
            ]
        ],
        [
            [
                16.744524002075195,
                17.315643310546875,
                6.3091636642835915,
                3.6814892639139707,
                18.77228553069666,
                3.1019262167098685
            ]
        ],
        [
            [
                4.5322089195251465,
                -15.1646728515625,
                8.73898591356101,
                4.08104914805705,
                5.411287138420816,
                2.1090304967237934
            ]
        ],
        [
            [
                4.50642204284668,
                5.766639232635498,
                3.0825111043280344,
                5.119680170617918,
                16.206692387922892,
                0.7650657325542224
            ]
        ],
        [
            [
                14.4915132522583,
                -11.740646362304688,
                3.3392041283352123,
                3.31562740690602,
                14.129298723356136,
                1.654864588853206
            ]
        ],
        [
            [
                -20.736557006835938,
                9.417673110961914,
                2.182786328716929,
                2.8365548418679696,
                16.41157109188021,
                1.31371772059561
            ]
        ],
        [
            [
                -13.805805444717407,
                -6.494189262390137,
                2.614682781969499,
                3.5562990325674977,
                11.022200131595188,
                1.0142766164598789
            ]
        ],
        [
            [
                -20.713834762573242,
                19.97299861907959,
                5.55583708476224,
                2.4960031131308114,
                5.066925143750492,
                0.9170841706228476
            ]
        ],
        [
            [
                20.74792194366455,
                11.011945962905884,
                2.7962970501885556,
                2.178636388544125,
                18.627742177743958,
                0.1281900912570051
            ]
        ],
        [
            [
                -16.31942105293274,
                -23.4541916847229,
                2.0909050139612,
                2.4313624774103424,
                12.35463826670312,
                1.2341224950486236
            ]
        ],
        [
            [
                10.838674068450928,
                -20.552583694458008,
                2.3922305044064345,
                3.6315424762183603,
                5.393633926749412,
                2.9388865891271623
            ]
        ],
        [
            [
                22.165852069854736,
                -22.759541988372803,
                2.5091943142012347,
                2.7405701787675003,
                16.712902787064166,
                2.835313040315532
            ]
        ],
        [
            [
                -15.965273141860962,
                5.07098650932312,
                2.8076983936362403,
                2.4969529090404996,
                9.709417894709317,
                1.1103874731831036
            ]
        ],
        [
            [
                -4.942308306694031,
                4.5073899030685425,
                3.349707261043873,
                2.12591925231053,
                4.013217477787375,
                2.860747630823579
            ]
        ],
        [
            [
                -3.1054201126098633,
                21.86761236190796,
                3.780260084579894,
                2.1715793915719437,
                19.108543303865165,
                2.4153847930848333
            ]
        ],
        [
            [
                9.243109703063965,
                9.08023715019226,
                2.365876825191786,
                4.71557600890249,
                8.957778518112422,
                0.03547102675889513
            ]
        ],
        [
            [
                3.3028528690338135,
                21.110665798187256,
                4.492881592403824,
                2.7372176809349913,
                3.341341075066738,
                1.717166902505217
            ]
        ],
        [
            [
                15.025983810424805,
                22.582909107208252,
                4.522155868504042,
                2.225924070823111,
                3.182478398834383,
                2.7968507578733828
            ]
        ],
        [
            [
                -21.899266133084893,
                -22.650710225105286,
                2.393876197489107,
                3.233105368245833,
                9.442428450669754,
                1.9307784878026824
            ]
        ],
        [
            [
                -14.27711308002472,
                -20.996545433998108,
                3.019804143590668,
                2.777419160609056,
                6.31870755454428,
                1.5510661000454313
            ]
        ],
        [
            [
                -11.14731228351593,
                -23.43893814086914,
                2.0573056609500115,
                2.1094611121235745,
                5.6054655085811405,
                3.1053984566046973
            ]
        ],
        [
            [
                -1.7094520330429077,
                -14.308744072914124,
                2.696589294306856,
                2.595139935440309,
                19.287867152377444,
                0.29381852182412627
            ]
        ],
        [
            [
