{
    "world_name": "subworld-469",
    "width": 50,
    "build_up": 0.34987696,
    "height": -1.0,
    "objects": [
        [
            [
                -13.269522666931152,
                -2.023754596710205,
                2.5916233510574047,
                12.134864607517416,
                5.859463330605416,
                1.957583469507568
            ]
        ],
        [
            [
                9.167998313903809,
                -10.461261749267578,
                5.181102653784882,
                17.33315958730862,
                18.372531554151344,
                0.9602690360692933
            ]
        ],
        [
            [
                8.696958541870117,
                8.474394798278809,
                5.200249763661981,
                10.953206437768063,
                8.246300910460487,
                1.2811223985558997
            ]
        ],
        [
            [
                0.611794114112854,
                -17.463727951049805,
                6.266550829379351,
                15.378427054144526,
                4.736144390924379,
                1.15697866507742
            ]
        ],
        [
            [
                -16.28180503845215,
                18.1617431640625,
                6.509278343030867,
                8.255099802315984,
                10.058903893902754,
                0.9644331528792828
            ]
        ],
        [
            [
                -16.059797286987305,
                -14.611552238464355,
                2.0304604494671032,
                11.622950648984691,
                13.922278640085924,
                0.6599470144041047
            ]
        ],
        [
            [
                2.61985182762146,
                21.588674545288086,
                2.5437115331612485,
                13.609578568092505,
                2.3838816013713644,
                1.6841563507259993
            ]
        ],
        [
            [
                11.175508499145508,
                -2.4992475509643555,
                2.227214238539561,
                10.564153581702783,
                2.3580624188180677,
                1.1555681920375993
            ]
        ],
        [
            [
                -4.941006660461426,
                6.671867370605469,
                11.085300488034578,
                3.5205461360710486,
                2.6868845005649264,
                1.8887776880834775
            ]
        ],
        [
            [
                -11.678801536560059,
                -9.322477340698242,
                4.60763756815858,
                4.391954545490017,
                17.925001895265275,
                2.6385144368709597
            ]
        ],
        [
            [
                14.682208061218262,
                18.15895652770996,
                11.025797301764943,
                3.527473563508663,
                12.483342117196173,
                0.6279306704737824
            ]
        ],
        [
            [
                20.614051818847656,
                -2.585381269454956,
                6.916166429348168,
                2.3072862951735953,
                10.327102823825475,
                1.5043583158129026
            ]
        ],
        [
            [
                20.522098541259766,
                -20.593000411987305,
                6.333373252232763,
                3.3905524558636753,
                6.684007069194546,
                0.31149982330391746
            ]
        ],
        [
            [
                -21.209529876708984,
                -18.0745906829834,
                2.227290826787387,
                3.831441379049105,
                14.081982140695107,
                1.7824595366617146
            ]
        ],
        [
            [
                -20.327228546142578,
                5.093411922454834,
                3.2876095748644536,
                5.504160669196439,
                10.143269857794223,
                0.2761654455591287
            ]
        ],
        [
            [
                -16.3688542842865,
                -22.063271522521973,
                2.782837891273511,
                2.701117497430529,
                4.2783599616275225,
                0.4953752694324989
            ]
        ],
        [
            [
                -6.500500202178955,
                16.884271144866943,
                3.1127436619882163,
                2.464892452232617,
                13.412298003437371,
                0.44773835400060347
            ]
        ],
        [
            [
                21.30988597869873,
                10.876291751861572,
                7.3650004331268715,
                2.016568542893575,
                2.680213132455549,
                1.452991069856277
            ]
        ],
        [
            [
                -4.701918244361877,
                -23.43959617614746,
                2.1321334115816564,
                2.747331133496729,
                17.448139945846528,
                1.8089693760172556
            ]
        ],
        [
            [
                -2.7636165618896484,
                -3.2958078384399414,
                2.0602772177774096,
                2.5645758875002542,
                16.372119303813157,
                0.0903272364343124
            ]
        ],
        [
            [
                21.463188409805298,
                -15.865149974822998,
                3.7772899423305772,
                3.4212532725723213,
                15.313565879852296,
                0.8138212835538702
            ]
        ],
        [
            [
                -8.926841259002686,
                21.224531650543213,
                2.2650530556446054,
                2.1220325649234475,
                4.895822788681688,
                2.446221448580075
            ]
        ],
        [
            [
                -20.896404266357422,
                -22.971656799316406,
                2.797047261101825,
                3.6882106368484027,
                16.97465005572593,
                1.421250290430095
            ]
        ],
        [
            [
                -23.716987252235413,
                -14.650766909122467,
                2.7739596808511995,
                2.3119238448304924,
                8.832487776995206,
                1.6433621309087627
            ]
        ],
        [
            [
                -9.417563755065203,
                -21.586496382951736,
                2.0927210905996403,
                2.921300538843786,
                16.673744968962353,
                1.1112924737033147
            ]
        ],
        [
            [
                -23.262308597564697,
                -8.052541851997375,
                2.423032864081189,
                2.228227403377288,
                17.575986601922935,
                0.3897227670873449
            ]
        ],
        [
            [
                -22.876314759254456,
                -4.1095075607299805,
                2.953494916582758,
                2.2048245169398104,
                4.28272269224951,
                2.1597815451927462
            ]
        ],
        [
            [
                -2.6671203076839447,
                -8.935011088848114,
                2.5934730203958907,
                2.746168227443343,
                16.638259696173265,
                2.159145852797304
            ]
        ],
        [
            [
                9.500725865364075,
                -22.900397539138794,
                2.492266797468724,
                2.138517017862122,
                18.96062087821611,
                1.1365413996128508
            ]
        ],
        [
            [
                14.811401188373566,
                -23.404214024543762,
                2.0882791957115505,
                2.3098058090178886,
                14.752049626504883,
                1.3242529330618704
            ]
