{
    "world_name": "subworld-343",
    "width": 50,
    "build_up": 0.37735424,
    "height": -1.0,
    "objects": [
        [
            [
                2.202333927154541,
                5.1650166511535645,
                7.259551028954293,
                11.048266933681427,
                12.389188909028844,
                0.4970039396420203
            ]
        ],
        [
            [
                19.508275985717773,
                6.369843006134033,
                3.7739492680683373,
                4.336509797470848,
                4.989852367396534,
                2.313320150904421
            ]
        ],
        [
            [
                -9.915911674499512,
                1.2200350761413574,
                2.316515841446476,
                11.260180437532007,
                7.398831087341148,
                0.7988102359671251
            ]
        ],
        [
            [
                13.961321830749512,
                -11.106513023376465,
                11.34480629351715,
                6.524625054279483,
                12.112204456991238,
                3.094610150257623
            ]
        ],
        [
            [
                19.99482536315918,
                -21.2213077545166,
                2.540211408834433,
                4.045363034651278,
                5.085854944647048,
                1.9227419706435196
            ]
        ],
        [
            [
                -1.343297004699707,
                -11.749678611755371,
                11.761042249785971,
                7.920060762399956,
                14.529616656267473,
                0.9638630701451989
            ]
        ],
        [
            [
                -13.630694389343262,
                16.930450439453125,
                11.819119772250602,
                7.7866887350936524,
                8.236962370197258,
                0.4867577067719677
            ]
        ],
        [
            [
                -17.875694274902344,
                -17.467578887939453,
                11.265914840670188,
                5.6864179993923125,
                16.565959998378162,
                1.5754550895265451
            ]
        ],
        [
            [
                18.251405715942383,
                18.82190704345703,
                4.6694108673504395,
                9.274774080416748,
                11.452613906377364,
                1.9002833936453816
            ]
        ],
        [
            [
                -19.63669776916504,
                -0.9676238298416138,
                5.22443821678455,
                15.262169317443432,
                12.05285759009098,
                0.09459019732672047
            ]
        ],
        [
            [
                0.5253533720970154,
                18.61519432067871,
                5.952911245120852,
                3.0609267600247296,
                7.357725890523966,
                2.9922096801905678
            ]
        ],
        [
            [
                19.02269744873047,
                -1.3693273067474365,
                5.974727492212349,
                2.6157063616125997,
                19.398583410210655,
                2.4732301611782748
            ]
        ],
        [
            [
                12.419150352478027,
                5.239230155944824,
                8.777600205652538,
                3.202613876311159,
                7.223589844653882,
                1.6876255829677487
            ]
        ],
        [
            [
                -10.4710373878479,
                -21.577537536621094,
                2.013452617301014,
                2.6241419903791257,
                4.199262804001139,
                2.5501853463381217
            ]
        ],
        [
            [
                9.847388505935669,
                -20.205418586730957,
                2.788407392684963,
                5.097228654428578,
                7.648490941020466,
                1.750246075014465
            ]
        ],
        [
            [
                -5.147736072540283,
                3.452958106994629,
                3.192528728515187,
                4.1023587618518444,
                8.125316351256828,
                1.7159939044811534
            ]
        ],
        [
            [
                8.167253971099854,
                13.905379056930542,
                2.7320340075546157,
                3.343302928600571,
                15.009636095076052,
                3.077799355704191
            ]
        ],
        [
            [
                -9.192194938659668,
                -6.774826943874359,
                4.911032102111106,
                2.0177155565471794,
                4.672173252444967,
                2.0819119872223792
            ]
        ],
        [
            [
                3.895073175430298,
                -17.534881949424744,
                2.6688113510321823,
                3.0916450839307847,
                12.528342255484791,
                1.3978606434036531
            ]
        ],
        [
            [
                7.39664089679718,
                -1.8598041534423828,
                2.8236952210353836,
                2.1994141114708534,
                13.347804332912352,
                0.7597942491883986
            ]
        ],
        [
            [
                -9.948546886444092,
                8.384196281433105,
                3.8696685858796966,
                2.863712896034495,
                18.415124328583065,
                0.39691438704811133
            ]
        ],
        [
            [
                -21.78654408454895,
                20.91226077079773,
                3.41229603615923,
                3.7964196236470844,
                3.4902706511163637,
                1.8699346299902873
            ]
        ],
        [
            [
                8.767248392105103,
                21.63377857208252,
                2.020100201498648,
                5.9522906153525845,
                18.583221888689593,
                2.5696450211237405
            ]
        ],
        [
            [
                -3.182643588632345,
                -21.81996403262019,
                3.0378206747877408,
                2.4507042046875984,
                8.943678183555743,
                0.9566677194805375
            ]
        ],
        [
            [
                -10.39532220363617,
                -9.677422672510147,
                4.419510059000144,
                2.3675958436790667,
                18.354680725019307,
                2.0112199626114124
            ]
        ],
        [
            [
                2.273910343647003,
                -22.705847442150116,
                3.2834430463813544,
                3.3486429829542868,
                11.292809536929198,
                2.94368499662876
            ]
        ],
        [
            [
                15.245192170143127,
                -23.055955290794373,
                3.089783039492383,
                2.150371807964628,
                10.803857339128808,
                1.5056532902564645
            ]
        ],
        [
            [
                22.423300087451935,
                -15.4573884755373,
                4.657925847500911,
                3.124803568550319,
                5.9952518797482215,
                1.1694082150084268
            ]
        ],
        [
            [
                4.144928693771362,
                -3.363098159432411,
                3.3459815801538424,
                2.3640049721694543,
                15.463272227982474,
                2.091667485877674
            ]
        ],
        [
            [
                22.704798340797424,
                -10.553768277168274,
                3.578566386336232,
                3.462598805496824,
                14.667754806022021,
                3.03534290012842
            ]
        ],
        [
