{
    "world_name": "subworld-267",
    "width": 50,
    "build_up": 0.41750672,
    "height": -1.0,
    "objects": [
        [
            [
                4.591577529907227,
                -4.5616135597229,
                12.125864012078944,
                10.090356069347239,
                16.489479763610554,
                2.7351710243958376
            ]
        ],
        [
            [
                15.791508674621582,
                5.011912822723389,
                5.329017472103354,
                6.598114095172946,
                3.0255997820546927,
                0.6210308560037805
            ]
        ],
        [
            [
                -13.174426078796387,
                14.079235076904297,
                14.756616871967488,
                15.699387263100105,
                18.90983928233443,
                0.1508314139671274
            ]
        ],
        [
            [
                -15.147666931152344,
                -13.274206161499023,
                4.243686494002424,
                7.098287241877836,
                11.71264055740873,
                3.10282175473837
            ]
        ],
        [
            [
                0.8611250519752502,
                13.88283634185791,
                16.650504843438476,
                5.692810500208187,
                13.981100672816927,
                1.652755101479113
            ]
        ],
        [
            [
                14.424758911132812,
                -19.560110092163086,
                4.631664150669033,
                7.103135814004192,
                19.61854791443031,
                3.0991891433196415
            ]
        ],
        [
            [
                -11.242786407470703,
                -0.3545786440372467,
                9.343110741227427,
                2.637490983256328,
                12.350749222761124,
                0.2755824472910062
            ]
        ],
        [
            [
                -6.197443008422852,
                -15.455424308776855,
                6.713497608337855,
                2.6280211602486827,
                15.574598705993553,
                1.77148624774343
            ]
        ],
        [
            [
                10.282581329345703,
                15.038692474365234,
                9.260263142645428,
                5.87004331394062,
                5.84774243046831,
                1.8771133935525535
            ]
        ],
        [
            [
                2.785883665084839,
                -16.846973419189453,
                4.654879886157625,
                5.891692886597315,
                3.155251477846046,
                2.765440730277768
            ]
        ],
        [
            [
                17.835548400878906,
                -9.767253875732422,
                9.848257339915222,
                5.000636500607896,
                8.883103025432643,
                0.4617708944336514
            ]
        ],
        [
            [
                -7.028688430786133,
                -6.372815132141113,
                2.7126193178112867,
                3.875746298114902,
                4.345723705883426,
                2.7289777307899294
            ]
        ],
        [
            [
                -22.021202087402344,
                2.168532371520996,
                4.2803216668278505,
                2.4852199507931267,
                6.216439183293039,
                2.9533381940804806
            ]
        ],
        [
            [
                -18.07847309112549,
                -21.06923007965088,
                2.2759223548738188,
                2.4834447537157587,
                13.80862113135366,
                2.505200150019646
            ]
        ],
        [
            [
                20.880330085754395,
                -18.362370491027832,
                6.17523979664717,
                3.484665908195283,
                15.270480309144016,
                1.6206268170281415
            ]
        ],
        [
            [
                19.921751976013184,
                21.392751693725586,
                4.120292610848561,
                2.2129175442699047,
                3.051086375665661,
                1.031302611869327
            ]
        ],
        [
            [
                -22.108696460723877,
                -15.980815649032593,
                3.250496833105455,
                2.317721033603332,
                11.578794710621715,
                0.7284742965217568
            ]
        ],
        [
            [
                -6.199365880340338,
                -22.161682844161987,
                2.279464848752841,
                6.72635032752329,
                4.958110225870713,
                1.5746879562372667
            ]
        ],
        [
            [
                -18.734068615362048,
                -2.1155714988708496,
                2.30784901949861,
                2.76239376027873,
                6.0122824716430525,
                1.985123973146791
            ]
        ],
        [
            [
                -20.801098346710205,
                -7.953837633132935,
                3.0468684407271693,
                2.113756683169397,
                9.565890073147552,
                1.301905424743086
            ]
        ],
        [
            [
                8.879651069641113,
                -16.951990962028503,
                2.950355333661798,
                2.603813762990915,
                3.108092982336709,
                2.0619914040400698
            ]
        ],
        [
            [
                7.637469053268433,
                -21.883678197860718,
                2.4219781052832414,
                4.704127458710161,
                3.0306893422314403,
                2.002789001566916
            ]
        ],
        [
            [
                15.848111629486084,
                -4.334518671035767,
                4.662946950670681,
                4.022219454504299,
                12.648709058778891,
                0.838564595369767
            ]
        ],
        [
            [
                -3.32617449760437,
                2.843449354171753,
                3.6534913418695667,
                2.8618795929653276,
                7.051257790919886,
                0.6543043411312638
            ]
        ],
        [
            [
                19.416853427886963,
                16.096248149871826,
                8.105735559188505,
                2.028291511997449,
                17.26112990074062,
                0.6906652621813236
            ]
        ],
        [
            [
                -22.47917288541794,
                -22.7653529047966,
                2.1204333900166192,
                3.7328285632217435,
                12.42484815995562,
                0.6078162527750434
            ]
        ],
        [
            [
                -9.920569241046906,
                -16.462001502513885,
                2.0462072825795232,
                3.5203612387514247,
                9.17611403224594,
                0.003084499416438291
            ]
        ],
        [
            [
                -22.13146510720253,
                -2.2002047896385193,
                2.2672493453785814,
                2.0089513083930335,
                3.7170835509184013,
                1.152978389975698
            ]
        ],
        [
            [
                22.326442897319794,
                -1.8873480558395386,
                2.0009234204279136,
                2.513891873519242,
                14.90502351240312,
                2.8513064320132866
            ]
        ],
        [
            [
                -15.705488815903664,
                2.7812059819698334,
                2.6697071471037725,
                2.7128624591434245,
                19.074312724531858,
                0.044900449227126105
            ]
        ],
        [
