{
    "world_name": "subworld-435",
    "width": 50,
    "build_up": 0.35337068,
    "height": 1.5,
    "objects": [
        [
            [
                -11.96374225616455,
                -4.411920070648193,
                7.528427841087282,
                4.348459228950527,
                1.5,
                1.651716162095191
            ]
        ],
        [
            [
                7.333379745483398,
                -10.243539810180664,
                3.5602514118017314,
                8.704243977555532,
                1.5,
                1.8672066698576777
            ]
        ],
        [
            [
                2.5727462768554688,
                16.78658103942871,
                2.284485624426146,
                11.615339822121582,
                1.5,
                0.3509572521469422
            ]
        ],
        [
            [
                -21.009557723999023,
                -21.31429672241211,
                3.6302696896647255,
                2.135228934574503,
                1.5,
                1.520935182391442
            ]
        ],
        [
            [
                -17.332487106323242,
                13.793644905090332,
                7.254951109631075,
                6.42523486893152,
                1.5,
                0.3671896525448455
            ]
        ],
        [
            [
                17.076013565063477,
                9.078890800476074,
                16.313292277126024,
                3.9914778476476664,
                1.5,
                2.129664084460547
            ]
        ],
        [
            [
                14.001420021057129,
                -8.236452102661133,
                2.3533988003287187,
                19.95459368405929,
                1.5,
                0.3081916939869611
            ]
        ],
        [
            [
                -6.104455471038818,
                13.816370964050293,
                5.532123531373632,
                2.837792406519185,
                1.5,
                1.632381908724927
            ]
        ],
        [
            [
                -3.6529030799865723,
                -16.103744506835938,
                4.122954636599883,
                6.506760478438699,
                1.5,
                2.2265388212691155
            ]
        ],
        [
            [
                10.836424827575684,
                -17.810585021972656,
                6.292938360049106,
                5.8521170724403,
                1.5,
                0.7161194566786246
            ]
        ],
        [
            [
                -6.3477911949157715,
                5.167640209197998,
                6.418673842042425,
                2.138991920345154,
                1.5,
                2.6331690325106685
            ]
        ],
        [
            [
                -19.251253128051758,
                -6.434560298919678,
                3.2166757914652044,
                11.268756627114993,
                1.5,
                0.026519742684999903
            ]
        ],
        [
            [
                -13.395333290100098,
                3.0051066875457764,
                2.3930879779080536,
                6.045764669921228,
                1.5,
                1.2872989117006433
            ]
        ],
        [
            [
                2.933565378189087,
                3.376227378845215,
                14.09736333768678,
                3.2331851089337516,
                1.5,
                1.8747715952945838
            ]
        ],
        [
            [
                -13.67216682434082,
                -19.788503646850586,
                2.147616632788308,
                6.678300123522923,
                1.5,
                1.1423785404309357
            ]
        ],
        [
            [
                8.990522384643555,
                7.655102252960205,
                3.36545539530904,
                4.9810154315348605,
                1.5,
                2.1681444482259615
            ]
        ],
        [
            [
                -4.100607872009277,
                -6.162590026855469,
                3.2869372623395074,
                3.4103423291426576,
                1.5,
                2.3673710936895804
            ]
        ],
        [
            [
                23.5963191986084,
                -13.442592084407806,
                2.2842888444048723,
                4.374896399434751,
                1.5,
                3.092338026084006
            ]
        ],
        [
            [
                21.51638412475586,
                -19.933626651763916,
                7.236816665120874,
                5.603149975214766,
                1.5,
                1.5869917405263383
            ]
        ],
        [
            [
                -8.486680030822754,
                19.873950004577637,
                2.6499659151707027,
                3.1897693579144537,
                1.5,
                1.849890408626817
            ]
        ],
        [
            [
                20.877493858337402,
                18.762141704559326,
                3.1205025793294663,
                6.166411706093459,
                1.5,
                2.9387707470650692
            ]
        ],
        [
            [
                13.26720780134201,
                20.712764739990234,
                3.686316720445798,
                3.0499420361602505,
                1.5,
                2.986777341584076
            ]
        ],
        [
            [
                -21.74509906768799,
                -15.29317831993103,
                2.0495506687568352,
                3.8336914595155442,
                1.5,
                2.2916735694546952
            ]
        ],
        [
            [
                4.497534513473511,
                -20.49983048439026,
                3.30744448976819,
                4.693407721378263,
                1.5,
                0.7514924331026401
            ]
        ],
        [
            [
                20.385990619659424,
                -7.766610383987427,
                2.9338069573583248,
                2.741734218362993,
                1.5,
                1.0404241245254826
            ]
        ],
        [
            [
                -21.796420097351074,
                4.404338955879211,
                3.3745566487835936,
                3.4491883508967716,
                1.5,
                1.576505556255934
            ]
        ],
        [
            [
                -21.94330668449402,
                20.60392141342163,
                2.495968480370356,
                2.185690188367707,
                1.5,
                2.3740351656416827
            ]
        ],
        [
            [
                -3.5140504837036133,
                17.628341794013977,
                4.53635262762704,
                2.696254835745505,
                1.5,
                1.7767859058616524
            ]
        ],
        [
            [
                8.740792989730835,
                22.234314441680908,
                2.376958668636818,
                2.287374419393007,
                1.5,
                2.9918517432287484
            ]
        ],
        [
            [
                8.392064571380615,
                16.50178813934326,
                2.027549010613428,
                2.0917011001957895,
                1.5,
                0.44199916327842015
            ]
        ],
        [
            [
                -17.034733533859253,
                -23.666192173957825,
                2.781461019206905,
                2.351033170233492,
                1.5,
                0.04836713907567458
            ]
        ],
        [
            [
                -15.336145401000977,
                -14.225064039230347,
                2.005562310321226,
                2.2589046297922195,
                1.5,
