{
    "world_name": "subworld-333",
    "width": 50,
    "build_up": 0.39150668,
    "height": 20.0,
    "objects": [
        [
            [
                8.783304214477539,
                -8.040848731994629,
                8.670220858053742,
                18.752233738383886,
                20.0,
                1.9989195183435833
            ]
        ],
        [
            [
                -1.4405953884124756,
                9.847920417785645,
                12.233861902086568,
                2.748310964245118,
                20.0,
                1.2087834820765608
            ]
        ],
        [
            [
                -11.892974853515625,
                13.80443286895752,
                11.68841233987117,
                9.643869753440175,
                20.0,
                1.1141787142595587
            ]
        ],
        [
            [
                15.866286277770996,
                5.22878885269165,
                3.013868025582246,
                7.4712894098594695,
                20.0,
                1.9857373748715963
            ]
        ],
        [
            [
                -1.9751564264297485,
                -18.135679244995117,
                4.940768262362781,
                7.754131698473774,
                20.0,
                0.5864787211296354
            ]
        ],
        [
            [
                -15.081259727478027,
                -3.3010337352752686,
                6.5215497104131845,
                14.62229375795016,
                20.0,
                2.527832921446558
            ]
        ],
        [
            [
                9.776307106018066,
                16.031330108642578,
                4.494776584391275,
                2.989707296608694,
                20.0,
                1.9968886997456288
            ]
        ],
        [
            [
                -5.724585056304932,
                -6.022037982940674,
                4.365325452396238,
                3.886759852365158,
                20.0,
                0.810354007711625
            ]
        ],
        [
            [
                5.340080738067627,
                6.49018669128418,
                7.555382267522429,
                2.534864803835856,
                20.0,
                2.9978126543892176
            ]
        ],
        [
            [
                -13.84616756439209,
                -20.263214111328125,
                3.25789935208,
                3.8303407860523695,
                20.0,
                3.06777432952294
            ]
        ],
        [
            [
                -10.17667293548584,
                -10.575761795043945,
                2.056099484142851,
                4.4863755488311785,
                20.0,
                3.0180584517580793
            ]
        ],
        [
            [
                17.78213119506836,
                16.547828674316406,
                4.2140361593852695,
                7.78073084373448,
                20.0,
                2.208263216912959
            ]
        ],
        [
            [
                20.05210304260254,
                -14.456348419189453,
                4.149808256735291,
                5.253182444887658,
                20.0,
                1.998294453304283
            ]
        ],
        [
            [
                -19.865026473999023,
                -16.06525421142578,
                7.342317641100651,
                4.0774200682783555,
                20.0,
                1.6085960952174085
            ]
        ],
        [
            [
                7.226015090942383,
                -19.1226749420166,
                4.85738862503549,
                4.855587667452298,
                20.0,
                0.5398154198395033
            ]
        ],
        [
            [
                -22.26226234436035,
                11.955096125602722,
                3.580606450697845,
                2.6577911134686563,
                20.0,
                0.7669214198864528
            ]
        ],
        [
            [
                -2.9571571350097656,
                20.319564819335938,
                2.49842244103744,
                5.0224420354387505,
                20.0,
                3.0215996079990965
            ]
        ],
        [
            [
                -20.613093376159668,
                4.9851908683776855,
                6.41695276809774,
                2.3194216948665694,
                20.0,
                1.195257949836834
            ]
        ],
        [
            [
                -19.067342340946198,
                -23.11034631729126,
                2.4198042850693837,
                3.507098427558131,
                20.0,
                0.050793625104933016
            ]
        ],
        [
            [
                14.645493030548096,
                -18.539501518011093,
                2.5619524295939815,
                2.9777866581639065,
                20.0,
                2.8388600337259913
            ]
        ],
        [
            [
                22.907214164733887,
                -22.37118124961853,
                2.8993783185037603,
                2.5766859945610947,
                20.0,
                3.061345204376617
            ]
        ],
        [
            [
                19.16585475206375,
                -21.823742628097534,
                2.921406236760181,
                3.9845720419146913,
                20.0,
                1.63191691322371
            ]
        ],
        [
            [
                22.019649982452393,
                -4.5091012716293335,
                3.5913389446678012,
                2.942620310347028,
                20.0,
                1.502253227352994
            ]
        ],
        [
            [
                -19.78560960292816,
                18.66364261507988,
                2.704083067563671,
                7.279220078655991,
                20.0,
                2.8048025207682725
            ]
        ],
        [
            [
                8.23328423500061,
                2.5144917964935303,
                2.568634154821138,
                2.8936026625615665,
                20.0,
                2.3545624379979513
            ]
        ],
        [
            [
                3.074744939804077,
                2.6199276447296143,
                2.5593977854146686,
                4.895076545291432,
                20.0,
                1.5095218357584728
            ]
        ],
        [
            [
                21.36053490638733,
                9.962154150009155,
                2.5665853411609207,
                3.1678813528864262,
                20.0,
                0.8505743496461018
            ]
        ],
        [
            [
                6.201090328395367,
                20.57076597213745,
                3.4652918339089305,
                6.880840271803084,
                20.0,
                1.9442248914936249
            ]
        ],
        [
            [
                -23.26607871055603,
                -22.53667813539505,
                2.1402237879339934,
                2.0873753420737056,
                20.0,
                2.6724713295278093
            ]
        ],
        [
            [
                -15.634890435263515,
                -14.708676874637604,
                3.589445997827382,
                3.0502062067610365,
                20.0,
                1.9118094222125985
            ]
        ],
        [
            [
                -8.431069135665894,
                -21.116198420524597,
                3.3200420014631575,
                4.408552505391121,
                20.0,
                0.0763982140816486
            ]
        ],
        [
            [
                -22.957763671875,
                -10.105023443698883,
                2.3043162198268896,
                2.0748950341021013,
