{
    "world_name": "subworld-298",
    "width": 50,
    "build_up": 0.3715184,
    "height": 20.0,
    "objects": [
        [
            [
                -7.852677345275879,
                -9.554914474487305,
                15.60890065322077,
                11.38235244847867,
                20.0,
                2.662519403788538
            ]
        ],
        [
            [
                1.4989516735076904,
                17.371889114379883,
                11.208994409559494,
                4.737470142079812,
                20.0,
                2.9054006077048453
            ]
        ],
        [
            [
                8.432393074035645,
                4.017688274383545,
                8.025384077212033,
                14.066263853614146,
                20.0,
                1.893957926985316
            ]
        ],
        [
            [
                11.804950714111328,
                -9.810867309570312,
                14.146601665503903,
                2.329664931953243,
                20.0,
                2.5270230850829742
            ]
        ],
        [
            [
                -19.26599884033203,
                14.481745719909668,
                5.686640652444698,
                12.408957358701558,
                20.0,
                2.979311565499649
            ]
        ],
        [
            [
                22.375646591186523,
                7.491462707519531,
                14.244463474014788,
                2.047613275591482,
                20.0,
                1.5279047052595187
            ]
        ],
        [
            [
                -11.085517883300781,
                -20.212379455566406,
                3.180764055873151,
                2.091751632508302,
                20.0,
                0.16816714907882635
            ]
        ],
        [
            [
                3.5564637184143066,
                -19.156330108642578,
                6.96345948973207,
                2.8751507547012474,
                20.0,
                3.0864772590578298
            ]
        ],
        [
            [
                16.75504493713379,
                21.197904586791992,
                7.345450436812164,
                2.7301236061225915,
                20.0,
                3.1095186726865185
            ]
        ],
        [
            [
                -10.393318176269531,
                9.395718574523926,
                3.2511576153065764,
                6.503771386050715,
                20.0,
                2.4976670439673803
            ]
        ],
        [
            [
                13.242132186889648,
                -19.483041763305664,
                2.2341349914286877,
                5.250090967494134,
                20.0,
                1.5848626290586456
            ]
        ],
        [
            [
                -17.752552032470703,
                -0.5077493190765381,
                3.864907856971117,
                2.259687606316233,
                20.0,
                1.4518701631763995
            ]
        ],
        [
            [
                -5.395079135894775,
                6.405386924743652,
                10.081649345593723,
                3.0604520363935466,
                20.0,
                0.9749805793531271
            ]
        ],
        [
            [
                -20.470112800598145,
                -20.79569911956787,
                5.450582693507997,
                2.0184219412461966,
                20.0,
                1.5202720131719794
            ]
        ],
        [
            [
                -20.084850311279297,
                -8.714410066604614,
                3.0920240933890035,
                7.489683153514914,
                20.0,
                2.6872060501668296
            ]
        ],
        [
            [
                19.572715759277344,
                -5.074831008911133,
                6.123770357331428,
                2.38393997374654,
                20.0,
                1.6172024673251093
            ]
        ],
        [
            [
                20.28367328643799,
                -19.955315589904785,
                2.196366661899875,
                3.0966427963516185,
                20.0,
                3.016236839097781
            ]
        ],
        [
            [
                -22.339570999145508,
                2.2376136779785156,
                3.756352787241385,
                2.4191614845755907,
                20.0,
                2.7057320578773645
            ]
        ],
        [
            [
                18.395511150360107,
                12.244702726602554,
                2.6826558885369955,
                2.7383597736184715,
                20.0,
                0.09344695759438082
            ]
        ],
        [
            [
                -17.97380703687668,
                -15.458523750305176,
                2.220087747945323,
                2.731683687418302,
                20.0,
                0.7249903537382666
            ]
        ],
        [
            [
                -3.3841097354888916,
                -21.861184120178223,
                2.0429551478351904,
                3.3349080660350072,
                20.0,
                0.4914041562948619
            ]
        ],
        [
            [
                -23.232455253601074,
                -3.495802879333496,
                2.3739573652620316,
                3.4667969166205372,
                20.0,
                0.2849809437058919
            ]
        ],
        [
            [
                6.772068619728088,
                -14.574449062347412,
                6.701227624141253,
                2.5114671960778194,
                20.0,
                2.9009393583252328
            ]
        ],
        [
            [
                15.591286659240723,
                -6.536374032497406,
                2.5954843220123114,
                4.626863423018099,
                20.0,
                0.19131127728913278
            ]
        ],
        [
            [
                -15.240337610244751,
                3.7874813079833984,
                2.203757974025086,
                4.149920238763947,
                20.0,
                1.6020987353087588
            ]
        ],
        [
            [
                -8.920846939086914,
                22.89643907546997,
                3.195542154257277,
                2.1204423853159433,
                20.0,
                0.6595793422664934
            ]
        ],
        [
            [
                5.737137794494629,
                22.543303728103638,
                2.610689853606928,
                10.534566521982171,
                20.0,
                1.5406678937470395
            ]
        ],
        [
            [
                10.790460109710693,
                16.126022338867188,
                2.12023773182315,
                2.7707844658222887,
                20.0,
                1.2863978534421343
            ]
        ],
        [
            [
                -16.820002675056458,
                -22.02098324894905,
                2.486650370492024,
                2.3441376674256063,
                20.0,
                0.14312916361536776
            ]
        ],
        [
            [
                -8.355226635932922,
                -23.172197222709656,
                2.057521499852479,
                3.5842408478785295,
                20.0,
                1.8530150804923837
            ]
        ],
        [
            [
                -3.0660456493496895,
                -2.1201255321502686,
                3.0752663111170033,
                4.4660125071091965,
                20.0,
                1.3059104136242015
            ]
        ],
        [
            [
                2.8050124049186707,
                -23.087817072868347,
                2.441104254058211,
