{
    "world_name": "subworld-315",
    "width": 50,
    "build_up": 0.43046004,
    "height": 1.5,
    "objects": [
        [
            [
                13.306747436523438,
                -12.596546173095703,
                18.996594169776564,
                19.146631644673903,
                1.5,
                1.6201317625974176
            ]
        ],
        [
            [
                -5.276695251464844,
                4.303479194641113,
                6.447664683303482,
                9.759492925323748,
                1.5,
                1.7387551046337584
            ]
        ],
        [
            [
                11.722973823547363,
                17.98247718811035,
                15.33630184402833,
                4.3764113285500486,
                1.5,
                0.35707094930855665
            ]
        ],
        [
            [
                10.292197227478027,
                2.8154938220977783,
                3.2827019151084915,
                14.780522342222813,
                1.5,
                1.4748412385978864
            ]
        ],
        [
            [
                -4.7099080085754395,
                14.553766250610352,
                10.486569382345634,
                9.136294819948581,
                1.5,
                0.24081976771846048
            ]
        ],
        [
            [
                -10.721135139465332,
                -8.12153434753418,
                2.3561982557245993,
                6.203071895156167,
                1.5,
                0.24083101028231257
            ]
        ],
        [
            [
                -17.64518928527832,
                17.002853393554688,
                11.244119164457153,
                2.1562046925512077,
                1.5,
                1.8292665401731212
            ]
        ],
        [
            [
                -19.014223098754883,
                -9.619832038879395,
                3.890304180717462,
                2.301913818361782,
                1.5,
                1.2926620665070423
            ]
        ],
        [
            [
                -1.605258822441101,
                -19.20844268798828,
                2.1290673794185766,
                5.409974284003553,
                1.5,
                0.36480121497339657
            ]
        ],
        [
            [
                -19.42628288269043,
                -19.041288375854492,
                4.500067599505316,
                2.5776006359599535,
                1.5,
                0.9121553377736186
            ]
        ],
        [
            [
                15.576869010925293,
                8.729118347167969,
                2.4594582928630624,
                13.389774646383279,
                1.5,
                1.4111102830252342
            ]
        ],
        [
            [
                -18.773344039916992,
                4.796298027038574,
                6.981260553249793,
                7.662217152966042,
                1.5,
                2.8635104813623715
            ]
        ],
        [
            [
                -2.590791940689087,
                -8.781760215759277,
                2.064384807466467,
                5.537585116558085,
                1.5,
                1.2014303766790593
            ]
        ],
        [
            [
                -11.236979484558105,
                -21.250476837158203,
                2.8361962862351007,
                4.426251739941916,
                1.5,
                2.9796037581355
            ]
        ],
        [
            [
                -7.647253513336182,
                -14.607805967330933,
                2.6345748106147093,
                3.4588262675684547,
                1.5,
                1.9523892797121072
            ]
        ],
        [
            [
                -7.985401630401611,
                22.605326652526855,
                3.096717345063256,
                3.4721371362326248,
                1.5,
                0.508467628394851
            ]
        ],
        [
            [
                -15.985870361328125,
                -22.175861358642578,
                2.337043916323495,
                2.2189990518376432,
                1.5,
                1.037340635432855
            ]
        ],
        [
            [
                -4.87944233417511,
                -22.115689992904663,
                3.4889864357521176,
                3.9743873117562236,
                1.5,
                0.2900926100861596
            ]
        ],
        [
            [
                -15.026343822479248,
                -9.510969161987305,
                3.556157224628712,
                2.5287739533638334,
                1.5,
                1.4138800066694075
            ]
        ],
        [
            [
                -22.504191160202026,
                -5.193506360054016,
                2.9161370307817274,
                3.9612024798033953,
                1.5,
                1.1910769218786694
            ]
        ],
        [
            [
                -4.230624437332153,
                -2.1186470985412598,
                4.6025953544998846,
                2.4769950943127546,
                1.5,
                2.735471536998211
            ]
        ],
        [
            [
                -22.714603424072266,
                17.127655744552612,
                3.684344858718883,
                2.008878548930291,
                1.5,
                2.369243118274857
            ]
        ],
        [
            [
                20.691844940185547,
                16.420406103134155,
                2.2622421156252823,
                3.1731231711683776,
                1.5,
                1.8966237066003822
            ]
        ],
        [
            [
                -21.032824456691742,
                -15.013156652450562,
                2.7226397955386377,
                2.004448637447521,
                1.5,
                0.9811344334405308
            ]
        ],
        [
            [
                -14.644287168979645,
                -14.253302097320557,
                3.570851602436549,
                2.071584422044455,
                1.5,
                0.4389807056348076
            ]
        ],
        [
            [
                -16.730706930160522,
                -3.916463255882263,
                2.085717653623156,
                3.271008917140078,
                1.5,
                1.1829371979346204
            ]
        ],
        [
            [
                -10.474010109901428,
                -1.8406816720962524,
                2.5819127855114594,
                2.1896741444774874,
                1.5,
                1.4105303425284736
            ]
        ],
        [
            [
                -14.45848798751831,
                16.312580585479736,
                2.1840341778592753,
                2.5533003773057397,
                1.5,
                2.301457124639292
            ]
        ],
        [
            [
                -22.575803518295288,
                22.00995084643364,
                3.6521908446055145,
                2.5690427438954924,
                1.5,
                2.5042467354378033
            ]
        ],
        [
            [
                -15.034092724323273,
                22.20125523209572,
                2.9565079656783415,
                3.767432758624092,
                1.5,
                1.1237566690322072
            ]
        ],
        [
            [
                -4.358675003051758,
                21.774463944137096,
                3.6265394369750847,
                2.6929585132657814,
                1.5,
                1.8026820284775165
            ]
        ],
        [
            [
                4.259238839149475,
                10.492993474006653,
                2.952379146392502,
                2.135618180981503,
