{
    "world_name": "subworld-148",
    "width": 50,
    "build_up": 0.40241308,
    "height": -1.0,
    "objects": [
        [
            [
                -8.535712242126465,
                -4.4826130867004395,
                4.184897726456883,
                10.378189392036253,
                7.9383884962773,
                2.35154591532676
            ]
        ],
        [
            [
                3.1672823429107666,
                -9.729449272155762,
                15.066629157341563,
                12.559431295209773,
                7.74339787351103,
                0.6439510839777085
            ]
        ],
        [
            [
                20.871049880981445,
                16.49091339111328,
                8.032097560677148,
                4.962479899309139,
                14.295308792080052,
                1.9682718370993468
            ]
        ],
        [
            [
                2.209395170211792,
                9.457880973815918,
                9.857543392782162,
                10.028802650380918,
                3.4779457642382985,
                2.718397336737455
            ]
        ],
        [
            [
                -13.157692909240723,
                15.710389137268066,
                5.180494519387801,
                11.030350277644748,
                3.7525731208832904,
                3.0145743583204423
            ]
        ],
        [
            [
                22.35767936706543,
                -4.376283168792725,
                11.759007814158894,
                3.5780487318163665,
                14.588965007984113,
                1.6508927852089086
            ]
        ],
        [
            [
                -18.02643394470215,
                -1.2337958812713623,
                3.5446696970374405,
                2.831962591889032,
                6.518562184224287,
                0.5825158112880802
            ]
        ],
        [
            [
                9.140851974487305,
                18.051477432250977,
                7.071699815531751,
                12.899375177158925,
                2.4174579564875636,
                1.1441749609050802
            ]
        ],
        [
            [
                15.065302848815918,
                3.4706461429595947,
                2.5177178870220516,
                4.317606918042542,
                19.973787630732737,
                1.163307220922391
            ]
        ],
        [
            [
                12.958101272583008,
                -18.62906265258789,
                3.607725715720508,
                7.119611989376192,
                2.411639365659435,
                0.06193963022056481
            ]
        ],
        [
            [
                -6.996460437774658,
                -20.721187591552734,
                4.320665778902877,
                3.3656912171143256,
                10.737684883744546,
                1.1234334104207182
            ]
        ],
        [
            [
                -21.172557830810547,
                -13.667149543762207,
                2.9044146623404874,
                11.948887801769317,
                11.067964978488101,
                2.9726587364004056
            ]
        ],
        [
            [
                -14.189172744750977,
                -18.205001831054688,
                5.1071496248491135,
                5.791999325646197,
                18.022114800379534,
                2.604419942424621
            ]
        ],
        [
            [
                5.8678388595581055,
                -22.05724334716797,
                2.241867746026168,
                3.208083630685493,
                19.996251878571538,
                0.06546772797298006
            ]
        ],
        [
            [
                16.49323582649231,
                -7.241641998291016,
                2.0325489092592797,
                2.9874396506795433,
                17.193176579734732,
                3.0164010321109505
            ]
        ],
        [
            [
                21.436074256896973,
                -18.769607067108154,
                2.113610512299969,
                3.1965612507843355,
                6.104769335060335,
                1.7653874396485243
            ]
        ],
        [
            [
                -19.601356029510498,
                6.038175106048584,
                3.966531602814409,
                4.895717480994762,
                5.6464247333262945,
                0.7422842795465401
            ]
        ],
        [
            [
                -20.813379287719727,
                18.04083776473999,
                2.2263597176675307,
                6.247844230196909,
                18.910819159755977,
                2.722631382821552
            ]
        ],
        [
            [
                15.86488151550293,
                10.24073576927185,
                2.041907736811486,
                2.176714724184712,
                8.235517691975776,
                0.13581275901262835
            ]
        ],
        [
            [
                -7.796783208847046,
                6.758166134357452,
                7.286638804858929,
                2.592041508350081,
                19.376744743939028,
                1.715908455714679
            ]
        ],
        [
            [
                -4.676979064941406,
                19.368343830108643,
                3.8568243545969096,
                6.94885700369339,
                15.129757376823724,
                2.957431509069575
            ]
        ],
        [
            [
                8.570730209350586,
                3.59704327583313,
                3.997632691621584,
                2.3167836954854764,
                19.832124957623513,
                1.6288325632880565
            ]
        ],
        [
            [
                22.192081689834595,
                7.502475261688232,
                2.9048282176888263,
                2.064514010789923,
                10.677425165296107,
                1.7097476629963189
            ]
        ],
        [
            [
                15.855082273483276,
                20.6692031621933,
                2.0963068867022163,
                2.3622461699134507,
                12.78106180850439,
                0.9685527250144992
            ]
        ],
        [
            [
                -21.034011781215668,
                -22.92733883857727,
                2.001046067275338,
                2.109509309102155,
                17.295990769190205,
                2.5274084778520325
            ]
        ],
        [
            [
                -7.96196436882019,
                -14.926187694072723,
                2.070883180482666,
                2.746642653689495,
                10.713146044489285,
                0.007550943349720729
            ]
        ],
        [
            [
                -15.131939560174942,
                -9.423757005482912,
                2.114606384696578,
                4.287888904486406,
                11.174627030585093,
                1.1296736861842454
            ]
        ],
        [
            [
                -21.833658773452044,
                -3.961660385131836,
                2.0525782098845196,
                2.8660316540365645,
                6.293464527191723,
                2.6444851950298824
            ]
        ],
        [
            [
                -14.685705661773682,
                -2.9926755875349045,
                2.633595334013937,
                3.322293341668118,
                8.06599084416911,
                0.39964188930300404
            ]
        ],
        [
            [
                17.308977007865906,
                -21.087050318717957,
                3.7021237707961445,
                2.111295306408389,
                4.676726845452238,
                1.7215991436911156
            ]
        ],
        [
