{
    "world_name": "subworld-496",
    "width": 50,
    "build_up": 0.40085204,
    "height": 1.5,
    "objects": [
        [
            [
                11.923351287841797,
                7.087418556213379,
                3.4750009277516902,
                5.020463106455664,
                1.5,
                3.0967127191027934
            ]
        ],
        [
            [
                13.066729545593262,
                -15.898374557495117,
                10.33098263490842,
                8.753219993195483,
                1.5,
                2.6395012088209917
            ]
        ],
        [
            [
                -17.477493286132812,
                -11.29535961151123,
                2.291326064771587,
                8.266123468145981,
                1.5,
                1.0733067538199315
            ]
        ],
        [
            [
                -13.530978202819824,
                18.148086547851562,
                2.6889703641376492,
                8.761887171921343,
                1.5,
                2.8636823161817224
            ]
        ],
        [
            [
                -8.293375968933105,
                14.666251182556152,
                8.104894472553834,
                3.4954651975906907,
                1.5,
                1.3416204256295268
            ]
        ],
        [
            [
                12.619332313537598,
                -2.6382851600646973,
                6.429210645151992,
                11.110970063228548,
                1.5,
                1.6861147048151266
            ]
        ],
        [
            [
                -1.309470772743225,
                -17.14543342590332,
                5.59932075486604,
                7.253659817465429,
                1.5,
                2.5487430936622157
            ]
        ],
        [
            [
                -1.7242201566696167,
                -6.731114387512207,
                7.044483312949437,
                9.161024166977377,
                1.5,
                1.3334262768994203
            ]
        ],
        [
            [
                4.479502201080322,
                11.065252304077148,
                13.988386733162294,
                2.503748652330451,
                1.5,
                0.6626268381634622
            ]
        ],
        [
            [
                -14.47220230102539,
                0.38655757904052734,
                14.46388382076162,
                5.967886910205087,
                1.5,
                0.3263067385042493
            ]
        ],
        [
            [
                -10.663578033447266,
                -19.89181900024414,
                4.299217218365444,
                5.723782047320576,
                1.5,
                0.3359064525742814
            ]
        ],
        [
            [
                0.0211627297103405,
                19.345073699951172,
                7.759645437362899,
                4.420027930972649,
                1.5,
                1.3545380151441273
            ]
        ],
        [
            [
                17.713668823242188,
                18.952157974243164,
                7.56532796135456,
                11.366016028743969,
                1.5,
                0.06051654424500241
            ]
        ],
        [
            [
                -11.461969375610352,
                -8.326220512390137,
                5.264223078647003,
                3.22322654489509,
                1.5,
                0.06948253158704887
            ]
        ],
        [
            [
                -19.897014617919922,
                19.45965576171875,
                5.33165869838965,
                4.615593984722799,
                1.5,
                1.372554457593412
            ]
        ],
        [
            [
                -19.54927921295166,
                -18.68255615234375,
                4.488865153173053,
                5.824633509772989,
                1.5,
                2.6928284213316784
            ]
        ],
        [
            [
                21.812761306762695,
                -12.021444410085678,
                2.220914253054487,
                2.5021999684566887,
                1.5,
                2.721838077292011
            ]
        ],
        [
            [
                5.2601752281188965,
                -21.647960662841797,
                4.392907429074057,
                2.3710390746008176,
                1.5,
                1.0147409713486226
            ]
        ],
        [
            [
                -17.14638614654541,
                8.97303295135498,
                3.5718598773724395,
                3.80150570686486,
                1.5,
                1.6728091570800938
            ]
        ],
        [
            [
                9.892802476882935,
                21.662911415100098,
                6.205381700669657,
                4.661151157564216,
                1.5,
                2.88202304962601
            ]
        ],
        [
            [
                20.908367156982422,
                3.234065055847168,
                2.9573309125722567,
                4.29023530406956,
                1.5,
                2.2026157144096525
            ]
        ],
        [
            [
                -9.990453004837036,
                -3.953277349472046,
                2.6935585123254966,
                2.8200465475123417,
                1.5,
                0.2586031160198907
            ]
        ],
        [
            [
                21.978917360305786,
                -22.6023850440979,
                2.4118782940784205,
                3.1743833617569828,
                1.5,
                3.0735593420488634
            ]
        ],
        [
            [
                21.002032995224,
                -8.862747430801392,
                2.1353961777469315,
                3.6949136698275664,
                1.5,
                1.3087385181901445
            ]
        ],
        [
            [
                -19.31609481573105,
                4.2952176332473755,
                3.6354864540531633,
                3.884343120142817,
                1.5,
                0.1691007537925595
            ]
        ],
        [
            [
                -21.82867193222046,
                9.841109991073608,
                2.235412112132734,
                2.1143823927844503,
                1.5,
                1.7520501780808402
            ]
        ],
        [
            [
                -4.664381504058838,
                9.27142333984375,
                3.3511606408594607,
                2.7520789545828936,
                1.5,
                1.3215782219362513
            ]
        ],
        [
            [
                -3.473928451538086,
                2.6674020290374756,
                4.538770459942346,
                2.1087356776129313,
                1.5,
                0.0379292879282187
            ]
        ],
        [
            [
                5.704065799713135,
                4.767022728919983,
                2.4309357946362247,
                2.233425183820526,
                1.5,
                1.1535775008325695
            ]
        ],
        [
            [
                17.885511994361877,
                7.726376175880432,
                4.024799655633159,
                6.973960639667802,
                1.5,
                2.8219147539184775
            ]
        ],
        [
            [
                23.190778732299805,
                7.711466908454895,
                3.2554110340691373,
                2.0890417656460185,
                1.5,
                0.11585433678040724
            ]
        ],
        [
            [
                6.6601177752017975,
                17.936264991760254,
                2.279791003509516,
                2.301186040847224,
                1.5,
