{
    "world_name": "subworld-293",
    "width": 50,
    "build_up": 0.366526,
    "height": -1.0,
    "objects": [
        [
            [
                6.111988067626953,
                5.57066535949707,
                5.753873939409487,
                16.416658114839233,
                16.240087339284308,
                1.389492597510355
            ]
        ],
        [
            [
                -16.012285232543945,
                8.977615356445312,
                18.631120848021535,
                5.373563970648389,
                17.91570202105773,
                1.0484829818180166
            ]
        ],
        [
            [
                -10.826784133911133,
                -1.9494309425354004,
                8.696296672065728,
                2.169305367659253,
                3.2567021374417333,
                2.3786117967387135
            ]
        ],
        [
            [
                4.576681613922119,
                17.71122932434082,
                2.932028017735574,
                2.438698755386728,
                19.958040404834428,
                0.4639670668743705
            ]
        ],
        [
            [
                12.9102783203125,
                -10.801130294799805,
                7.124249759818173,
                15.700515750695716,
                12.57923547455541,
                2.3999654258148126
            ]
        ],
        [
            [
                -11.607563972473145,
                -14.760842323303223,
                7.032116376182619,
                14.801639083588285,
                9.243258726703974,
                3.096624749642192
            ]
        ],
        [
            [
                12.159200668334961,
                18.003267288208008,
                4.031987548011812,
                8.547421642221918,
                12.710152897274813,
                0.35922837069676317
            ]
        ],
        [
            [
                -2.578340768814087,
                -18.562894821166992,
                12.313372158148983,
                2.112886838863212,
                19.091693633138807,
                0.8076762336623308
            ]
        ],
        [
            [
                0.11159913241863251,
                -2.814563751220703,
                2.284254455193234,
                7.64303508175099,
                9.229924474914423,
                2.1351084116538765
            ]
        ],
        [
            [
                6.191762924194336,
                -7.125721454620361,
                2.675716424416443,
                6.47763778107006,
                15.587667702434587,
                2.4404220127557172
            ]
        ],
        [
            [
                -4.364259719848633,
                -9.297362327575684,
                2.0310665928134766,
                3.7986510525257176,
                2.0239545176906963,
                2.448829866770781
            ]
        ],
        [
            [
                -21.26878547668457,
                -6.009664058685303,
                3.22070563778055,
                4.039986742977819,
                16.38975442922608,
                1.504464517711493
            ]
        ],
        [
            [
                -20.12819194793701,
                -20.08103895187378,
                5.201939193789038,
                3.4091640564920054,
                17.174151029770627,
                2.9172501109593245
            ]
        ],
        [
            [
                -19.10342311859131,
                -13.370380699634552,
                2.168016037280677,
                4.001010020395583,
                6.765921034645615,
                2.045544605444866
            ]
        ],
        [
            [
                15.99480414390564,
                -20.51408576965332,
                3.2278499817127067,
                8.038839712218131,
                5.139995571845416,
                0.8866584871367917
            ]
        ],
        [
            [
                20.607980728149414,
                -15.513314247131348,
                2.0239462147332272,
                2.1539120024840575,
                4.24558188784907,
                0.01136873415934625
            ]
        ],
        [
            [
                -5.6854248046875,
                19.005377292633057,
                2.12751886192722,
                7.582135069145898,
                7.621750706804062,
                0.9014666424866464
            ]
        ],
        [
            [
                -20.783536911010742,
                18.539779663085938,
                2.106238427236379,
                3.4951191292318633,
                12.485879728767044,
                2.544658040842722
            ]
        ],
        [
            [
                -6.644680976867676,
                7.604454517364502,
                2.4244873622566496,
                2.4310880629154017,
                16.218727111524878,
                1.8635379494500683
            ]
        ],
        [
            [
                19.614328861236572,
                5.972606658935547,
                5.497915565073406,
                3.0842045262905087,
                10.538395808050074,
                0.4763746500594148
            ]
        ],
        [
            [
                20.072986125946045,
                18.124178886413574,
                2.602935559598601,
                10.37311703098832,
                8.438915799800053,
                3.096461987038525
            ]
        ],
        [
            [
                -4.584657907485962,
                -15.103261709213257,
                5.337602888713791,
                2.4371729546203365,
                18.370755323703868,
                0.36537531843846516
            ]
        ],
        [
            [
                -2.6802806854248047,
                -22.466097831726074,
                2.082722368304773,
                2.480744069788931,
                3.452107319355105,
                0.507788094268919
            ]
        ],
        [
            [
                5.750581592321396,
                -21.24897074699402,
                2.733975208085233,
                7.961484141836431,
                6.5707829082784865,
                1.1417868527228983
            ]
        ],
        [
            [
                -8.322585344314575,
                2.25095796585083,
                3.5591843157049405,
                3.6706282323196535,
                3.4977143385946414,
                1.3223798609060096
            ]
        ],
        [
            [
                -17.908307433128357,
                16.505749225616455,
                3.967616129149302,
                2.091957467839264,
                16.503663642325016,
                1.0991540400446045
            ]
        ],
        [
            [
                -14.64389705657959,
                21.875715255737305,
                3.088861838361509,
                2.344514131377056,
                15.180235367312104,
                2.8138838474232895
            ]
        ],
        [
            [
                -16.476355254650116,
                -3.1400972586125135,
                2.8432761044680523,
                2.4211576886457555,
                6.026862121187685,
                0.15519998512975053
            ]
        ],
        [
            [
                22.690853774547577,
                -21.10798978805542,
                3.9689328973518707,
                2.9482011090555904,
                9.566468669967115,
                1.5430772661208443
            ]
        ],
        [
            [
                21.87471308428212,
                -2.366679072380066,
                3.003691876420161,
                5.183239445753618,
                10.228205084355098,
                1.5644964314148933
            ]
        ],
        [
            [
