{
    "world_name": "subworld-207",
    "width": 50,
    "build_up": 0.3526028,
    "height": 1.5,
    "objects": [
        [
            [
                -1.3340415954589844,
                -10.074039459228516,
                10.004116309956455,
                4.859911998435266,
                1.5,
                2.510846414459536
            ]
        ],
        [
            [
                -17.32515525817871,
                -5.793420791625977,
                2.2315320630354405,
                14.248657575905998,
                1.5,
                0.06579456536454176
            ]
        ],
        [
            [
                17.45697593688965,
                -7.710784912109375,
                11.035245559947592,
                3.1024659708191855,
                1.5,
                2.1495706536679657
            ]
        ],
        [
            [
                -12.020673751831055,
                16.164379119873047,
                8.568148414825941,
                10.385785516736325,
                1.5,
                0.05597329501659498
            ]
        ],
        [
            [
                16.633283615112305,
                8.617566108703613,
                3.863428070802208,
                5.853815746473842,
                1.5,
                0.34218960502591234
            ]
        ],
        [
            [
                0.10558588802814484,
                7.524622917175293,
                6.07213542100638,
                14.14249872306647,
                1.5,
                2.481659979520172
            ]
        ],
        [
            [
                -1.2636934518814087,
                19.786951065063477,
                7.428818146986501,
                2.1245277329614196,
                1.5,
                1.4190369569243397
            ]
        ],
        [
            [
                -21.903100967407227,
                -7.727093696594238,
                6.994280015504888,
                2.00351967847038,
                1.5,
                1.618137790113153
            ]
        ],
        [
            [
                8.330012321472168,
                0.5068191289901733,
                3.4188337201377004,
                12.127887353301595,
                1.5,
                1.9851549979751184
            ]
        ],
        [
            [
                8.066165924072266,
                -15.785399436950684,
                8.03662928973778,
                2.3667070242001897,
                1.5,
                0.6611712884903511
            ]
        ],
        [
            [
                18.502164840698242,
                17.498138427734375,
                3.7957072137019052,
                7.835218203092725,
                1.5,
                1.6546553786365543
            ]
        ],
        [
            [
                -12.844429016113281,
                6.0443010330200195,
                3.118555930487427,
                2.2989783017090404,
                1.5,
                0.8603007633213848
            ]
        ],
        [
            [
                -13.486167907714844,
                -16.455455780029297,
                3.4802002320967205,
                2.4546950915714234,
                1.5,
                0.8554515806343964
            ]
        ],
        [
            [
                -9.093955993652344,
                -17.257211685180664,
                2.5495921336614087,
                6.719061413370628,
                1.5,
                2.313412255825262
            ]
        ],
        [
            [
                20.147130966186523,
                -0.9845798015594482,
                3.7433006668265616,
                3.2618665196860785,
                1.5,
                2.041612772341575
            ]
        ],
        [
            [
                16.49608612060547,
                -18.48904800415039,
                2.434822815375993,
                3.8122020087339687,
                1.5,
                0.07301177085375854
            ]
        ],
        [
            [
                -19.77736234664917,
                -18.599830627441406,
                3.3586102016309693,
                4.196642342372986,
                1.5,
                1.4608048426292775
            ]
        ],
        [
            [
                -10.969442486763,
                -6.775014400482178,
                2.6262182210540073,
                2.425824939796304,
                1.5,
                2.414032699394326
            ]
        ],
        [
            [
                9.639284372329712,
                -5.282764911651611,
                2.8353443081622896,
                2.8139006444359387,
                1.5,
                0.354859910457485
            ]
        ],
        [
            [
                -21.78499126434326,
                11.070414781570435,
                2.289745072618535,
                2.2671152666184824,
                1.5,
                1.9325439708803873
            ]
        ],
        [
            [
                -19.659939765930176,
                7.074379920959473,
                5.3614465281632615,
                2.34283625791248,
                1.5,
                0.6684056938370356
            ]
        ],
        [
            [
                6.495956897735596,
                19.349400997161865,
                4.320484233950331,
                5.1447979145512885,
                1.5,
                2.5119466000922563
            ]
        ],
        [
            [
                -4.659152984619141,
                -19.257556080818176,
                2.975537165249191,
                4.8546970784092665,
                1.5,
                1.210907206544675
            ]
        ],
        [
            [
                -2.819257974624634,
                -16.51386260986328,
                2.3057498373954655,
                2.0416325100587565,
                1.5,
                2.797748688387248
            ]
        ],
        [
            [
                9.56559157371521,
                -20.419952869415283,
                3.2470631305807087,
                3.1459786902504057,
                1.5,
                2.3170319214137094
            ]
        ],
        [
            [
                3.949073076248169,
                -23.0025577545166,
                2.654232955382506,
                3.5744973851785935,
                1.5,
                0.00044442586325588174
            ]
        ],
        [
            [
                21.53165626525879,
                -15.436569213867188,
                3.6530325831855524,
                4.446532095006953,
                1.5,
                2.6187392393971423
            ]
        ],
        [
            [
                22.309614419937134,
                -19.88602876663208,
                4.572387379965722,
                2.804041839358145,
                1.5,
                2.878080323533367
            ]
        ],
        [
            [
                21.406769275665283,
                -8.173119187355042,
                2.256672837809277,
                6.867775645804589,
                1.5,
                0.5550987804693963
            ]
        ],
        [
            [
                -21.898419857025146,
                20.69245731830597,
                2.7090934562689744,
                2.1250779220554135,
                1.5,
                2.8414072590690855
            ]
        ],
        [
            [
                -21.64596724510193,
                16.7272469997406,
                2.41439147546531,
                3.777589363218111,
                1.5,
                0.9055791554049417
            ]
        ],
        [
            [
                -20.581308722496033,
                -23.925702810287476,
                2.056699374504905,
                2.057152588720318,
                1.5,
