{
    "world_name": "subworld-167",
    "width": 50,
    "build_up": 0.3428786,
    "height": 20.0,
    "objects": [
        [
            [
                7.634893894195557,
                -3.089773416519165,
                5.77765611123474,
                18.058455268268716,
                20.0,
                1.5265786344066106
            ]
        ],
        [
            [
                4.102694511413574,
                -12.19257640838623,
                4.120143782913511,
                6.6323076706911515,
                20.0,
                2.2210331517614854
            ]
        ],
        [
            [
                -15.334051132202148,
                -0.2239924520254135,
                3.545685421748974,
                5.77971000590516,
                20.0,
                0.4565327760521751
            ]
        ],
        [
            [
                12.19182300567627,
                8.583422660827637,
                5.33139781274107,
                6.3348392663614135,
                20.0,
                1.201751551688342
            ]
        ],
        [
            [
                -2.600944757461548,
                8.572023391723633,
                2.399691219373399,
                2.501141969937227,
                20.0,
                0.20457401575771383
            ]
        ],
        [
            [
                -9.978050231933594,
                -18.131404876708984,
                4.265471886451612,
                14.760701420536634,
                20.0,
                1.1631599422007022
            ]
        ],
        [
            [
                -16.070402145385742,
                14.026568412780762,
                15.119181632162192,
                2.5726158337748695,
                20.0,
                0.4160585560196557
            ]
        ],
        [
            [
                16.907297134399414,
                -13.163329124450684,
                4.897106335272247,
                5.068671766588241,
                20.0,
                1.790989169543669
            ]
        ],
        [
            [
                4.240415573120117,
                -20.980430603027344,
                2.5689098926785583,
                3.0249143812599444,
                20.0,
                1.5477494475293223
            ]
        ],
        [
            [
                -6.5350751876831055,
                -10.862030029296875,
                2.2235058454372156,
                10.43633493941519,
                20.0,
                0.8309394906748944
            ]
        ],
        [
            [
                19.625612258911133,
                18.478351593017578,
                2.5273079205543976,
                7.0447006987054905,
                20.0,
                0.6753681758488682
            ]
        ],
        [
            [
                4.590553283691406,
                15.75245189666748,
                4.152337742672139,
                4.937836496087128,
                20.0,
                1.6190836084011933
            ]
        ],
        [
            [
                -20.594797134399414,
                22.103118896484375,
                2.2525861307915287,
                2.0413473090758494,
                20.0,
                1.2452097161263367
            ]
        ],
        [
            [
                -20.689568519592285,
                -9.798561334609985,
                2.772813027188311,
                2.3104113927685317,
                20.0,
                0.41874330679547556
            ]
        ],
        [
            [
                14.061112523078918,
                -21.356441497802734,
                6.130709138832909,
                9.372989551475351,
                20.0,
                1.637869382693978
            ]
        ],
        [
            [
                -8.265177249908447,
                3.382840156555176,
                2.3526313919431647,
                3.167033035234903,
                20.0,
                0.006392274049447533
            ]
        ],
        [
            [
                -18.209497928619385,
                5.039904594421387,
                7.918661093645127,
                2.422187357332607,
                20.0,
                0.2676541692006038
            ]
        ],
        [
            [
                -12.387028485536575,
                10.208849430084229,
                3.968070080659225,
                3.4741069099469453,
                20.0,
                0.8019634687219921
            ]
        ],
        [
            [
                -15.218873023986816,
                23.1167631149292,
                3.252546739023262,
                2.3579802036216844,
                20.0,
                2.675746701199926
            ]
        ],
        [
            [
                12.796365320682526,
                20.30888319015503,
                2.0919496411580027,
                4.523567304442393,
                20.0,
                2.312634220820706
            ]
        ],
        [
            [
                5.131020545959473,
                21.977652549743652,
                2.1643145072709777,
                3.3262634726517137,
                20.0,
                1.8279526311205072
            ]
        ],
        [
            [
                -22.133838415145874,
                -19.967822313308716,
                3.2462117515265776,
                2.2562911401720784,
                20.0,
                0.6290485917487323
            ]
        ],
        [
            [
                -22.539347410202026,
                -16.479108810424805,
                2.061494117899579,
                3.7794942652911057,
                20.0,
                0.5866733036216074
            ]
        ],
        [
            [
                -16.837169289588928,
                -21.035054445266724,
                4.303591798160864,
                3.7319965158972925,
                20.0,
                2.7509013915487315
            ]
        ],
        [
            [
                -21.26429295539856,
                -2.5120108127593994,
                2.028182858165505,
                3.927528323012624,
                20.0,
                0.7430162168433673
            ]
        ],
        [
            [
                -7.6188459396362305,
                -4.165064334869385,
                2.235221976871308,
                3.4083910531471524,
                20.0,
                0.963477144085043
            ]
        ],
        [
            [
                21.880178928375244,
                -18.753296501236036,
                2.136914444992217,
                2.1233148684612164,
                20.0,
                0.9258490199268234
            ]
        ],
        [
            [
                21.236644744873047,
                -2.2773313522338867,
                2.2419901389055945,
                4.220683064912356,
                20.0,
                0.9991868146701419
            ]
        ],
        [
            [
                -14.03027868270874,
                19.67007404565811,
                2.8096497383477708,
                2.1173859464505664,
                20.0,
                0.11852589352923815
            ]
        ],
        [
            [
                -3.081000328063965,
                20.6834979057312,
                5.668876584084358,
                4.963838556575148,
                20.0,
                0.03650030401410764
            ]
        ],
        [
            [
                -5.6304789781570435,
                14.990692138671875,
                2.3892846901544353,
                2.0907495211443075,
                20.0,
                2.0243544736923833
            ]
        ],
        [
            [
                3.2028369903564453,
                8.219393610954285,
                2.6431687139518942,
