{
    "world_name": "subworld-96",
    "width": 50,
    "build_up": 0.38939352,
    "height": 1.5,
    "objects": [
        [
            [
                -19.667959213256836,
                15.489686012268066,
                3.759556576755487,
                5.196464463897609,
                1.5,
                2.500780114852021
            ]
        ],
        [
            [
                14.898726463317871,
                12.69283390045166,
                18.24812717245088,
                9.27321317656322,
                1.5,
                1.1863291482737737
            ]
        ],
        [
            [
                -14.530546188354492,
                0.4493551254272461,
                10.02196598756348,
                6.181683416450616,
                1.5,
                0.45575724593707445
            ]
        ],
        [
            [
                5.5122880935668945,
                -9.06879711151123,
                19.84059886645829,
                11.934177421648108,
                1.5,
                1.175157735048688
            ]
        ],
        [
            [
                -0.7492939829826355,
                14.105242729187012,
                13.877842631202926,
                3.6604270978794826,
                1.5,
                0.13434804773806963
            ]
        ],
        [
            [
                13.218871116638184,
                -20.70976448059082,
                2.2472163590339562,
                4.346778370110982,
                1.5,
                0.39561247492610363
            ]
        ],
        [
            [
                -20.838714599609375,
                -9.066214561462402,
                3.031400472116278,
                2.889932316358164,
                1.5,
                1.1833203455500336
            ]
        ],
        [
            [
                17.11402702331543,
                -12.356297492980957,
                7.839290870640371,
                5.757067899102873,
                1.5,
                1.1522690700263247
            ]
        ],
        [
            [
                -13.860732078552246,
                -16.239107131958008,
                5.756882542613945,
                6.211784259643922,
                1.5,
                1.9047207683967855
            ]
        ],
        [
            [
                -1.1533125638961792,
                5.66330623626709,
                10.839426594099862,
                2.2655861225150984,
                1.5,
                0.5752049867801449
            ]
        ],
        [
            [
                -4.960216522216797,
                -22.081504821777344,
                5.345513608701225,
                3.1191233103385825,
                1.5,
                3.1369480851556037
            ]
        ],
        [
            [
                -17.198490142822266,
                8.39594554901123,
                2.563001287148467,
                3.7555442554911296,
                1.5,
                1.6579434353965428
            ]
        ],
        [
            [
                -13.668574333190918,
                20.838817596435547,
                4.0085211502790665,
                3.032972795009964,
                1.5,
                2.561926950048246
            ]
        ],
        [
            [
                -8.989465713500977,
                -5.832844257354736,
                2.2201470797274894,
                4.799725329896065,
                1.5,
                2.6317426787261615
            ]
        ],
        [
            [
                -3.411198616027832,
                -2.5546627044677734,
                4.08868026749308,
                2.2902412705987674,
                1.5,
                1.2275074719577432
            ]
        ],
        [
            [
                -21.700772285461426,
                -18.590296745300293,
                3.220127804288981,
                8.960289552673043,
                1.5,
                2.8927349002904967
            ]
        ],
        [
            [
                -15.76578164100647,
                -7.500972151756287,
                2.459862606877557,
                2.4467654248839565,
                1.5,
                1.1980268855770195
            ]
        ],
        [
            [
                -5.748190939426422,
                -10.574482440948486,
                2.18131888412446,
                3.8038457240416124,
                1.5,
                1.4872739638075358
            ]
        ],
        [
            [
                22.11620831489563,
                -19.799160718917847,
                4.317284188953243,
                2.2469401913199176,
                1.5,
                1.6071021991362298
            ]
        ],
        [
            [
                18.00206035375595,
                -20.960973739624023,
                2.3680375609470783,
                2.2805166358046374,
                1.5,
                1.6846379319583225
            ]
        ],
        [
            [
                19.438339412212372,
                -3.485996961593628,
                2.1586395399753444,
                3.068502441222195,
                1.5,
                1.3879616787997668
            ]
        ],
        [
            [
                -6.532231390476227,
                8.047228813171387,
                3.544422395110681,
                3.7193559137128704,
                1.5,
                1.9902007517045277
            ]
        ],
        [
            [
                -3.6212027072906494,
                22.247733116149902,
                3.686994459133798,
                3.99483245469741,
                1.5,
                0.2912201860588175
            ]
        ],
        [
            [
                -7.62002432346344,
                19.154722541570663,
                5.046402534590587,
                2.1061193039484394,
                1.5,
                2.3205397230757536
            ]
        ],
        [
            [
                22.023908853530884,
                3.4097177982330322,
                3.4798597111917933,
                4.001112460736897,
                1.5,
                0.024861587458449463
            ]
        ],
        [
            [
                8.927971363067627,
                22.709914207458496,
                4.695230674100319,
                2.4430763490788845,
                1.5,
                0.4472067638692585
            ]
        ],
        [
            [
                -15.036907076835632,
                -23.303919553756714,
                2.2448228327691946,
                2.190659812881436,
                1.5,
                0.9349324358486407
            ]
        ],
        [
            [
                -10.386892557144165,
                -22.7707679271698,
                4.031560149429541,
                2.720756558160243,
                1.5,
                1.619936007663691
            ]
        ],
        [
            [
                -23.034531354904175,
                -2.832276225090027,
                2.8327019384352226,
                4.354983827888876,
                1.5,
                2.9577477658960545
            ]
        ],
        [
            [
                3.3820053040981293,
                -23.139519691467285,
                2.2997078426922966,
                3.883335282933987,
                1.5,
                1.8751145632876436
            ]
        ],
        [
            [
                23.041953325271606,
                -14.341643929481506,
                2.799706728521346,
                2.5377051280748657,
                1.5,
                1.4508960421515265
            ]
        ],
        [
            [
                -22.370789974927902,
                9.314069885760546,
                2.0253627189972,
                2.1788438244202877,
                1.5,
