{
    "world_name": "subworld-2",
    "width": 50,
    "build_up": 0.38563836,
    "height": -1.0,
    "objects": [
        [
            [
                -6.8925886154174805,
                0.06454838812351227,
                3.8546295371085746,
                6.761659266464715,
                19.05219064368213,
                1.8018252417257088
            ]
        ],
        [
            [
                12.124419212341309,
                -13.304266929626465,
                5.675383553200565,
                17.435939458754184,
                16.3300316480735,
                1.0659288142961754
            ]
        ],
        [
            [
                6.669483184814453,
                5.773643970489502,
                2.2283511715898685,
                6.289603755685997,
                5.007257181250593,
                0.7177313063861718
            ]
        ],
        [
            [
                1.3071489334106445,
                16.17869758605957,
                9.6346515231276,
                8.135026828381244,
                2.4127585005407237,
                1.1696681122232733
            ]
        ],
        [
            [
                -16.4193058013916,
                -12.631206512451172,
                6.411988286318234,
                9.673897758971409,
                19.85768504025906,
                0.17242599016356452
            ]
        ],
        [
            [
                19.05129623413086,
                -3.787262201309204,
                5.641879353897017,
                2.2290626278075214,
                17.32806433867158,
                0.9986585362240873
            ]
        ],
        [
            [
                21.677305221557617,
                8.536002159118652,
                2.550883713127837,
                2.9706006723158187,
                12.09503645442921,
                2.9608463279955632
            ]
        ],
        [
            [
                -12.422019004821777,
                12.644465446472168,
                16.525820804429983,
                2.2202293061752383,
                8.356874145096413,
                1.4592367481084854
            ]
        ],
        [
            [
                -3.2014946937561035,
                -18.67231559753418,
                3.2681942497293592,
                3.322412956829769,
                7.352812398893513,
                1.765102749746866
            ]
        ],
        [
            [
                -14.631190299987793,
                -21.107513427734375,
                6.626080410021244,
                4.144179899619655,
                7.435168340348533,
                0.07679190408362468
            ]
        ],
        [
            [
                11.649725914001465,
                13.553386688232422,
                2.76648341538749,
                8.400941164216425,
                10.51478580685707,
                1.434540223196243
            ]
        ],
        [
            [
                -15.612614631652832,
                -3.3840513229370117,
                5.532842185260671,
                4.15080212419511,
                4.3551301532480675,
                3.066128405036667
            ]
        ],
        [
            [
                9.631739616394043,
                -20.607908248901367,
                11.56519585060835,
                4.077478930108743,
                10.67324777179071,
                0.0014247791536514676
            ]
        ],
        [
            [
                17.100919723510742,
                18.34683609008789,
                8.59183254008207,
                2.2453854448552457,
                7.201628153217124,
                3.093391914828513
            ]
        ],
        [
            [
                -6.045602321624756,
                -8.386402130126953,
                7.787833595063605,
                6.5893900682112925,
                14.55403895245969,
                1.7981486966580975
            ]
        ],
        [
            [
                3.6389923095703125,
                -2.172840118408203,
                2.9356171534165534,
                4.578828736113545,
                3.8230768321332578,
                0.230140234111601
            ]
        ],
        [
            [
                -20.809375762939453,
                11.543041229248047,
                10.18702527449367,
                3.0658232607033336,
                15.935881700823236,
                1.4968622584790368
            ]
        ],
        [
            [
                -5.880102634429932,
                21.10942268371582,
                3.368276630219798,
                2.3661065740141574,
                15.394468239508932,
                0.09467703187339449
            ]
        ],
        [
            [
                14.402762413024902,
                2.187086582183838,
                5.757508672403829,
                4.301122817278546,
                14.809548320808823,
                1.0525793364803642
            ]
        ],
        [
            [
                8.514602422714233,
                -2.95147705078125,
                3.6268691445729653,
                2.7247451265905798,
                19.705939651298298,
                0.35848149050345146
            ]
        ],
        [
            [
                22.530034065246582,
                -20.685845375061035,
                2.7861133429144394,
                2.8643097602718535,
                16.85480880514276,
                2.340516338852174
            ]
        ],
        [
            [
                -19.256423950195312,
                1.6204853057861328,
                3.413371353778592,
                2.114611542352633,
                7.163714564997512,
                2.9405695341644735
            ]
        ],
        [
            [
                -23.130789279937744,
                -21.51518177986145,
                2.992671298363497,
                2.6486745300214234,
                15.432763936278494,
                0.28312400142993166
            ]
        ],
        [
            [
                -4.898303866386414,
                -22.539900064468384,
                2.385761420774524,
                4.6639561267522,
                2.6599587577742168,
                1.9643804423481643
            ]
        ],
        [
            [
                -22.089400053024292,
                -7.981044411659241,
                8.75220380805519,
                2.8408557634992966,
                7.17234411573639,
                1.6108536785186875
            ]
        ],
        [
            [
                15.093610525131226,
                -8.09727156162262,
                2.683490932022197,
                4.352201713984861,
                10.370885236312459,
                0.8536340960587356
            ]
        ],
        [
            [
                -6.527979642152786,
                9.192130088806152,
                2.644719876495394,
                2.0941740045526025,
                16.265291216817534,
                1.6019591076868949
            ]
        ],
        [
            [
                -19.023960322141647,
                22.04966378211975,
                2.4538241975120774,
                2.3130491965618525,
                12.659122484343698,
                1.1718404077043838
            ]
        ],
        [
            [
                -16.528764486312866,
                18.809722021222115,
                2.724667647141792,
                2.1773600333849163,
                2.7625539866607793,
                2.190200845062882
            ]
        ],
        [
            [
                -7.082349956035614,
                15.572056531906128,
                2.168357762538016,
                5.306811028307916,
                18.15067452856351,
                3.1395009494597366
            ]
        ],
        [
