{
    "world_name": "subworld-360",
    "width": 50,
    "build_up": 0.41240352,
    "height": 1.5,
    "objects": [
        [
            [
                15.873016357421875,
                10.649231910705566,
                4.789914083392998,
                14.710104266640704,
                1.5,
                0.021581514655826473
            ]
        ],
        [
            [
                -7.384652614593506,
                -8.537504196166992,
                2.956602269275827,
                3.8878525258621233,
                1.5,
                2.5814583113915752
            ]
        ],
        [
            [
                8.363950729370117,
                -13.334266662597656,
                14.071153742108757,
                16.892874404467868,
                1.5,
                0.7546705680451917
            ]
        ],
        [
            [
                -17.343852996826172,
                2.6027073860168457,
                7.462634232268907,
                10.20228179924613,
                1.5,
                0.39708620433498654
            ]
        ],
        [
            [
                -8.85643196105957,
                12.568974494934082,
                6.097089010364217,
                8.190719992831099,
                1.5,
                0.07592563001419661
            ]
        ],
        [
            [
                1.3308488130569458,
                9.337846755981445,
                6.871967399739434,
                3.7939173941939526,
                1.5,
                1.2825896318965997
            ]
        ],
        [
            [
                -21.701723098754883,
                14.009490013122559,
                2.122368480881417,
                4.91918609361473,
                1.5,
                1.293463735775021
            ]
        ],
        [
            [
                -4.19071626663208,
                -18.668184280395508,
                5.972100396348149,
                3.2973352292543137,
                1.5,
                1.7314391208718425
            ]
        ],
        [
            [
                -11.472855567932129,
                -16.399988174438477,
                3.5882711460221266,
                7.417562361146536,
                1.5,
                1.5952088179356076
            ]
        ],
        [
            [
                -2.9425735473632812,
                -1.9553405046463013,
                6.572448190814969,
                4.845527328362332,
                1.5,
                2.906284952519907
            ]
        ],
        [
            [
                20.410289764404297,
                -8.130227088928223,
                6.494429862301053,
                4.29314969764822,
                1.5,
                3.065380525278094
            ]
        ],
        [
            [
                -20.541728973388672,
                -14.516697883605957,
                4.949237323061044,
                3.292882767065076,
                1.5,
                1.8024964642425647
            ]
        ],
        [
            [
                -1.449051022529602,
                19.90522575378418,
                2.5639376837785566,
                5.257142011302372,
                1.5,
                1.3063753007766103
            ]
        ],
        [
            [
                -14.294678688049316,
                -8.215300559997559,
                2.2946320850146926,
                9.382074141470923,
                1.5,
                2.4014045065521983
            ]
        ],
        [
            [
                14.605903625488281,
                -3.3049545288085938,
                2.480645420107506,
                5.2663664687647636,
                1.5,
                2.6653864447452835
            ]
        ],
        [
            [
                -17.331302642822266,
                -22.090134620666504,
                3.681330059955788,
                11.234359506422283,
                1.5,
                1.5886724892970148
            ]
        ],
        [
            [
                20.2589693069458,
                -21.97458839416504,
                6.657643319506743,
                3.081477718952384,
                1.5,
                0.21131767242542465
            ]
        ],
        [
            [
                2.8339595794677734,
                -22.791468620300293,
                2.980535692414125,
                2.6491892161786144,
                1.5,
                2.043628704956753
            ]
        ],
        [
            [
                -16.304787635803223,
                17.19959783554077,
                2.190516252657317,
                10.862909026696661,
                1.5,
                3.015034759205573
            ]
        ],
        [
            [
                -21.46635627746582,
                22.15160846710205,
                4.198090295804544,
                4.537679649093808,
                1.5,
                0.2844986397141118
            ]
        ],
        [
            [
                -22.474647521972656,
                -6.021774515509605,
                3.887747102328078,
                2.6025596743455672,
                1.5,
                2.076567225240973
            ]
        ],
        [
            [
                16.83844554424286,
                -19.11177086830139,
                4.862145209515978,
                2.299938178378178,
                1.5,
                0.8700724342948819
            ]
        ],
        [
            [
                -10.380447387695312,
                3.7499876022338867,
                2.401450849237601,
                3.112992268140358,
                1.5,
                2.218606787714101
            ]
        ],
        [
            [
                -9.17635178565979,
                20.786227464675903,
                2.4154326708141833,
                2.5280928131821625,
                1.5,
                3.1237630613238707
            ]
        ],
        [
            [
                7.425120234489441,
                6.223387375473976,
                4.938132892495444,
                2.719499363521371,
                1.5,
                1.248164615761576
            ]
        ],
        [
            [
                22.98582363128662,
                3.5508670806884766,
                2.085265940532354,
                6.370833468309629,
                1.5,
                0.31097974277354834
            ]
        ],
        [
            [
                7.5259997844696045,
                15.696919918060303,
                2.4999486108508013,
                4.287384569334407,
                1.5,
                2.5631142897056076
            ]
        ],
        [
            [
                8.955423831939697,
                22.416539907455444,
                2.194676305836768,
                4.8580103499680245,
                1.5,
                0.014587845630787522
            ]
        ],
        [
            [
                17.999631583690643,
                20.674981594085693,
                6.0252534493563905,
                2.6313026926049767,
                1.5,
                3.02917923905536
            ]
        ],
        [
            [
                22.20090079307556,
                15.551289558410645,
                3.9275100900712596,
                3.3714964638077154,
                1.5,
                1.7773128332823578
            ]
        ],
        [
            [
                -23.290902256965637,
                -16.611651062965393,
                3.15234588436309,
                2.098063678254537,
                1.5,
                1.9275527668288772
            ]
        ],
        [
            [
                -9.31289416179061,
                -22.861831784248352,
                2.398299124345663,
                2.893249300752053,
                1.5,
