{
    "world_name": "subworld-254",
    "width": 50,
    "build_up": 0.36468376,
    "height": 1.5,
    "objects": [
        [
            [
                3.645874261856079,
                2.179185628890991,
                12.534019155593677,
                6.7003059086727745,
                1.5,
                1.9368318294135576
            ]
        ],
        [
            [
                -0.04831422120332718,
                -17.514883041381836,
                10.6418738945024,
                8.252370198475312,
                1.5,
                1.4547058458412356
            ]
        ],
        [
            [
                3.152102470397949,
                17.45816421508789,
                11.822407018415094,
                2.000923512045163,
                1.5,
                2.366196300715212
            ]
        ],
        [
            [
                17.382946014404297,
                8.15118408203125,
                9.794142869204855,
                9.131541904462697,
                1.5,
                0.3444543082493292
            ]
        ],
        [
            [
                -14.164565086364746,
                -4.989058017730713,
                13.971502743270348,
                6.934788649938616,
                1.5,
                2.347432564756479
            ]
        ],
        [
            [
                -15.683277130126953,
                15.09646987915039,
                6.908667459927431,
                11.612306659687478,
                1.5,
                2.992551611236851
            ]
        ],
        [
            [
                12.452733039855957,
                -5.386528968811035,
                10.837999755616597,
                3.111770484127899,
                1.5,
                0.5335027443702784
            ]
        ],
        [
            [
                -10.799482345581055,
                -19.660045623779297,
                6.132106861516839,
                2.5683488089596143,
                1.5,
                1.0421490161901836
            ]
        ],
        [
            [
                15.201058387756348,
                -13.844280242919922,
                4.9116985069706365,
                2.8896887498451918,
                1.5,
                2.703839973116118
            ]
        ],
        [
            [
                -19.188467025756836,
                -16.68555450439453,
                7.510251305675717,
                3.2318940965107377,
                1.5,
                1.9902956973267378
            ]
        ],
        [
            [
                -11.009926795959473,
                4.060785293579102,
                2.0412916513066204,
                4.286176225466078,
                1.5,
                1.0450509203088745
            ]
        ],
        [
            [
                18.40898895263672,
                -20.649316787719727,
                7.565833444479591,
                2.3804533353166155,
                1.5,
                0.8486865323179051
            ]
        ],
        [
            [
                12.864949226379395,
                19.233308792114258,
                3.737078387201754,
                4.851560499617333,
                1.5,
                2.7282242482941648
            ]
        ],
        [
            [
                -0.1538579761981964,
                -6.13880729675293,
                9.401977576386125,
                2.345202792920472,
                1.5,
                1.9093076385460654
            ]
        ],
        [
            [
                16.786697387695312,
                -9.082784414291382,
                3.0775969472065174,
                4.183969418302511,
                1.5,
                0.8917155977979945
            ]
        ],
        [
            [
                -7.3703813552856445,
                9.435956954956055,
                2.6213440482695676,
                4.203691690754033,
                1.5,
                2.3512458367752602
            ]
        ],
        [
            [
                -5.762953758239746,
                15.110073566436768,
                4.423492588346597,
                2.5849992084140307,
                1.5,
                2.7198607227411555
            ]
        ],
        [
            [
                -21.990053176879883,
                -22.145148992538452,
                2.417796069611324,
                2.943495471203561,
                1.5,
                2.546339317651972
            ]
        ],
        [
            [
                -21.602943897247314,
                -6.670464634895325,
                2.452801972285539,
                5.51198994073739,
                1.5,
                0.9234435319944461
            ]
        ],
        [
            [
                -4.2322423458099365,
                -5.279774725437164,
                3.251440414234873,
                2.4793604172205046,
                1.5,
                0.18191430154548516
            ]
        ],
        [
            [
                8.330590724945068,
                -16.373539924621582,
                2.175215725834395,
                3.458951101441736,
                1.5,
                3.001584946469848
            ]
        ],
        [
            [
                21.837824821472168,
                -2.654822826385498,
                2.4530789346609483,
                2.8410706472619145,
                1.5,
                0.458539993983929
            ]
        ],
        [
            [
                -21.915760278701782,
                4.93439257144928,
                4.715508577972728,
                2.2966325633938363,
                1.5,
                1.4751837819945408
            ]
        ],
        [
            [
                -5.404165029525757,
                2.333556890487671,
                3.164851758532939,
                2.086313731544822,
                1.5,
                1.6699147588996646
            ]
        ],
        [
            [
                -23.49667978286743,
                18.878312662243843,
                2.060444158404355,
                7.560951826063592,
                1.5,
                3.1245366186251067
            ]
        ],
        [
            [
                -6.37106953561306,
                20.885915279388428,
                2.5990448468809095,
                2.476341569646253,
                1.5,
                1.0739651875544278
            ]
        ],
        [
            [
                9.814817667007446,
                6.7851139307022095,
                2.607419425702351,
                3.2897697190251787,
                1.5,
                0.2875037349478806
            ]
        ],
        [
            [
                5.274322688579559,
                22.195775270462036,
                3.0078620255882944,
                3.1707965341654565,
                1.5,
                2.440130080425762
            ]
        ],
        [
            [
                23.83110809326172,
                21.20705223083496,
                2.1623620538241908,
                2.78077519996203,
                1.5,
                0.05014782976878629
            ]
        ],
        [
            [
                20.12816882133484,
                19.23614838719368,
                3.006796362347102,
                2.27360102352475,
                1.5,
                0.647439926680477
            ]
        ],
        [
            [
                18.566165953874588,
                22.937455654144287,
                3.4296456007464173,
                2.2969246171212703,
                1.5,
                2.9143221541474316
            ]
        ],
        [
            [
                8.951571553945541,
                -22.659081995487213,
                4.541030696112979,
                2.770825362711494,
                1.5,
