{
    "world_name": "subworld-168",
    "width": 50,
    "build_up": 0.38020396,
    "height": -1.0,
    "objects": [
        [
            [
                -11.654690742492676,
                -14.88205337524414,
                19.97770634712691,
                11.376258366881451,
                3.5204811139008862,
                0.3318522219108635
            ]
        ],
        [
            [
                -14.322186470031738,
                9.591939926147461,
                4.748127469143181,
                19.639749849396644,
                15.226550553600285,
                0.8697745078954306
            ]
        ],
        [
            [
                1.55351984500885,
                9.858185768127441,
                2.7407107895003255,
                14.756233458117865,
                8.989484867128722,
                3.1316232295580937
            ]
        ],
        [
            [
                17.901159286499023,
                -2.8551547527313232,
                5.569693214764227,
                8.274381303835176,
                3.959367195908983,
                2.5849566211966186
            ]
        ],
        [
            [
                -0.09394283592700958,
                -4.50032901763916,
                5.90950474584889,
                2.909392006945458,
                2.345296267794919,
                1.9234327242802878
            ]
        ],
        [
            [
                -17.889503479003906,
                -4.200074195861816,
                2.7741259802219993,
                4.038559084822172,
                8.38988955904474,
                0.486766669525065
            ]
        ],
        [
            [
                17.393972396850586,
                17.292226791381836,
                2.7133665375274965,
                12.682490069903906,
                7.521523203981525,
                0.08466263965771126
            ]
        ],
        [
            [
                18.030624389648438,
                6.9077677726745605,
                2.2137245605690916,
                5.175087924932427,
                6.400340092193262,
                1.6545356410404424
            ]
        ],
        [
            [
                -9.315445899963379,
                18.65779685974121,
                4.775867484710513,
                7.9133413968429975,
                16.385763128062997,
                0.3806572926937055
            ]
        ],
        [
            [
                8.502542495727539,
                -13.302197456359863,
                3.6887520761509474,
                10.580701549407681,
                15.704438975403445,
                1.8449337064567906
            ]
        ],
        [
            [
                6.021936416625977,
                21.61254119873047,
                2.247005849035967,
                7.477213067114939,
                2.058697592316596,
                1.3663353863513352
            ]
        ],
        [
            [
                12.347494125366211,
                -19.397369384765625,
                2.8267382820984857,
                3.6715790238852284,
                10.755338796421821,
                1.2675371918816258
            ]
        ],
        [
            [
                9.560672760009766,
                -4.434591770172119,
                6.69241699899345,
                2.111498690885794,
                9.01735319436742,
                1.3281668078382325
            ]
        ],
        [
            [
                11.524271965026855,
                2.870145797729492,
                3.5740144692959452,
                3.601452245623089,
                13.219271696331424,
                1.912047442010921
            ]
        ],
        [
            [
                -10.629297137260437,
                -3.9424428939819336,
                2.9833877312489028,
                2.541925684891015,
                10.815482085893022,
                1.6299535274526773
            ]
        ],
        [
            [
                19.856089115142822,
                -12.158384382724762,
                2.290185788849742,
                3.9041279357572716,
                3.4533868903778915,
                1.355365047968301
            ]
        ],
        [
            [
                3.312244415283203,
                -21.677451133728027,
                3.4289581268803935,
                3.3448086093763107,
                11.023267164504034,
                3.114665403909741
            ]
        ],
        [
            [
                -18.90809965133667,
                3.8250484466552734,
                4.8868521394439215,
                4.783737096110037,
                11.04993341064831,
                2.278969752767795
            ]
        ],
        [
            [
                10.285863161087036,
                13.99920654296875,
                4.483348148757119,
                2.653032581355119,
                17.117177457808005,
                2.9652683265823954
            ]
        ],
        [
            [
                7.082940578460693,
                9.113845586776733,
                2.5514977470525153,
                4.690275100876963,
                11.246739526203962,
                2.5973247169287657
            ]
        ],
        [
            [
                -3.475271463394165,
                -22.424885034561157,
                3.055690917466726,
                2.0207120514476005,
                19.93220066504705,
                0.5302981562941853
            ]
        ],
        [
            [
                19.95063626766205,
                -19.612365543842316,
                5.961791173986109,
                6.709712902361029,
                10.291990857335612,
                2.9260108771517417
            ]
        ],
        [
            [
                3.90006422996521,
                -5.99340632557869,
                2.1098498314406133,
                5.149406473111899,
                16.862585711830512,
                0.06964979427630458
            ]
        ],
        [
            [
                -20.455060720443726,
                22.84992218017578,
                4.808637795758816,
                2.59099502770098,
                12.237420091986863,
                0.01743377078138386
            ]
        ],
        [
            [
                -4.2402918338775635,
                20.855191946029663,
                6.330022400647499,
                2.5861427561864883,
                15.354830604043462,
                1.9084636222650615
            ]
        ],
        [
            [
                22.301076889038086,
                16.576700925827026,
                2.8498240333881073,
                3.6520212347310617,
                18.874552419368012,
                1.9196242265232495
            ]
        ],
        [
            [
                22.332911252975464,
                20.043781876564026,
                2.6878085030315377,
                2.54707415504565,
                2.385583328593839,
                2.965167050739085
            ]
        ],
        [
            [
                -23.36960244178772,
                -21.15107250213623,
                3.5240146125773446,
                2.4701585924596134,
                2.5069903542151772,
                1.4836899059700699
            ]
        ],
        [
            [
                -8.775262773036957,
                -22.863782465457916,
                2.293765376350981,
                3.189702609621035,
                19.216933702317796,
                0.3013318122083528
            ]
        ],
        [
            [
                -21.41242364048958,
                -8.562874674797058,
                2.4783929520022467,
                2.2806574152060657,
                4.414738920995598,
                2.5533020616243616
            ]
        ],
        [
