{
    "world_name": "subworld-253",
    "width": 50,
    "build_up": 0.39001272,
    "height": -1.0,
    "objects": [
        [
            [
                5.97555685043335,
                -9.204270362854004,
                15.304347425310505,
                18.952266136615727,
                6.81185100710488,
                1.0409301735046097
            ]
        ],
        [
            [
                14.012655258178711,
                14.579928398132324,
                17.319376727234655,
                3.6342154686501433,
                8.974502366643122,
                1.5315759975636718
            ]
        ],
        [
            [
                -12.043683052062988,
                -1.1227174997329712,
                4.623782139255441,
                3.1955083550571386,
                3.0209814003565048,
                1.995254906943431
            ]
        ],
        [
            [
                -17.193946838378906,
                -12.421740531921387,
                4.7839769575497995,
                3.819613645646559,
                13.147153680783628,
                2.618925729896422
            ]
        ],
        [
            [
                -0.2382635623216629,
                15.818265914916992,
                5.164772098861427,
                11.236522913848653,
                15.391906065972561,
                3.054955814288732
            ]
        ],
        [
            [
                -15.825681686401367,
                11.74898910522461,
                6.85226130945766,
                13.2205226379887,
                3.3887087079976617,
                1.9919512053367348
            ]
        ],
        [
            [
                -4.395003795623779,
                -21.006929397583008,
                2.9973909528961356,
                12.727301867988228,
                2.79593293965468,
                1.5372273286051643
            ]
        ],
        [
            [
                -5.96521520614624,
                3.4993784427642822,
                3.3337499461248186,
                5.95367307214809,
                8.86631188282341,
                1.9468656472603683
            ]
        ],
        [
            [
                7.137331962585449,
                15.841669082641602,
                2.7312955314576843,
                14.009474946446005,
                17.17696231152165,
                3.0308545310608634
            ]
        ],
        [
            [
                20.88519287109375,
                4.581178665161133,
                4.2214608389235355,
                6.627806744138374,
                13.730565499254038,
                0.18284643994699556
            ]
        ],
        [
            [
                20.39291000366211,
                13.060224533081055,
                2.0043240718261224,
                2.929069859796349,
                4.652953720333461,
                1.3711165576923074
            ]
        ],
        [
            [
                -16.402150630950928,
                -6.472202777862549,
                9.745026864799806,
                2.1021483890671386,
                16.4803772703607,
                2.7707835342204588
            ]
        ],
        [
            [
                15.482401847839355,
                -21.45213222503662,
                2.007638500091515,
                2.198066558828415,
                6.382216044401701,
                2.6745259253219316
            ]
        ],
        [
            [
                18.855559825897217,
                -16.909756183624268,
                3.2178287173587754,
                5.695080715483453,
                2.6306532169710004,
                1.194301709365817
            ]
        ],
        [
            [
                22.159515380859375,
                -7.268749237060547,
                2.214709408323526,
                2.4751710787044274,
                17.492613551479103,
                3.134546465467943
            ]
        ],
        [
            [
                -21.388460159301758,
                20.131721019744873,
                8.185829873961278,
                4.388774263154022,
                19.19228953612778,
                1.8772938244898043
            ]
        ],
        [
            [
                -9.104732275009155,
                21.379322052001953,
                2.2166465655219465,
                5.306812427838004,
                9.286269918056146,
                1.3098742920578483
            ]
        ],
        [
            [
                21.84134006500244,
                19.337966442108154,
                2.5067853089703362,
                4.1276315208578715,
                9.477853674138757,
                0.25639284426998055
            ]
        ],
        [
            [
                9.21973705291748,
                4.193338394165039,
                3.5361450245176855,
                2.5201270170255587,
                15.27001662707718,
                1.4908088627618787
            ]
        ],
        [
            [
                -19.341739296913147,
                -20.613329887390137,
                6.091922103044815,
                3.4070206418871773,
                11.68632148177809,
                0.23336229843403977
            ]
        ],
        [
            [
                -7.48084831237793,
                -15.078611612319946,
                3.8790665800631245,
                3.408043621882774,
                16.70997707622035,
                0.7018294704672855
            ]
        ],
        [
            [
                4.972002983093262,
                -21.273691177368164,
                2.1493425571540374,
                3.4759623649805222,
                8.342250031116462,
                1.4531679612689543
            ]
        ],
        [
            [
                22.850943565368652,
                -1.9807538986206055,
                3.158825790872127,
                2.8131541786823124,
                19.74070514802552,
                0.1372648797323206
            ]
        ],
        [
            [
                -18.606589630246162,
                3.1040172576904297,
                2.7110394378054705,
                3.052260025851599,
                2.287122043865981,
                0.49144770768279944
            ]
        ],
        [
            [
                -16.48054838180542,
                21.68709421157837,
                5.938204176948899,
                2.4161661192479165,
                4.980740439938111,
                1.9686599404633973
            ]
        ],
        [
            [
                -23.128347277641296,
                -16.460178911685944,
                2.4494239183628363,
                3.0315416366226664,
                3.574007224663883,
                2.659479415095609
            ]
        ],
        [
            [
                -22.48299741744995,
                -10.2867791056633,
                3.485322158734567,
                2.002528533752757,
                18.754890194658355,
                1.3244065356148065
            ]
        ],
        [
            [
                -23.22068154811859,
                -2.000083565711975,
                2.5906423105331076,
                2.1631940682240405,
                8.17599489501281,
                2.2663698653545694
            ]
        ],
        [
            [
                -8.821824848651886,
                -8.976290374994278,
                2.871731803320108,
                4.352213216778258,
                15.724172749457322,
                3.0123997860983427
            ]
        ],
        [
            [
                22.468879342079163,
                -22.644855439662933,
                2.0908705728156476,
                2.860128758920574,
                3.9137430740565406,
                2.5640242368456407
            ]
        ],
        [
