{
    "world_name": "subworld-248",
    "width": 50,
    "build_up": 0.38389948,
    "height": 20.0,
    "objects": [
        [
            [
                2.901546001434326,
                -3.602309226989746,
                2.6401350170781877,
                8.462360257773758,
                20.0,
                0.7294390630504819
            ]
        ],
        [
            [
                7.05733060836792,
                -19.997745513916016,
                15.750294620335552,
                5.3821387656353,
                20.0,
                0.09227459589853737
            ]
        ],
        [
            [
                -16.1326961517334,
                -14.1827392578125,
                13.326652267139822,
                9.336705695875981,
                20.0,
                1.4971126472178573
            ]
        ],
        [
            [
                7.0617594718933105,
                13.313056945800781,
                3.337949495074247,
                12.929474424184626,
                20.0,
                0.7553478686292967
            ]
        ],
        [
            [
                -14.696288108825684,
                18.223966598510742,
                3.7089213665613583,
                6.826903210906908,
                20.0,
                1.9257241282540245
            ]
        ],
        [
            [
                -6.424587249755859,
                -17.79094696044922,
                4.426914776032391,
                2.5293945300842307,
                20.0,
                1.92616867181742
            ]
        ],
        [
            [
                19.63499641418457,
                10.241405487060547,
                3.2306180219951885,
                2.863996921829798,
                20.0,
                2.4077938339600546
            ]
        ],
        [
            [
                -0.5767828226089478,
                12.497966766357422,
                16.62385508101207,
                2.220552408922048,
                20.0,
                2.010697418658034
            ]
        ],
        [
            [
                -11.329078674316406,
                5.189377784729004,
                13.578191924999706,
                9.454474097775606,
                20.0,
                1.6874839936553405
            ]
        ],
        [
            [
                13.673815727233887,
                -6.33836555480957,
                10.741818890163987,
                4.535655274158165,
                20.0,
                2.1981607885512724
            ]
        ],
        [
            [
                18.43723487854004,
                21.56299591064453,
                5.041338064603165,
                10.095367188882248,
                20.0,
                1.6046670393999234
            ]
        ],
        [
            [
                -20.374614715576172,
                -0.06919844448566437,
                2.883268720524372,
                2.2448772650909543,
                20.0,
                0.593960278886801
            ]
        ],
        [
            [
                -2.787433624267578,
                -6.834728240966797,
                7.99440971454335,
                2.1105135534290413,
                20.0,
                1.9142299299947356
            ]
        ],
        [
            [
                17.193937301635742,
                3.6754682064056396,
                3.8055137556174348,
                2.191863607548038,
                20.0,
                0.8998705072911188
            ]
        ],
        [
            [
                21.11319923400879,
                -19.75044536590576,
                2.7813526678315847,
                3.5398713646585143,
                20.0,
                2.6136897327727606
            ]
        ],
        [
            [
                5.815371036529541,
                -12.474441442638636,
                3.865978658729853,
                10.663839326685972,
                20.0,
                2.0372162929491417
            ]
        ],
        [
            [
                -21.838584899902344,
                13.950556635856628,
                4.537811179429149,
                5.997094582380844,
                20.0,
                1.6354092195934535
            ]
        ],
        [
            [
                21.50490379333496,
                16.43708825111389,
                2.034138684505165,
                4.580385970782049,
                20.0,
                1.5811153048532267
            ]
        ],
        [
            [
                14.026388764381409,
                13.658102035522461,
                4.368796045008521,
                5.613518110863491,
                20.0,
                0.862164413029436
            ]
        ],
        [
            [
                21.009378910064697,
                -3.907770872116089,
                2.168069969415098,
                3.4349328422764103,
                20.0,
                1.4285075989216174
            ]
        ],
        [
            [
                -21.536951303482056,
                7.447567462921143,
                2.414086070914962,
                5.095881392796428,
                20.0,
                0.07301907881488989
            ]
        ],
        [
            [
                -3.732825756072998,
                6.675601065158844,
                4.359332247176936,
                2.490179721512408,
                20.0,
                1.4416419849393516
            ]
        ],
        [
            [
                -7.078277409076691,
                16.792778730392456,
                4.893749638636207,
                2.005249461683475,
                20.0,
                2.3282089664047763
            ]
        ],
        [
            [
                9.414761066436768,
                3.8826189041137695,
                3.3290464015527053,
                5.765976677120287,
                20.0,
                1.6285470347623632
            ]
        ],
        [
            [
                7.610947489738464,
                21.838429927825928,
                3.216461677463419,
                2.146644742431011,
                20.0,
                1.3597086799746163
            ]
        ],
        [
            [
                -21.439782351255417,
                -23.170051217079163,
                2.4163589936901375,
                2.7025175476415737,
                20.0,
                3.1004493867384317
            ]
        ],
        [
            [
                -3.1902486011385918,
                -23.042714715003967,
                2.239238286875974,
                2.495285821816688,
                20.0,
                0.05548874220861477
            ]
        ],
        [
            [
                -2.9000944048166275,
                -15.046241521835327,
                2.6543071132992058,
                2.9284045388004074,
                20.0,
                0.5781977706705562
            ]
        ],
        [
            [
                -15.072120130062103,
                -4.848570227622986,
                2.233541973351242,
                4.7525677401456345,
                20.0,
                1.507732659589658
            ]
        ],
        [
            [
                23.071985960006714,
                -15.295276671648026,
                2.0368388738821803,
                3.512481971705711,
                20.0,
                0.4966704624896807
            ]
        ],
        [
            [
                22.034519255161285,
                -10.189635753631592,
                3.536683057153251,
                2.4379012967751033,
                20.0,
                1.7385423402156996
            ]
        ],
        [
            [
                -23.10187840461731,
                17.545206308364868,
                2.063521507610055,
                2.947364163297761,
