{
    "world_name": "subworld-88",
    "width": 50,
    "build_up": 0.41822664,
    "height": -1.0,
    "objects": [
        [
            [
                2.3741207122802734,
                8.802677154541016,
                4.69473721325534,
                12.764861188057267,
                18.9158959835655,
                2.213804676780694
            ]
        ],
        [
            [
                6.683945178985596,
                -8.573930740356445,
                19.920457669843845,
                17.8293899623018,
                4.926509381190664,
                0.7980110980630849
            ]
        ],
        [
            [
                -4.2835164070129395,
                16.844018936157227,
                11.376262552692209,
                4.696766016439636,
                8.437911648851909,
                0.7453954775598226
            ]
        ],
        [
            [
                -16.073945999145508,
                -6.6898112297058105,
                2.959422866187242,
                12.813483523465784,
                18.298178446387528,
                3.1147697833310515
            ]
        ],
        [
            [
                -15.86774730682373,
                14.464858055114746,
                8.205375452763414,
                2.1020153439582847,
                8.562613350200436,
                1.5950606157029186
            ]
        ],
        [
            [
                19.301111221313477,
                9.963838577270508,
                8.390682949289685,
                2.3891182891879192,
                10.563872022859014,
                1.7668578426018882
            ]
        ],
        [
            [
                14.48760986328125,
                11.58326530456543,
                2.346054148848488,
                14.519472241804205,
                7.175945890795765,
                3.0444549287054103
            ]
        ],
        [
            [
                12.636773109436035,
                -20.632062911987305,
                3.2834890776040915,
                3.585975371754426,
                10.15524784694655,
                2.675673835380312
            ]
        ],
        [
            [
                -9.855720520019531,
                -20.863740921020508,
                4.392492502506171,
                11.453766492578012,
                15.361419599480051,
                1.868819883439897
            ]
        ],
        [
            [
                -20.530044555664062,
                4.522812366485596,
                5.682975048957611,
                4.823495698744367,
                19.959142328572895,
                0.776592150613362
            ]
        ],
        [
            [
                -11.940369606018066,
                2.464276075363159,
                3.465478421678733,
                13.563501047598413,
                2.7262332579529867,
                0.6357866564039922
            ]
        ],
        [
            [
                -10.232410430908203,
                -12.025360107421875,
                7.466862568324672,
                4.22938550094565,
                16.83718472755476,
                1.6484663202940446
            ]
        ],
        [
            [
                -22.41161346435547,
                12.295670509338379,
                4.233877071126389,
                3.3696050505704895,
                10.852793105193708,
                3.0112192574768093
            ]
        ],
        [
            [
                -19.813440322875977,
                -18.161266326904297,
                2.8897802732376903,
                5.50906510107421,
                4.822333889310622,
                0.999059756648925
            ]
        ],
        [
            [
                19.36473846435547,
                -18.940174102783203,
                2.081645054109782,
                4.641927654830629,
                4.728544243628479,
                2.749349389033078
            ]
        ],
        [
            [
                8.81767463684082,
                18.136752128601074,
                4.736509897775127,
                2.732804967171251,
                16.26444005364976,
                2.924242424035025
            ]
        ],
        [
            [
                -15.151941299438477,
                -16.20870852470398,
                2.0253866625817367,
                2.9286194516315054,
                6.296029815693183,
                0.6232393095718237
            ]
        ],
        [
            [
                -22.877756595611572,
                -5.653837621212006,
                6.912198714125219,
                2.4870896932470825,
                12.939927445324443,
                1.783023127412118
            ]
        ],
        [
            [
                -10.482847690582275,
                6.510224789381027,
                2.1059740935562776,
                3.5504064061540914,
                15.284755520556534,
                0.6358315373756005
            ]
        ],
        [
            [
                -20.649202346801758,
                19.637463808059692,
                8.07497855531237,
                2.4594439936774988,
                16.2597158781818,
                1.4928307430969108
            ]
        ],
        [
            [
                22.17546010017395,
                3.8827712535858154,
                3.0834916389575358,
                2.5642702132845274,
                12.059643275164783,
                0.8970715522553376
            ]
        ],
        [
            [
                21.203057050704956,
                18.235287368297577,
                2.036113604967346,
                3.7534877128499753,
                12.22533934426907,
                0.0040864649484919635
            ]
        ],
        [
            [
                -22.896089792251587,
                -22.705241799354553,
                2.6535668795924416,
                2.058500421028228,
                8.665701263182614,
                1.8332611148081635
            ]
        ],
        [
            [
                -2.508890986442566,
                -22.559059977531433,
                4.2950904313453755,
                2.3493123386666297,
                18.824141165126715,
                1.3654158379053734
            ]
        ],
        [
            [
                -4.505060911178589,
                -1.8709831237792969,
                2.530472528458337,
                2.282611311757236,
                17.92213667653798,
                3.003941526504022
            ]
        ],
        [
            [
                22.390743613243103,
                -22.393967866897583,
                2.928964803252329,
                2.523159747862732,
                11.554955232243051,
                1.6366759738525212
            ]
        ],
        [
            [
                21.73950396478176,
                -14.135199427604675,
                5.072707906754055,
                2.1479664503211486,
                5.30009957890299,
                2.985657042084775
            ]
        ],
        [
            [
                22.869349598884583,
                -9.88187962770462,
                2.6146116828215464,
                3.801808350120633,
                14.475092319789079,
                2.7161306935363925
            ]
        ],
        [
            [
                23.755743741989136,
                -2.2937827706336975,
                2.216545930757468,
                2.490832078020046,
                5.443021527408188,
                3.028881867327728
            ]
        ],
        [
            [
                -9.947763502597809,
                10.234474182128906,
                2.2318896757697977,
                2.4518418958505883,
                15.752521151374406,
                1.8884150483932438
            ]
        ],
        [
