{
    "world_name": "subworld-73",
    "width": 50,
    "build_up": 0.3810028,
    "height": 20.0,
    "objects": [
        [
            [
                -6.0725932121276855,
                -16.552751541137695,
                4.052791600669218,
                13.726990286473677,
                20.0,
                3.084401053297393
            ]
        ],
        [
            [
                20.800344467163086,
                -10.287259101867676,
                15.283912039731856,
                4.2881525447343,
                20.0,
                1.620021118745386
            ]
        ],
        [
            [
                16.59960174560547,
                9.338050842285156,
                17.580728088511403,
                5.2630414705205855,
                20.0,
                1.3906005890956599
            ]
        ],
        [
            [
                1.110938549041748,
                -0.5883576273918152,
                13.90380616668529,
                5.353815869084587,
                20.0,
                2.1666553138260305
            ]
        ],
        [
            [
                -19.324159622192383,
                -3.782564640045166,
                7.15392969659209,
                4.748267791252943,
                20.0,
                1.5355494627257948
            ]
        ],
        [
            [
                -3.0960171222686768,
                12.103139877319336,
                17.023287036156052,
                2.7637379755125497,
                20.0,
                2.957126639710901
            ]
        ],
        [
            [
                5.4711785316467285,
                -16.13901710510254,
                9.084006185576573,
                11.808861883214147,
                20.0,
                0.02589091665246812
            ]
        ],
        [
            [
                0.2598447799682617,
                21.685501098632812,
                12.915653944271988,
                2.409164913549462,
                20.0,
                0.025172846789857095
            ]
        ],
        [
            [
                8.85727310180664,
                8.971355438232422,
                7.913099778069287,
                2.2728051781159606,
                20.0,
                1.397126112238077
            ]
        ],
        [
            [
                -17.541996002197266,
                -17.396732330322266,
                2.1329455887060256,
                3.774138803171248,
                20.0,
                1.2635502035912451
            ]
        ],
        [
            [
                -19.976526260375977,
                5.714029788970947,
                3.906337563221152,
                9.05028710078396,
                20.0,
                0.9964925241849998
            ]
        ],
        [
            [
                -8.81270694732666,
                7.043554782867432,
                2.3081400858348333,
                2.4874609699384536,
                20.0,
                2.01937557077475
            ]
        ],
        [
            [
                -9.313386917114258,
                -4.42735481262207,
                4.4857194490520325,
                2.6871168654815305,
                20.0,
                1.273525171216038
            ]
        ],
        [
            [
                -18.53008270263672,
                18.96424674987793,
                2.1512973434234572,
                9.902431582495637,
                20.0,
                1.712730137175485
            ]
        ],
        [
            [
                -21.893112182617188,
                12.533271789550781,
                2.859149467042057,
                2.606847289945116,
                20.0,
                3.0747659865261454
            ]
        ],
        [
            [
                13.76713752746582,
                -18.88703489303589,
                2.3675499164745473,
                3.712160466986713,
                20.0,
                1.1634712988459583
            ]
        ],
        [
            [
                13.766278982162476,
                -13.181609332561493,
                2.281941432236592,
                3.574012920316135,
                20.0,
                1.2334578149307276
            ]
        ],
        [
            [
                -13.682539463043213,
                7.3243184089660645,
                2.056790935131179,
                5.710826416807921,
                20.0,
                0.6924930128586373
            ]
        ],
        [
            [
                9.892589569091797,
                18.740405082702637,
                2.6404289289612413,
                2.30258222222504,
                20.0,
                2.1221990454844004
            ]
        ],
        [
            [
                -21.989073514938354,
                -20.856003522872925,
                3.503099770525198,
                3.134150268202852,
                20.0,
                2.883863484749361
            ]
        ],
        [
            [
                -5.260979175567627,
                -2.3922762870788574,
                3.35052980085694,
                2.0097506425368072,
                20.0,
                2.882736072030973
            ]
        ],
        [
            [
                20.233709812164307,
                -22.043862342834473,
                2.734905549225018,
                4.082973121705092,
                20.0,
                2.1361355182741946
            ]
        ],
        [
            [
                -14.388499736785889,
                14.571311473846436,
                2.967681410726044,
                2.476011486719756,
                20.0,
                2.7385092340155595
            ]
        ],
        [
            [
                6.976916611194611,
                17.696135759353638,
                2.840826121316434,
                2.1470431810875525,
                20.0,
                0.3612951269678597
            ]
        ],
        [
            [
                18.969093188643456,
                21.631110668182373,
                7.970675517217249,
                2.399665045109667,
                20.0,
                3.0032611417488515
            ]
        ],
        [
            [
                -15.884644240140915,
                -22.647182643413544,
                4.1452811844421955,
                2.2542063192675696,
                20.0,
                0.6448882942560359
            ]
        ],
        [
            [
                -22.19858393073082,
                -15.720576241612434,
                2.5965725021667523,
                2.3591532569443547,
                20.0,
                2.569310367868546
            ]
        ],
        [
            [
                -1.5814570188522339,
                -21.73671682178974,
                2.9258325024093375,
                2.5510280016335853,
                20.0,
                1.7685650885704796
            ]
        ],
        [
            [
                -22.866037130355835,
                -10.651684761047363,
                2.1108324407408667,
                2.673027025242722,
                20.0,
                2.9152279923800033
            ]
        ],
        [
            [
                -16.79383111000061,
                -10.79382598400116,
                2.58475808747534,
                2.634974897966157,
                20.0,
                1.7412717371720752
            ]
        ],
        [
            [
                -10.519758939743042,
                -10.006762027740479,
                3.138604552069155,
                3.1675509943464,
                20.0,
                1.5243825504782371
            ]
        ],
        [
            [
                9.712601035833359,
                -8.48337036371231,
                2.64491122181123,
                3.67159248268307,
