{
    "world_name": "subworld-169",
    "width": 50,
    "build_up": 0.3886638,
    "height": 1.5,
    "objects": [
        [
            [
                -10.166834831237793,
                -15.804205894470215,
                4.355828287914276,
                6.306603153086975,
                1.5,
                1.641221217878752
            ]
        ],
        [
            [
                4.504809856414795,
                -5.265057563781738,
                12.660987394728021,
                3.225504464035656,
                1.5,
                1.4477302392400322
            ]
        ],
        [
            [
                0.4056297242641449,
                12.524898529052734,
                15.670166227150105,
                13.311281321078415,
                1.5,
                0.529328767596432
            ]
        ],
        [
            [
                -14.225104331970215,
                -4.433498859405518,
                13.516800191422801,
                8.329504229919984,
                1.5,
                1.7973870680639426
            ]
        ],
        [
            [
                -2.1437149047851562,
                -11.723572731018066,
                2.9017303514668877,
                15.803695457981297,
                1.5,
                0.45412762602829915
            ]
        ],
        [
            [
                18.694456100463867,
                -6.543025016784668,
                7.397857535543793,
                2.098702005972741,
                1.5,
                0.8044050069253159
            ]
        ],
        [
            [
                -11.42096996307373,
                18.929126739501953,
                4.77584835332118,
                4.833148765015545,
                1.5,
                0.5850036956198581
            ]
        ],
        [
            [
                19.26943588256836,
                -17.956382751464844,
                2.4101458586859614,
                7.699190738183924,
                1.5,
                2.7484528364726537
            ]
        ],
        [
            [
                13.869353294372559,
                17.643693923950195,
                6.92991485738856,
                4.085060445626472,
                1.5,
                0.6345609220465788
            ]
        ],
        [
            [
                -16.684383392333984,
                -21.071786880493164,
                6.075322907201569,
                2.647727799558238,
                1.5,
                2.7306400744595374
            ]
        ],
        [
            [
                19.18338966369629,
                7.245222568511963,
                6.049544767655989,
                6.209096548247823,
                1.5,
                2.816308678075619
            ]
        ],
        [
            [
                12.83713436126709,
                -4.153592109680176,
                4.20628091864218,
                3.077069975070631,
                1.5,
                1.0754744416727724
            ]
        ],
        [
            [
                8.457690238952637,
                -20.728775024414062,
                4.835997692427632,
                7.001776628811234,
                1.5,
                1.7172231925245156
            ]
        ],
        [
            [
                -17.91132926940918,
                11.029942512512207,
                7.499220443098116,
                3.7569103527261616,
                1.5,
                2.27149519455154
            ]
        ],
        [
            [
                8.55324935913086,
                22.488929748535156,
                2.3505481091691585,
                4.898522648339332,
                1.5,
                1.2852851688982523
            ]
        ],
        [
            [
                9.032999992370605,
                5.104537010192871,
                3.007530293296351,
                5.141469986501539,
                1.5,
                1.6147826770999243
            ]
        ],
        [
            [
                -4.090863227844238,
                -22.404650688171387,
                2.3533904933579834,
                2.5875865580787845,
                1.5,
                0.03132424791796051
            ]
        ],
        [
            [
                9.790929079055786,
                -10.93787682056427,
                2.0921612394939477,
                2.78531190002513,
                1.5,
                1.2658552309570346
            ]
        ],
        [
            [
                -6.407230377197266,
                22.713001251220703,
                2.8343500500186973,
                2.2060903036337893,
                1.5,
                1.3894170309485772
            ]
        ],
        [
            [
                -22.38457751274109,
                -16.270264148712158,
                3.941902263362815,
                3.742314179023081,
                1.5,
                1.6367978642093506
            ]
        ],
        [
            [
                -3.131296157836914,
                -2.9296188354492188,
                2.0256763024173186,
                4.580752835885871,
                1.5,
                0.8786967612788772
            ]
        ],
        [
            [
                21.926780939102173,
                -10.54909610748291,
                3.0954728667498195,
                3.1771550732962677,
                1.5,
                1.3078588846524402
            ]
        ],
        [
            [
                -21.929749250411987,
                7.418330788612366,
                2.125988513291571,
                2.507214422209305,
                1.5,
                1.5357303611256998
            ]
        ],
        [
            [
                -20.284693837165833,
                19.66373747587204,
                7.286056831192623,
                2.1815815880125418,
                1.5,
                1.3772651503605189
            ]
        ],
        [
            [
                22.07868981361389,
                22.507997274398804,
                2.7976841779121564,
                3.1177172859858735,
                1.5,
                0.2985323598124181
            ]
        ],
        [
            [
                21.912750720977783,
                17.353311419487,
                2.4128367081824136,
                2.3350775340024303,
                1.5,
                0.18938292903767873
            ]
        ],
        [
            [
                -8.771731674671173,
                -20.618208646774292,
                3.9247149259511946,
                2.559875166604261,
                1.5,
                0.21672904388304737
            ]
        ],
        [
            [
                -4.182992458343506,
                -16.250664055347443,
                2.8353846740380937,
                3.1131153418504653,
                1.5,
                0.021734350333839858
            ]
        ],
        [
            [
                -22.239173740148544,
                -8.331383466720581,
                2.6831788204357716,
                2.4737989694715026,
                1.5,
                0.9864427869750267
            ]
        ],
        [
            [
                -21.591776877641678,
                -4.012581467628479,
                2.0542679611608254,
                2.789145230102818,
                1.5,
                0.7032662172528874
            ]
        ],
        [
            [
                7.5094990730285645,
                -14.016673803329468,
                2.0835399262050185,
                2.051163873812571,
                1.5,
                0.11088013206103486
            ]
        ],
        [
            [
                22.7927126288414,
                -22.682543337345123,
                4.177907495840408,
                2.0419596603460533,
                1.5,
