{
    "world_name": "subworld-177",
    "width": 50,
    "build_up": 0.39859432,
    "height": 1.5,
    "objects": [
        [
            [
                -4.898606777191162,
                -4.857288837432861,
                3.8496898294497353,
                10.23429798211225,
                1.5,
                1.3461994770367163
            ]
        ],
        [
            [
                12.74974250793457,
                1.625116229057312,
                16.67497906042528,
                5.189328434243555,
                1.5,
                0.059328536701187096
            ]
        ],
        [
            [
                -1.3668770790100098,
                -13.850926399230957,
                5.013423460864605,
                16.067353645916494,
                1.5,
                1.2096405848357135
            ]
        ],
        [
            [
                10.723200798034668,
                13.148902893066406,
                4.098179982203127,
                13.162811395278005,
                1.5,
                0.8484095447172635
            ]
        ],
        [
            [
                -7.210773468017578,
                9.68163776397705,
                4.814568626247284,
                9.633489179989988,
                1.5,
                2.982084380167058
            ]
        ],
        [
            [
                -17.98211669921875,
                -9.198652267456055,
                6.875725876818241,
                14.745135428038036,
                1.5,
                0.30605276290931593
            ]
        ],
        [
            [
                -15.400527000427246,
                18.9383602142334,
                3.3619987531963176,
                12.988019274493418,
                1.5,
                1.596088959435267
            ]
        ],
        [
            [
                15.204829216003418,
                -16.1912841796875,
                6.458131271775862,
                10.700079311088773,
                1.5,
                0.3014824047531921
            ]
        ],
        [
            [
                20.589529037475586,
                17.093955993652344,
                2.4831267426082753,
                2.0670126501194312,
                1.5,
                2.214695016205482
            ]
        ],
        [
            [
                13.685672760009766,
                20.004234313964844,
                5.851089369034282,
                7.7939484522595315,
                1.5,
                2.715471656218284
            ]
        ],
        [
            [
                3.07016921043396,
                8.293329238891602,
                3.3435501382542467,
                7.780280286873845,
                1.5,
                2.5684276241630983
            ]
        ],
        [
            [
                10.467024803161621,
                -6.674716949462891,
                12.784676072882915,
                2.9395378983384113,
                1.5,
                0.4644052066050568
            ]
        ],
        [
            [
                -19.82925033569336,
                9.454727172851562,
                4.629078919857654,
                5.356704433973942,
                1.5,
                0.5428325832393923
            ]
        ],
        [
            [
                2.461229085922241,
                15.212529182434082,
                3.7599215462629347,
                2.6789703441948682,
                1.5,
                0.7124161633817112
            ]
        ],
        [
            [
                -7.196969985961914,
                -22.34646701812744,
                3.1489161028268726,
                2.2916185205828414,
                1.5,
                3.065271789888697
            ]
        ],
        [
            [
                7.675451755523682,
                -22.197251319885254,
                2.4950210866110725,
                4.23986300912588,
                1.5,
                2.944125953694477
            ]
        ],
        [
            [
                21.047563552856445,
                -8.852467060089111,
                2.001383803603729,
                3.357600523889639,
                1.5,
                1.4201329989295952
            ]
        ],
        [
            [
                -3.201848030090332,
                20.264077186584473,
                3.3275517886020802,
                4.9794998132202615,
                1.5,
                3.1207395743866186
            ]
        ],
        [
            [
                21.325268745422363,
                10.764345288276672,
                2.6351119594863874,
                7.412175651096761,
                1.5,
                2.4177949030269943
            ]
        ],
        [
            [
                -18.986979484558105,
                -21.57784366607666,
                2.0376077761543563,
                2.564775171678831,
                1.5,
                0.5655526843986236
            ]
        ],
        [
            [
                -10.341537952423096,
                -17.743207812309265,
                2.6972221888243633,
                2.4496282362545654,
                1.5,
                2.4952558158354337
            ]
        ],
        [
            [
                2.754680633544922,
                -22.06067395210266,
                2.120632636890695,
                4.513136576194269,
                1.5,
                2.1394863072319668
            ]
        ],
        [
            [
                23.19832420349121,
                -4.4483948945999146,
                3.291433461578886,
                2.299302022544298,
                1.5,
                3.097354708481622
            ]
        ],
        [
            [
                -16.501907348632812,
                3.2429656982421875,
                5.260497779630752,
                3.037586292141743,
                1.5,
                1.8507812418981233
            ]
        ],
        [
            [
                4.13124942779541,
                21.058500051498413,
                2.0389247191237474,
                2.2912177953298443,
                1.5,
                0.39681944086847243
            ]
        ],
        [
            [
                -23.35063326358795,
                -16.555843353271484,
                3.776206500582977,
                2.1616264090715234,
                1.5,
                1.8204809155668091
            ]
        ],
        [
            [
                -2.23614102602005,
                -22.584078550338745,
                3.885719681797304,
                2.5403043674528187,
                1.5,
                0.9815713248709192
            ]
        ],
        [
            [
                10.70914351940155,
                -23.384870409965515,
                2.9657444246508065,
                2.0591461544729865,
                1.5,
                0.38745947438693085
            ]
        ],
        [
            [
                9.032298058271408,
                -15.652227260172367,
                2.694581578261275,
                3.417498050003852,
                1.5,
                2.309706702287817
            ]
        ],
        [
            [
                22.506224989891052,
                -21.536910831928253,
                2.0965687791900103,
                2.3941119389828467,
                1.5,
                1.5214615762407788
            ]
        ],
        [
            [
                21.684938102960587,
                -15.899638652801514,
                3.8404222844040516,
                3.07991454067965,
                1.5,
                1.6174744284189073
            ]
        ],
        [
            [
                2.286985218524933,
                -9.719221115112305,
                2.5049423039301537,
                2.491009676307212,
                1.5,
