{
    "world_name": "subworld-218",
    "width": 50,
    "build_up": 0.3615506,
    "height": 1.5,
    "objects": [
        [
            [
                10.360909461975098,
                -1.164815068244934,
                16.47602424381499,
                2.0024616624906573,
                1.5,
                1.963214167515105
            ]
        ],
        [
            [
                -12.731746673583984,
                -13.253602027893066,
                18.36147472133587,
                3.8137939786130053,
                1.5,
                0.6214223227547683
            ]
        ],
        [
            [
                10.074637413024902,
                -20.945457458496094,
                17.665915072737285,
                3.023232978076928,
                1.5,
                3.075565053063232
            ]
        ],
        [
            [
                15.182835578918457,
                9.708857536315918,
                3.005738688599868,
                2.0084608661680847,
                1.5,
                2.9944943314882377
            ]
        ],
        [
            [
                -11.78541374206543,
                1.5734668970108032,
                18.641508203609853,
                6.989901475828084,
                1.5,
                0.6942195753071384
            ]
        ],
        [
            [
                -1.9153932332992554,
                18.564531326293945,
                6.536699114191254,
                2.7148658480820016,
                1.5,
                1.5077770753633963
            ]
        ],
        [
            [
                -15.73139762878418,
                14.737621307373047,
                4.962008752046645,
                14.062628773687974,
                1.5,
                2.4303274280117337
            ]
        ],
        [
            [
                14.57532024383545,
                19.602638244628906,
                3.407658091773974,
                7.970375486075656,
                1.5,
                3.116221929350342
            ]
        ],
        [
            [
                7.733495235443115,
                -13.166938781738281,
                3.035233849479131,
                14.771559338096113,
                1.5,
                1.340079910223117
            ]
        ],
        [
            [
                16.991708755493164,
                -4.7292585372924805,
                9.52507351763959,
                3.5024722490929268,
                1.5,
                1.8023559531952906
            ]
        ],
        [
            [
                -5.7406439781188965,
                -18.90951919555664,
                2.9350942744093174,
                4.228888863541396,
                1.5,
                1.320998610580204
            ]
        ],
        [
            [
                4.506799697875977,
                14.498014450073242,
                2.5440542170029596,
                3.90948514714186,
                1.5,
                0.942073347280505
            ]
        ],
        [
            [
                21.40116310119629,
                4.7773027420043945,
                4.221688533460402,
                3.912238308193111,
                1.5,
                2.1178615887340766
            ]
        ],
        [
            [
                4.966704845428467,
                -4.977779865264893,
                5.00967574224073,
                3.446489761475833,
                1.5,
                2.8660779527619598
            ]
        ],
        [
            [
                -1.6617904901504517,
                -0.2102891057729721,
                3.1427178460469882,
                3.003926433876194,
                1.5,
                2.3699921139585185
            ]
        ],
        [
            [
                22.006446838378906,
                -22.933480262756348,
                3.177622625636821,
                2.1055915964524345,
                1.5,
                1.1531007648004452
            ]
        ],
        [
            [
                -21.318340301513672,
                4.777826309204102,
                4.651610913921859,
                2.8217452341423592,
                1.5,
                0.017497598284105464
            ]
        ],
        [
            [
                21.854305267333984,
                11.921877562999725,
                4.735683408429908,
                4.334751724598545,
                1.5,
                3.062430727555559
            ]
        ],
        [
            [
                21.024598121643066,
                21.683977127075195,
                4.698354309393901,
                4.407371249141476,
                1.5,
                0.034809600511463534
            ]
        ],
        [
            [
                -3.709012508392334,
                -23.569336414337158,
                5.985549120843004,
                2.136158835463922,
                1.5,
                0.055913658771392205
            ]
        ],
        [
            [
                19.250022768974304,
                -15.039733409881592,
                2.0223085936206235,
                4.390247435010437,
                1.5,
                2.0610368076900265
            ]
        ],
        [
            [
                22.257677793502808,
                -2.9586517810821533,
                2.207134725703027,
                4.635389571899103,
                1.5,
                1.7979188245169753
            ]
        ],
        [
            [
                -22.316226959228516,
                18.062277734279633,
                2.0007064151496006,
                2.958204027618153,
                1.5,
                3.0930089882704777
            ]
        ],
        [
            [
                -17.04175615310669,
                22.72380566596985,
                2.049134417175351,
                2.6570132667710062,
                1.5,
                0.5870373062119544
            ]
        ],
        [
            [
                6.091613635420799,
                9.206099510192871,
                2.6614748988851686,
                3.074680266946892,
                1.5,
                0.18325653853151613
            ]
        ],
        [
            [
                2.960908889770508,
                7.188287198543549,
                3.2720952883609518,
                2.6953450159166077,
                1.5,
                0.3614840848595018
            ]
        ],
        [
            [
                9.567015886306763,
                9.466618537902832,
                3.060107110545571,
                3.325114767746031,
                1.5,
                0.3869543658986012
            ]
        ],
        [
            [
                16.25247597694397,
                5.071521282196045,
                4.229881698543358,
                3.3296956490135345,
                1.5,
                0.07948098381798174
            ]
        ],
        [
            [
                6.412869408726692,
                20.963850021362305,
                3.3458397541734954,
                7.484636872153194,
                1.5,
                1.0604626954251444
            ]
        ],
        [
            [
                -21.545736372470856,
                -22.68593865633011,
                3.56774656681115,
                3.016225622469223,
                1.5,
                1.7394321184284152
            ]
        ],
        [
            [
                -15.411495625972748,
                -21.048802495002747,
                2.6023414311692656,
                2.4309899782288036,
                1.5,
                0.48534552960626187
            ]
        ],
        [
            [
                -11.22477126121521,
                -21.007096350193024,
                2.1542877531692417,
                2.9018865833195715,
                1.5,
