{
    "world_name": "subworld-132",
    "width": 50,
    "build_up": 0.39487664,
    "height": 1.5,
    "objects": [
        [
            [
                9.455717086791992,
                14.878898620605469,
                9.965455166971253,
                5.010431081948081,
                1.5,
                1.3020668673238194
            ]
        ],
        [
            [
                -3.2881932258605957,
                15.197172164916992,
                5.089558784386173,
                8.284127433557796,
                1.5,
                2.9774196296388555
            ]
        ],
        [
            [
                8.969464302062988,
                -0.895258367061615,
                9.207077453330381,
                6.7203076703132805,
                1.5,
                0.34833034514491
            ]
        ],
        [
            [
                -7.328953742980957,
                -12.221885681152344,
                19.849243647786704,
                7.165330565733832,
                1.5,
                3.113933847229239
            ]
        ],
        [
            [
                -14.344955444335938,
                4.117053508758545,
                8.762187410730434,
                2.0017958936644082,
                1.5,
                0.7829296181334939
            ]
        ],
        [
            [
                -15.191965103149414,
                16.864961624145508,
                7.253088505959271,
                8.024215534890889,
                1.5,
                1.0888301124393913
            ]
        ],
        [
            [
                17.57807159423828,
                -19.660167694091797,
                5.0093054308479354,
                11.437281183351349,
                1.5,
                2.1152941342338805
            ]
        ],
        [
            [
                15.597772598266602,
                -5.728095054626465,
                2.821304057563654,
                3.195763908180623,
                1.5,
                0.028820171550328455
            ]
        ],
        [
            [
                -2.404942512512207,
                0.834539532661438,
                7.599425237388967,
                7.07385424594975,
                1.5,
                0.275056487168609
            ]
        ],
        [
            [
                8.472193717956543,
                -13.36468505859375,
                3.065156046579471,
                10.179729378786062,
                1.5,
                2.720112004746311
            ]
        ],
        [
            [
                16.65056610107422,
                8.99365520477295,
                4.184538483274176,
                5.990544241363285,
                1.5,
                1.1230299994889008
            ]
        ],
        [
            [
                18.587108612060547,
                17.340713500976562,
                3.144666510813539,
                3.9946620398027823,
                1.5,
                1.3166019548388777
            ]
        ],
        [
            [
                -8.800885438919067,
                -21.32354736328125,
                2.1536116747164566,
                3.106216779452578,
                1.5,
                2.6298612237218846
            ]
        ],
        [
            [
                -23.372305870056152,
                -13.732866168022156,
                2.6500130429483733,
                2.4338810090324983,
                1.5,
                1.390426651898749
            ]
        ],
        [
            [
                -18.719732761383057,
                -3.9467086791992188,
                7.593656345495569,
                2.026280128478544,
                1.5,
                0.09984443101128426
            ]
        ],
        [
            [
                21.840950965881348,
                -8.243154048919678,
                4.015991229331964,
                4.50677501984849,
                1.5,
                2.4780518184636033
            ]
        ],
        [
            [
                3.4885873794555664,
                18.05772876739502,
                9.249078312547763,
                2.290016431138957,
                1.5,
                1.3721773958257024
            ]
        ],
        [
            [
                -20.807709217071533,
                -20.47483205795288,
                5.031575456068436,
                6.965519428753951,
                1.5,
                0.37387941599627794
            ]
        ],
        [
            [
                -2.914795398712158,
                -20.82691979408264,
                2.4896094553060535,
                2.1999892787339057,
                1.5,
                1.8128113324235762
            ]
        ],
        [
            [
                -9.339792728424072,
                -2.7351131439208984,
                3.8148065214162075,
                3.8523333193282667,
                1.5,
                0.08611684870563852
            ]
        ],
        [
            [
                5.043373703956604,
                -21.27714729309082,
                3.963978662747065,
                2.5910355535756864,
                1.5,
                0.1763250920467283
            ]
        ],
        [
            [
                20.53078258037567,
                -3.1259374618530273,
                2.2403374081534877,
                2.18270720853469,
                1.5,
                1.1958689018710764
            ]
        ],
        [
            [
                -22.65742564201355,
                5.669261634349823,
                2.6675265925219556,
                3.482556030615673,
                1.5,
                0.8001257273533701
            ]
        ],
        [
            [
                -17.214813470840454,
                10.484751224517822,
                7.504836474321148,
                2.809583134429631,
                1.5,
                3.046029974434809
            ]
        ],
        [
            [
                -20.009268760681152,
                7.884314656257629,
                2.1282269188344496,
                3.0371874728310972,
                1.5,
                1.5418033144491785
            ]
        ],
        [
            [
                -20.844875812530518,
                22.44489574432373,
                2.2320323522943735,
                6.406474177552012,
                1.5,
                1.333569004073729
            ]
        ],
        [
            [
                5.628961861133575,
                4.463864803314209,
                3.1126773534052257,
                2.915491729795005,
                1.5,
                0.36287249175570313
            ]
        ],
        [
            [
                16.552984714508057,
                20.497589588165283,
                2.0185242909062975,
                2.6369965284742163,
                1.5,
                1.6911448446732784
            ]
        ],
        [
            [
                19.839396834373474,
                21.04655146598816,
                2.1249773741321065,
                3.417157397851125,
                1.5,
                0.49667265904039515
            ]
        ],
        [
            [
                -22.30722200870514,
                -9.489989206194878,
                3.710453624912418,
                2.900519923284903,
                1.5,
                0.37660513327249534
            ]
        ],
        [
            [
                9.023457616567612,
                -23.282411575317383,
                4.016975915816321,
                2.0429615444007223,
                1.5,
                2.790706806207859
            ]
        ],
        [
            [
                22.38808912038803,
                -22.539482295513153,
                2.3016106016702804,
                3.815803459844748,
                1.5,
