{
    "world_name": "subworld-295",
    "width": 50,
    "build_up": 0.38209212,
    "height": -1.0,
    "objects": [
        [
            [
                -4.657175064086914,
                18.092384338378906,
                2.207566231872303,
                18.83728940599204,
                2.0945832718321893,
                1.559136076776096
            ]
        ],
        [
            [
                1.959608793258667,
                -2.9967358112335205,
                7.2258689567483465,
                6.992252003605858,
                10.545772423610085,
                1.8585309325190082
            ]
        ],
        [
            [
                14.564072608947754,
                -13.8001070022583,
                2.831591676661142,
                2.9296464506145314,
                8.497124886649079,
                1.0422257681498426
            ]
        ],
        [
            [
                14.515113830566406,
                -8.809614181518555,
                3.383095847849025,
                2.4505289679884754,
                3.1977378991627585,
                0.15835331321678447
            ]
        ],
        [
            [
                14.287968635559082,
                20.06374740600586,
                3.2741098984885144,
                4.342228068812407,
                12.962013342764454,
                2.2923557032630706
            ]
        ],
        [
            [
                -19.502073287963867,
                -15.549248695373535,
                4.745708143057888,
                8.519178040238286,
                18.610326851621032,
                1.1044783614694964
            ]
        ],
        [
            [
                9.09652042388916,
                12.255300521850586,
                5.753957892360368,
                9.080333401017901,
                18.426942592390258,
                2.3375046688863064
            ]
        ],
        [
            [
                -3.809513568878174,
                -13.928979873657227,
                6.252381252185936,
                10.719372896537962,
                10.823731381404807,
                1.0509672840232973
            ]
        ],
        [
            [
                -10.752192497253418,
                -1.7633388042449951,
                4.862640634367343,
                3.3360365704539108,
                4.022294805199823,
                0.04752258785123464
            ]
        ],
        [
            [
                -8.834688186645508,
                5.92022180557251,
                10.784971614596303,
                2.2306918057291245,
                13.606099128336675,
                2.3932038737904238
            ]
        ],
        [
            [
                -20.659414291381836,
                0.062345240265131,
                2.81937244022327,
                4.902670092894241,
                6.52705359449895,
                0.4523556458937841
            ]
        ],
        [
            [
                19.719097137451172,
                16.465442657470703,
                9.333548618804265,
                2.130937379633295,
                11.965466426797603,
                1.249113776020143
            ]
        ],
        [
            [
                10.974435806274414,
                -22.28235626220703,
                3.074343642209182,
                18.249506960446357,
                16.175202232820915,
                1.5128196507002947
            ]
        ],
        [
            [
                18.525474548339844,
                -2.6568212509155273,
                4.390624149424622,
                7.773905154770766,
                3.9965619816380817,
                1.0023080601923495
            ]
        ],
        [
            [
                -20.26136016845703,
                11.272472381591797,
                5.439832034765603,
                2.282957896562557,
                10.398971323710386,
                0.27965411510535665
            ]
        ],
        [
            [
                -6.007206439971924,
                12.03325366973877,
                3.568744366600043,
                3.541960270300917,
                10.068689128753334,
                0.24669627955029294
            ]
        ],
        [
            [
                -0.7172712683677673,
                5.506378650665283,
                4.436435571485029,
                3.7538486885401263,
                18.587583537636785,
                0.2883059883236785
            ]
        ],
        [
            [
                10.07148265838623,
                -0.7478264570236206,
                5.92453413696919,
                3.6543092845909024,
                13.762463872437733,
                0.17009871968291046
            ]
        ],
        [
            [
                0.4107328951358795,
                22.428876876831055,
                4.2516615287412085,
                2.233422954589326,
                19.645044027621815,
                0.5576097031676011
            ]
        ],
        [
            [
                -14.580405235290527,
                -11.465368509292603,
                3.5085587488546537,
                2.22540607642671,
                19.222415747714297,
                2.5631434148893506
            ]
        ],
        [
            [
                -9.054338932037354,
                -23.139646530151367,
                7.036403437747671,
                3.264716932537508,
                19.50283340042293,
                0.018811598011849506
            ]
        ],
        [
            [
                19.181323528289795,
                -16.688251972198486,
                2.4452418417289747,
                2.9958641521665497,
                14.358795892514994,
                0.041968333859149
            ]
        ],
        [
            [
                -20.468814373016357,
                20.077155113220215,
                7.353056001165102,
                5.487277507065843,
                6.301595037158315,
                1.5503695831240332
            ]
        ],
        [
            [
                17.287916660308838,
                6.328079700469971,
                6.637978034663751,
                3.6793358423624865,
                10.951614581515278,
                0.536731705044053
            ]
        ],
        [
            [
                -21.751397132873535,
                -18.363209933042526,
                2.020600875481984,
                4.6629026998672405,
                17.2632949949651,
                1.1000851726309397
            ]
        ],
        [
            [
                -17.0027836561203,
                -22.23821210861206,
                2.397851364869859,
                3.3771549873854014,
                10.907559086687579,
                2.1818290145032204
            ]
        ],
        [
            [
                -1.8823838233947754,
                -22.97306489944458,
                3.117622947734932,
                2.009710839513824,
                15.796330911662718,
                0.11936196787628783
            ]
        ],
        [
            [
                -9.18410038948059,
                -19.488767087459564,
                2.646371423073945,
                2.5526028140633423,
                12.958062087855232,
                1.0622183712814295
            ]
        ],
        [
            [
                -19.938620924949646,
                -9.24098539352417,
                4.187381123584457,
                4.32181552490436,
                9.137573708086405,
                2.661380665271394
            ]
        ],
        [
            [
                -17.476197123527527,
                -5.33525288105011,
                4.292578470719632,
                2.104803389102668,
                6.56836292571825,
                2.1782472433729905
            ]
        ],
        [
