{
    "world_name": "subworld-433",
    "width": 50,
    "build_up": 0.36001468,
    "height": 20.0,
    "objects": [
        [
            [
                0.007579773664474487,
                -4.494387626647949,
                3.4046606781379753,
                8.396030793283067,
                20.0,
                2.5918840903324125
            ]
        ],
        [
            [
                -11.420777320861816,
                -12.380352973937988,
                5.866013260229591,
                18.07315367226585,
                20.0,
                2.6288826698836214
            ]
        ],
        [
            [
                11.063285827636719,
                7.520135879516602,
                3.700176647127406,
                17.27840592003612,
                20.0,
                0.8431013216656238
            ]
        ],
        [
            [
                5.886403560638428,
                -13.582518577575684,
                7.846640492886355,
                15.51567188412656,
                20.0,
                2.205680660610426
            ]
        ],
        [
            [
                -13.766437530517578,
                9.889121055603027,
                10.046837504081463,
                8.725540507679218,
                20.0,
                0.5095692067333186
            ]
        ],
        [
            [
                12.896734237670898,
                20.543249130249023,
                2.410118567801999,
                19.027255366609147,
                20.0,
                1.4625712213174866
            ]
        ],
        [
            [
                -2.058161735534668,
                7.332575798034668,
                3.6557851020008396,
                2.085003660197872,
                20.0,
                1.8488851998790898
            ]
        ],
        [
            [
                -18.419740676879883,
                -6.600605010986328,
                2.593290790112769,
                5.020137530076614,
                20.0,
                0.9611365571416307
            ]
        ],
        [
            [
                11.158304214477539,
                -2.6019041538238525,
                2.902302752401143,
                11.101836529501675,
                20.0,
                1.010426174143092
            ]
        ],
        [
            [
                -22.249792098999023,
                19.665496826171875,
                2.2224741930293046,
                2.539522226646161,
                20.0,
                1.9712351625773552
            ]
        ],
        [
            [
                -3.4571425914764404,
                14.750240325927734,
                2.4110172133365166,
                5.960077204383733,
                20.0,
                1.2010734058712025
            ]
        ],
        [
            [
                -3.827310562133789,
                -21.078676223754883,
                5.97403920054327,
                2.3770769877546334,
                20.0,
                2.7444076008321856
            ]
        ],
        [
            [
                20.97517967224121,
                -4.576929092407227,
                3.2913667952512027,
                2.9490931675942655,
                20.0,
                0.9932000799405859
            ]
        ],
        [
            [
                20.566286087036133,
                -13.825925350189209,
                2.8558250377307015,
                4.676182154626855,
                20.0,
                3.0816084187023187
            ]
        ],
        [
            [
                15.428300142288208,
                -21.327245712280273,
                5.885934445886393,
                3.1300364723830842,
                20.0,
                0.20883746818518656
            ]
        ],
        [
            [
                -18.158494472503662,
                22.448972702026367,
                2.227997464805021,
                2.4019599828933713,
                20.0,
                1.3214237915627398
            ]
        ],
        [
            [
                -7.352074146270752,
                21.80526351928711,
                6.829792310267777,
                2.0534320030435054,
                20.0,
                0.2329161364336827
            ]
        ],
        [
            [
                17.140971660614014,
                10.067021608352661,
                2.5840177392065664,
                2.12700527572469,
                20.0,
                2.1402131119198113
            ]
        ],
        [
            [
                22.243359565734863,
                4.070413589477539,
                3.2366064531969165,
                2.5927306135869372,
                20.0,
                0.17830124763972877
            ]
        ],
        [
            [
                -22.19444513320923,
                -22.43062734603882,
                3.5192925786983102,
                4.7990196897160775,
                20.0,
                1.4717392314895852
            ]
        ],
        [
            [
                -22.885851860046387,
                -14.123111724853516,
                2.1572017746746845,
                2.3448421552160634,
                20.0,
                0.844765973420835
            ]
        ],
        [
            [
                -22.879021644592285,
                9.401978731155396,
                2.253712039466615,
                2.117243516109777,
                20.0,
                0.620601745954782
            ]
        ],
        [
            [
                -7.373325228691101,
                3.8965041637420654,
                4.273550185912342,
                2.6961841524562518,
                20.0,
                0.8637500527571556
            ]
        ],
        [
            [
                -17.396907925605774,
                17.296549916267395,
                2.3294767271607584,
                5.019327871755365,
                20.0,
                1.950599166757045
            ]
        ],
        [
            [
                6.927417457103729,
                3.2668514251708984,
                3.4638314994271004,
                2.3795446939553604,
                20.0,
                2.8900443307397445
            ]
        ],
        [
            [
                -22.748103737831116,
                -8.394826114177704,
                3.6525891821912535,
                2.164113802358395,
                20.0,
                2.336085020222458
            ]
        ],
        [
            [
                -15.442430287599564,
                -3.0854786224663258,
                3.5020110509042675,
                3.3304181455606283,
                20.0,
                1.0242425018867178
            ]
        ],
        [
            [
                -2.392143964767456,
                -2.5528026819229126,
                2.100047392860859,
                2.145263811901838,
                20.0,
                1.0754088142567022
            ]
        ],
        [
            [
                9.571304976940155,
                -21.83324145525694,
                2.341433490661923,
                3.0592183801346904,
                20.0,
                0.6578202568952026
            ]
        ],
        [
            [
                22.53986895084381,
                -22.843420565128326,
                3.0953106975211138,
                3.0916611657019653,
                20.0,
                1.568581716503806
            ]
        ],
        [
            [
                15.161115020513535,
                -16.592615604400635,
                2.402409210149971,
                3.648284806380106,
                20.0,
                0.3142375976191787
            ]
        ],
        [
            [
                4.970042109489441,
                -3.770830810070038,
                2.1246839885949,
