{
    "world_name": "subworld-6",
    "width": 50,
    "build_up": 0.37101484,
    "height": 20.0,
    "objects": [
        [
            [
                -4.39444637298584,
                12.379071235656738,
                2.3625542690664876,
                13.589883225731015,
                20.0,
                2.440243452018294
            ]
        ],
        [
            [
                15.363658905029297,
                -3.089141607284546,
                3.1726933464648637,
                8.999702429398612,
                20.0,
                1.7632604627287443
            ]
        ],
        [
            [
                13.750554084777832,
                18.533649444580078,
                18.29922428435667,
                7.38954279867749,
                20.0,
                0.08571755528844327
            ]
        ],
        [
            [
                0.1915546953678131,
                -19.06178092956543,
                2.7482245000860033,
                5.174004864728776,
                20.0,
                0.9260437476541925
            ]
        ],
        [
            [
                5.740481376647949,
                0.5141805410385132,
                4.204925658902517,
                12.655597873845869,
                20.0,
                2.8620824098016486
            ]
        ],
        [
            [
                -13.279711723327637,
                -13.788398742675781,
                8.844191967529623,
                12.421979903665626,
                20.0,
                0.874384161706476
            ]
        ],
        [
            [
                -15.29858684539795,
                12.90573501586914,
                13.436252898199715,
                6.593783209657055,
                20.0,
                1.3940080442844376
            ]
        ],
        [
            [
                14.218693733215332,
                -13.396413803100586,
                7.109392145260187,
                3.9529637141068306,
                20.0,
                0.26493465253165427
            ]
        ],
        [
            [
                20.6852970123291,
                -18.776010513305664,
                2.6077128975945305,
                3.9212588897507743,
                20.0,
                0.05607652342624747
            ]
        ],
        [
            [
                -4.873006820678711,
                -0.7158557772636414,
                6.7071542665396855,
                4.0010425236437515,
                20.0,
                1.2913915293440428
            ]
        ],
        [
            [
                12.931809425354004,
                8.1775541305542,
                3.2261562841688542,
                4.210066446255052,
                20.0,
                0.31114442772961937
            ]
        ],
        [
            [
                8.40005111694336,
                -20.646408081054688,
                4.488248004389323,
                3.9442723993335314,
                20.0,
                1.3757202626838552
            ]
        ],
        [
            [
                -20.540881156921387,
                -4.6303887367248535,
                2.7191806642999024,
                2.871173911780735,
                20.0,
                2.8146243877014285
            ]
        ],
        [
            [
                4.52077579498291,
                -10.557433366775513,
                6.427198105320222,
                3.9928826583521047,
                20.0,
                3.0864580642530797
            ]
        ],
        [
            [
                15.773876667022705,
                -22.90091323852539,
                2.0693764742793697,
                6.194944859561881,
                20.0,
                1.5493984491124688
            ]
        ],
        [
            [
                -5.871860980987549,
                20.15906572341919,
                3.351858746230559,
                2.976556533285857,
                20.0,
                2.0721621044126546
            ]
        ],
        [
            [
                18.497148990631104,
                7.740642547607422,
                2.1190624099532913,
                6.931109859936745,
                20.0,
                0.20492137773968055
            ]
        ],
        [
            [
                -22.742295503616333,
                -17.899613618850708,
                3.759647256443447,
                3.796079950240352,
                20.0,
                1.6055759855983804
            ]
        ],
        [
            [
                -18.30531483888626,
                -23.290294647216797,
                7.161076507058843,
                2.537628403049947,
                20.0,
                0.048029558754655755
            ]
        ],
        [
            [
                -5.626186370849609,
                -21.141289710998535,
                3.8573302339648854,
                4.180968624182629,
                20.0,
                2.6307215060561058
            ]
        ],
        [
            [
                -15.657390594482422,
                -2.7569351196289062,
                3.3729653336124708,
                2.0736613813006657,
                20.0,
                0.9883314406004612
            ]
        ],
        [
            [
                20.939305067062378,
                -7.947767496109009,
                4.117658216389085,
                2.841224904643452,
                20.0,
                2.0945964792185796
            ]
        ],
        [
            [
                -21.826678037643433,
                1.8433175086975098,
                2.157575451831831,
                2.2049362552100886,
                20.0,
                1.6019224386236657
            ]
        ],
        [
            [
                -22.61030912399292,
                15.698787689208984,
                3.4940307385874223,
                2.1384917590951535,
                20.0,
                1.1759891805201421
            ]
        ],
        [
            [
                -22.601479411125183,
                -9.463148929178715,
                2.48167738562198,
                2.4106106552844606,
                20.0,
                2.301459322132687
            ]
        ],
        [
            [
                -7.780874133110046,
                -8.163098216056824,
                2.5176955693853724,
                2.4426616926793234,
                20.0,
                1.7040132837802062
            ]
        ],
        [
            [
                -3.6430351734161377,
                -9.781713396310806,
                3.840381295245269,
                3.1288820127619736,
                20.0,
                0.8611479447691642
            ]
        ],
        [
            [
                4.281589508056641,
                -15.802383050322533,
                2.5659203927529033,
                2.2861536421902335,
                20.0,
                0.8304860167219861
            ]
        ],
        [
            [
                23.15539515018463,
                -22.108428314328194,
                2.2816289732311335,
                3.1697943735404515,
                20.0,
                0.4497893374336468
            ]
        ],
        [
            [
                21.92350259795785,
                -14.202306628227234,
                2.04929795039089,
                2.907170736793843,
                20.0,
                2.1964769333217653
            ]
        ],
        [
            [
                22.87920045852661,
                -2.0709391832351685,
                3.0081855384909697,
                2.3471103050755104,
                20.0,
                3.0109607458312864
            ]
        ],
        [
            [
                -23.478010535240173,
                4.500201225280762,
                2.6128112044811607,
