{
    "world_name": "subworld-242",
    "width": 50,
    "build_up": 0.38285076,
    "height": 1.5,
    "objects": [
        [
            [
                -3.09624981880188,
                -9.571615219116211,
                9.941799383091304,
                8.74630146719004,
                1.5,
                0.9712069306878848
            ]
        ],
        [
            [
                7.62486457824707,
                14.308158874511719,
                9.770032118950535,
                13.901223050087575,
                1.5,
                0.8695055724780099
            ]
        ],
        [
            [
                14.026366233825684,
                -13.615689277648926,
                7.543729702676847,
                6.386455685290143,
                1.5,
                1.9437220380565705
            ]
        ],
        [
            [
                -7.5236897468566895,
                7.414351463317871,
                15.214825525630443,
                3.7350597907825085,
                1.5,
                1.659355279287636
            ]
        ],
        [
            [
                -16.34413719177246,
                17.92862319946289,
                5.753982035766542,
                8.691535847874029,
                1.5,
                3.020370318940503
            ]
        ],
        [
            [
                -18.519811630249023,
                -11.394987106323242,
                8.359367717708677,
                6.848804861892027,
                1.5,
                1.288424964127088
            ]
        ],
        [
            [
                17.32563591003418,
                1.1574432849884033,
                3.4792848322518894,
                8.612440075545411,
                1.5,
                3.0920507984463548
            ]
        ],
        [
            [
                -19.670011520385742,
                3.736356496810913,
                3.4629399929931024,
                2.3336006056832987,
                1.5,
                1.4677682961527083
            ]
        ],
        [
            [
                -8.2525634765625,
                -19.199649810791016,
                3.3467141259840103,
                4.730054133401421,
                1.5,
                2.873100791400182
            ]
        ],
        [
            [
                18.030555725097656,
                20.088125228881836,
                2.1463708086552025,
                3.061560031530854,
                1.5,
                2.588507581325575
            ]
        ],
        [
            [
                8.705045700073242,
                -0.050557419657707214,
                5.428186573973596,
                3.782989406902481,
                1.5,
                0.561711535865953
            ]
        ],
        [
            [
                -15.050354480743408,
                -3.260493278503418,
                2.011650518156814,
                8.486659581501732,
                1.5,
                1.3762305429202861
            ]
        ],
        [
            [
                6.198984622955322,
                -19.553095817565918,
                2.649884506919113,
                8.93295778331379,
                1.5,
                0.9772199106535906
            ]
        ],
        [
            [
                21.485215187072754,
                -8.229549884796143,
                3.9672210751814116,
                5.676029322572112,
                1.5,
                0.583992212990075
            ]
        ],
        [
            [
                -4.837264060974121,
                20.823887825012207,
                3.4759711738495667,
                2.4361117553260696,
                1.5,
                1.494755521707423
            ]
        ],
        [
            [
                -20.801901817321777,
                -20.41448712348938,
                3.0736200853464997,
                6.881318085006787,
                1.5,
                1.377107693947064
            ]
        ],
        [
            [
                -2.5903830528259277,
                -18.97656911611557,
                2.326858590483965,
                3.6534249227660966,
                1.5,
                0.8823406211106712
            ]
        ],
        [
            [
                -7.752680659294128,
                -2.832340955734253,
                2.421951193620195,
                2.0691032237806093,
                1.5,
                1.7657438999356319
            ]
        ],
        [
            [
                18.378664404153824,
                -21.719748497009277,
                3.377424687399078,
                3.1381932304472473,
                1.5,
                1.4865072064661584
            ]
        ],
        [
            [
                15.486179828643799,
                -5.839980721473694,
                3.740451044393552,
                2.575234655482558,
                1.5,
                0.08743783567548413
            ]
        ],
        [
            [
                -2.2729690074920654,
                7.304028630256653,
                6.266738294299476,
                3.0969399798775177,
                1.5,
                1.556862299678641
            ]
        ],
        [
            [
                -22.425283193588257,
                22.773069858551025,
                3.076332207243059,
                2.5080805575365495,
                1.5,
                0.753822935301878
            ]
        ],
        [
            [
                1.3009796142578125,
                6.185050010681152,
                2.0926367824628924,
                4.018816344723905,
                1.5,
                0.05272305444117187
            ]
        ],
        [
            [
                17.743512749671936,
                9.469338178634644,
                3.8219764725111016,
                4.09587075007625,
                1.5,
                2.18250296677585
            ]
        ],
        [
            [
                21.501797437667847,
                10.917892932891846,
                2.2313380411632844,
                2.459831095820719,
                1.5,
                1.4534757998084777
            ]
        ],
        [
            [
                21.75859498977661,
                19.002034932374954,
                8.214753225777725,
                2.2820313633892875,
                1.5,
                1.1620324785021352
            ]
        ],
        [
            [
                -15.003095984458923,
                -21.65259562432766,
                3.619777506901709,
                3.8213670311885686,
                1.5,
                3.0728764464415548
            ]
        ],
        [
            [
                -2.861866384744644,
                -23.166436553001404,
                2.4778632056266336,
                4.431546850547711,
                1.5,
                1.7499637138935555
            ]
        ],
        [
            [
                -22.39851039648056,
                -3.657973825931549,
                2.6524946033509336,
                2.4716833706262453,
                1.5,
                1.5323324476563451
            ]
        ],
        [
            [
                2.5723795294761658,
                -23.00539791584015,
                2.902563502337925,
                4.328345372116851,
                1.5,
                1.7402048420392344
            ]
        ],
        [
            [
                3.8138875365257263,
                -14.905466496944427,
                2.275774219293967,
                3.2282372218649336,
                1.5,
                1.108004583447506
            ]
        ],
        [
            [
                14.303593516349792,
                -21.38914465904236,
                2.6117853950134995,
                2.5611833242608015,
                1.5,
