{
    "world_name": "subworld-338",
    "width": 50,
    "build_up": 0.43495676,
    "height": -1.0,
    "objects": [
        [
            [
                -0.2898743152618408,
                -9.902708053588867,
                17.3730921513791,
                19.797851585365336,
                12.030565724584914,
                0.3326620648431353
            ]
        ],
        [
            [
                13.059738159179688,
                4.162140369415283,
                5.588117670595707,
                8.287126445575382,
                11.76809911944885,
                2.720413831676311
            ]
        ],
        [
            [
                1.6804271936416626,
                15.11143970489502,
                10.989763080680406,
                10.435326750157301,
                5.053912108046254,
                2.5483306187338575
            ]
        ],
        [
            [
                -13.861571311950684,
                17.74139404296875,
                8.426770951829539,
                3.391318117540218,
                3.111342569847533,
                1.8115354832073463
            ]
        ],
        [
            [
                10.668097496032715,
                20.375595092773438,
                4.429941990492437,
                3.257412033101046,
                4.00574703504162,
                1.3747186245290246
            ]
        ],
        [
            [
                19.648712158203125,
                -19.417478561401367,
                2.2341282974270165,
                3.2974855910741345,
                2.397215510809703,
                0.403934312465156
            ]
        ],
        [
            [
                -16.149866104125977,
                2.5120792388916016,
                7.525289507528431,
                6.093092082202311,
                16.87360709014994,
                0.08651333399301109
            ]
        ],
        [
            [
                -12.60442066192627,
                -20.71549415588379,
                3.4294967855249885,
                3.182409700423289,
                7.427658433328542,
                2.7743739808193197
            ]
        ],
        [
            [
                -17.8405818939209,
                -12.5888671875,
                8.087115646522768,
                5.244483917718452,
                19.320991078480912,
                2.4072205104510296
            ]
        ],
        [
            [
                15.884636878967285,
                -13.2109375,
                2.054706557101948,
                4.047923081004509,
                10.107333732092858,
                0.39859261091481124
            ]
        ],
        [
            [
                -21.835832595825195,
                14.05501937866211,
                5.746953090274345,
                2.199262027003166,
                14.027781771158827,
                2.9931204971667658
            ]
        ],
        [
            [
                20.300642013549805,
                -2.983996868133545,
                5.901185292436926,
                7.600123324122432,
                16.230225936527905,
                0.05883537240413217
            ]
        ],
        [
            [
                16.661142349243164,
                15.030475616455078,
                2.9572862927249814,
                4.8551484609368085,
                8.2084509676148,
                0.47908019135827495
            ]
        ],
        [
            [
                19.56132411956787,
                -11.334294080734253,
                2.2711471108412855,
                2.95571410860064,
                7.687469741989428,
                2.098602571368599
            ]
        ],
        [
            [
                12.93372854590416,
                -7.109524726867676,
                3.6479992657562232,
                3.3863933982196617,
                4.952829671966118,
                0.7078146876569325
            ]
        ],
        [
            [
                -7.32958459854126,
                20.792720794677734,
                3.0468892634839317,
                2.346857761118642,
                10.578757819730289,
                1.3172147297936974
            ]
        ],
        [
            [
                22.700188636779785,
                19.186038494110107,
                3.3855889849710876,
                2.7361590054431035,
                18.175568917903806,
                1.481692058411282
            ]
        ],
        [
            [
                -20.838363885879517,
                -18.621817976236343,
                2.036317408282833,
                2.383422720745286,
                18.241711772556965,
                0.5413774688705599
            ]
        ],
        [
            [
                -8.100594758987427,
                -22.100741863250732,
                3.3325067583690933,
                2.0329247197364504,
                7.5154749342274885,
                1.8048494629915313
            ]
        ],
        [
            [
                -16.31917905807495,
                -4.631201267242432,
                4.282139780528503,
                3.9982938088468667,
                7.303918866678572,
                2.5506213889519636
            ]
        ],
        [
            [
                10.066588401794434,
                -19.977272748947144,
                2.0168606466392034,
                3.265710815651798,
                16.80345662583422,
                0.28656383702452204
            ]
        ],
        [
            [
                15.020106792449951,
                -21.931015014648438,
                3.1823988363815925,
                4.512649197992175,
                9.517543445252196,
                1.5299861897644356
            ]
        ],
        [
            [
                -18.17072570323944,
                10.31180715560913,
                3.614664633526159,
                2.5927877512519295,
                17.605445241335538,
                2.5869257298523243
            ]
        ],
        [
            [
                -5.658740401268005,
                7.901607513427734,
                2.5339940493916946,
                8.242972927545512,
                11.029857494921487,
                0.5089523009077397
            ]
        ],
        [
            [
                -8.557379484176636,
                2.176767349243164,
                2.991855139369053,
                3.337476472555563,
                8.554600647098917,
                3.0587898717461166
            ]
        ],
        [
            [
                -21.028608798980713,
                21.052077531814575,
                5.904329479633665,
                3.940058590144244,
                13.18968337789213,
                1.8713351701352536
            ]
        ],
        [
            [
                21.36269235610962,
                4.304649233818054,
                3.5498872974977798,
                6.07625770246897,
                2.8899646327723607,
                1.4534132061962883
            ]
        ],
        [
            [
                21.97048258781433,
                10.01759147644043,
                3.5577917889592268,
                3.805724314362381,
                9.583647962565063,
                1.7347310963502103
            ]
        ],
        [
            [
                20.72100329399109,
                22.833016872406006,
                4.442208359564065,
                3.680851707017001,
                17.09021873780925,
                0.1445892258064776
            ]
        ],
        [
            [
                -22.034680500626564,
                -23.206021547317505,
                2.6420245744565745,
                3.2388402065289887,
                19.88946106045409,
                1.263410010591455
            ]
        ],
        [
            [
