{
    "world_name": "subworld-65",
    "width": 50,
    "build_up": 0.40055784,
    "height": 20.0,
    "objects": [
        [
            [
                -11.766084671020508,
                10.6234712600708,
                7.993273222164902,
                7.636927238300877,
                20.0,
                2.571273296243472
            ]
        ],
        [
            [
                17.675443649291992,
                -6.809731960296631,
                13.641037176096795,
                7.370606336921408,
                20.0,
                1.6874927209084363
            ]
        ],
        [
            [
                -12.661320686340332,
                -4.308234691619873,
                9.883854454788803,
                4.803437397754315,
                20.0,
                1.853498159394842
            ]
        ],
        [
            [
                3.7589492797851562,
                -5.18001127243042,
                6.204535630639319,
                10.327930576767066,
                20.0,
                1.1754030160845228
            ]
        ],
        [
            [
                -21.55986785888672,
                -20.36170768737793,
                5.277037355815176,
                2.1689635345058758,
                20.0,
                2.186441448282675
            ]
        ],
        [
            [
                -19.229705810546875,
                17.664173126220703,
                4.600033425526414,
                2.793011018873205,
                20.0,
                0.290814051244803
            ]
        ],
        [
            [
                8.338961601257324,
                12.565577507019043,
                13.448208629700106,
                9.191866803854756,
                20.0,
                2.180697959538247
            ]
        ],
        [
            [
                -6.096818447113037,
                19.99827766418457,
                2.739173523443741,
                6.6846583377456845,
                20.0,
                1.4496013023928787
            ]
        ],
        [
            [
                13.77724552154541,
                -19.520246505737305,
                13.730274865744212,
                5.099427556169453,
                20.0,
                2.9053327646488967
            ]
        ],
        [
            [
                -3.987008810043335,
                -17.198314666748047,
                17.018580873748512,
                3.3882994258206,
                20.0,
                2.9479456847245284
            ]
        ],
        [
            [
                17.330392837524414,
                5.001409530639648,
                3.1788937423513444,
                2.0211555640148413,
                20.0,
                0.529148371879776
            ]
        ],
        [
            [
                5.068367004394531,
                2.3242204189300537,
                13.006803231668318,
                2.809020013797823,
                20.0,
                2.9134118858381557
            ]
        ],
        [
            [
                -22.03125,
                -7.733006477355957,
                3.319829429300344,
                3.225274141255616,
                20.0,
                1.563846340046617
            ]
        ],
        [
            [
                17.619081497192383,
                16.0460147857666,
                4.779790857223602,
                3.5416510034990316,
                20.0,
                1.5400045868833365
            ]
        ],
        [
            [
                -2.800449848175049,
                9.8091402053833,
                2.4903530946973316,
                6.260445925373148,
                20.0,
                2.7514296147868587
            ]
        ],
        [
            [
                -10.755589723587036,
                -22.08718204498291,
                2.229061613188009,
                2.148856963876775,
                20.0,
                3.089159808252529
            ]
        ],
        [
            [
                -17.60797882080078,
                -14.89430046081543,
                5.992613132903046,
                2.67472121785305,
                20.0,
                1.125458946546154
            ]
        ],
        [
            [
                -21.469786643981934,
                4.462709426879883,
                2.2431620289622947,
                2.1369511524368336,
                20.0,
                2.9229187445828257
            ]
        ],
        [
            [
                -17.187682271003723,
                -21.826048135757446,
                3.1851754471799127,
                3.0289119251193792,
                20.0,
                1.331775836226148
            ]
        ],
        [
            [
                -4.975020170211792,
                -7.558919548988342,
                2.200222773902556,
                6.363037159641028,
                20.0,
                0.8827659997715588
            ]
        ],
        [
            [
                -4.798251509666443,
                3.922792673110962,
                2.1761296588514747,
                2.836279272782609,
                20.0,
                2.9310017387022107
            ]
        ],
        [
            [
                -6.240140619687736,
                16.894914269447327,
                2.241601122049414,
                3.679032678756354,
                20.0,
                1.4714863332532877
            ]
        ],
        [
            [
                2.653249979019165,
                7.006188869476318,
                3.0212294725985385,
                4.1598542933196825,
                20.0,
                0.3664964611174011
            ]
        ],
        [
            [
                21.88110852241516,
                8.962300777435303,
                3.1042431830635677,
                2.710649643727799,
                20.0,
                1.234410230813753
            ]
        ],
        [
            [
                3.4372100830078125,
                22.508461713790894,
                3.011269140319415,
                4.325766293983274,
                20.0,
                0.1551169640034351
            ]
        ],
        [
            [
                18.52285672724247,
                23.198463916778564,
                7.812071448793692,
                2.3401909894725774,
                20.0,
                3.0002877871213496
            ]
        ],
        [
            [
                -21.31913024187088,
                -14.98628968000412,
                3.223635894823742,
                2.39983198460053,
                20.0,
                0.4908741912634855
            ]
        ],
        [
            [
                -16.47630500793457,
                -9.84808275103569,
                3.201064402365887,
                2.432233992908247,
                20.0,
                0.3164979788171476
            ]
        ],
        [
            [
                -20.54481279850006,
                -3.2630866318941116,
                2.3996730459553572,
                3.1099177435285625,
                20.0,
                1.7784219896115654
            ]
        ],
        [
            [
                -4.171003818511963,
                -1.7647440433502197,
                2.068307342742505,
                2.6639320918198672,
                20.0,
                0.42997503343050614
            ]
        ],
        [
            [
                9.319871492683887,
                -23.14103591442108,
                4.37878026675254,
                2.1941647535396718,
                20.0,
                2.9253731029437864
            ]
        ],
        [
            [
                21.830160073935986,
                -16.04889404773712,
                2.9496368110339164,
                5.067827051210122,
                20.0,
