{
    "world_name": "subworld-349",
    "width": 50,
    "build_up": 0.33373684,
    "height": -1.0,
    "objects": [
        [
            [
                0.14300644397735596,
                -0.6303461194038391,
                3.438338380518945,
                8.521232985876438,
                11.720872771144204,
                2.5604242341071206
            ]
        ],
        [
            [
                14.75758171081543,
                -11.563291549682617,
                7.105097160564099,
                13.662800951314066,
                13.638321836835374,
                2.781546031922579
            ]
        ],
        [
            [
                13.318889617919922,
                8.564998626708984,
                12.638504236317317,
                4.099660723534902,
                10.965171278289027,
                0.7298993364852923
            ]
        ],
        [
            [
                -0.9158084392547607,
                19.41683578491211,
                11.20994871941929,
                5.386079698838069,
                17.634555090309203,
                2.912692459460608
            ]
        ],
        [
            [
                -7.12216329574585,
                2.2118523120880127,
                6.899211219033649,
                2.0265330662820844,
                12.395644422077849,
                3.09143242204318
            ]
        ],
        [
            [
                -8.427248001098633,
                -14.768585205078125,
                7.1111505302739015,
                5.165844294669343,
                18.78017030902597,
                1.7015947907047269
            ]
        ],
        [
            [
                11.42396068572998,
                17.889192581176758,
                3.9456463942129036,
                6.223889313363264,
                4.534096498891674,
                1.6606734888116927
            ]
        ],
        [
            [
                3.564927339553833,
                -7.199213981628418,
                2.3413931875905556,
                2.114773404771593,
                13.074802945917332,
                2.8266720518679564
            ]
        ],
        [
            [
                -15.073925971984863,
                19.01680564880371,
                4.278983762596362,
                5.015940021806978,
                4.628848893561312,
                1.4100304460888282
            ]
        ],
        [
            [
                -18.63678550720215,
                -9.835301399230957,
                4.147008598619351,
                2.040998208916635,
                4.278674291790163,
                0.207465332740421
            ]
        ],
        [
            [
                -7.849630832672119,
                9.456640243530273,
                4.016927532778508,
                4.551071141716765,
                3.273642010001949,
                2.9932256082863082
            ]
        ],
        [
            [
                -16.710430145263672,
                1.6842833757400513,
                3.864384422403565,
                5.967877676319539,
                10.87925792941747,
                1.2758095745388607
            ]
        ],
        [
            [
                4.39467716217041,
                12.099957466125488,
                2.086111517137322,
                4.360511046561712,
                16.45652891417395,
                1.627653289186283
            ]
        ],
        [
            [
                -15.439417839050293,
                -17.360788345336914,
                4.505727882371442,
                2.479046316980801,
                8.307310021883076,
                1.539316780895847
            ]
        ],
        [
            [
                0.9899458885192871,
                -18.753990173339844,
                3.4555594126457763,
                2.9562489033731563,
                3.154757628695812,
                1.1167196683376128
            ]
        ],
        [
            [
                -16.546327590942383,
                10.389558792114258,
                4.091011337114662,
                5.470847334361151,
                19.175246249576055,
                2.9655641591174877
            ]
        ],
        [
            [
                -5.043152809143066,
                -6.597233772277832,
                2.857731292417021,
                8.000076666660632,
                8.541172621937898,
                1.1959884977255202
            ]
        ],
        [
            [
                -22.05332374572754,
                -18.772754669189453,
                3.4627566231356726,
                3.204819778567221,
                14.529916714121391,
                1.4971901577648272
            ]
        ],
        [
            [
                8.26667833328247,
                -21.609304428100586,
                2.7214862789235577,
                2.6449213950554054,
                2.9437678275493564,
                2.6622492569659353
            ]
        ],
        [
            [
                -22.275134086608887,
                5.222895622253418,
                8.955171244671176,
                2.1666372714515574,
                17.248976756648812,
                1.494372828659574
            ]
        ],
        [
            [
                20.748867988586426,
                5.673803329467773,
                3.894034522440528,
                3.200567342936946,
                9.015444343199007,
                0.039257093679662125
            ]
        ],
        [
            [
                21.188213348388672,
                19.64314556121826,
                7.119985095622299,
                2.432044772242118,
                6.371943025148228,
                1.2530040731214842
            ]
        ],
        [
            [
                -20.84257984161377,
                -4.36025595664978,
                4.073758283662649,
                4.621798423150588,
                8.624413947616933,
                1.326369339604055
            ]
        ],
        [
            [
                -10.264465808868408,
                -4.020982503890991,
                2.0671980360129694,
                2.4129752510812605,
                10.606369484372252,
                3.0508760626525815
            ]
        ],
        [
            [
                21.560767889022827,
                -21.129460334777832,
                6.091051599293645,
                3.8668679166244746,
                13.207467684383479,
                1.3695199036507317
            ]
        ],
        [
            [
                20.30595850944519,
                -15.762117385864258,
                2.7450861954516053,
                2.529099173162903,
                5.639445000487208,
                1.1571479484186669
            ]
        ],
        [
            [
                7.748078942298889,
                -3.909032106399536,
                7.047173213760609,
                3.0881741988672284,
                2.8174653956471887,
                2.933035515398097
            ]
        ],
        [
            [
                -21.81071901321411,
                21.358548879623413,
                3.9528358164952175,
                2.072392790785978,
                11.703651704086422,
                1.2898868075597856
            ]
        ],
        [
            [
                -22.185369968414307,
                16.19452714920044,
                2.015261504468398,
                2.262510002549769,
                2.5089268732920322,
                1.4022451374981826
            ]
        ],
        [
            [
                4.087764739990234,
                8.273937940597534,
                3.329231456365803,
                2.4507147857263076,
                16.391877099699254,
                0.33871298814398476
            ]
        ],
        [
            [
