{
    "world_name": "subworld-182",
    "width": 50,
    "build_up": 0.38169096,
    "height": 20.0,
    "objects": [
        [
            [
                0.013429601676762104,
                16.598663330078125,
                4.748466984439315,
                6.2414727687296665,
                20.0,
                2.0435046741542258
            ]
        ],
        [
            [
                10.400264739990234,
                12.680514335632324,
                19.451034287735354,
                7.02288173974308,
                20.0,
                1.1219320181959356
            ]
        ],
        [
            [
                2.8327531814575195,
                -3.919219732284546,
                9.047002668700886,
                5.201963060200255,
                20.0,
                2.773172404065025
            ]
        ],
        [
            [
                -13.82126235961914,
                11.384799003601074,
                6.890196301742412,
                19.759388238855205,
                20.0,
                0.09309755524712982
            ]
        ],
        [
            [
                17.0288028717041,
                -8.238398551940918,
                8.325699850089348,
                6.431403509390926,
                20.0,
                2.7062746035557037
            ]
        ],
        [
            [
                -18.7103271484375,
                -18.4405517578125,
                7.582168667066179,
                7.752848289596228,
                20.0,
                1.5509962205464294
            ]
        ],
        [
            [
                -10.06658935546875,
                -10.481618881225586,
                3.8493763208228944,
                9.147704925678148,
                20.0,
                2.8991257510063546
            ]
        ],
        [
            [
                7.296872138977051,
                -19.309295654296875,
                3.5857670198031775,
                2.455953659390528,
                20.0,
                0.3860183003886535
            ]
        ],
        [
            [
                17.896709442138672,
                2.127866506576538,
                6.464740729067985,
                2.5009872150511194,
                20.0,
                2.2615636106441364
            ]
        ],
        [
            [
                -21.124507904052734,
                2.7487845420837402,
                9.227498269391175,
                4.092672366395502,
                20.0,
                1.6949464110867956
            ]
        ],
        [
            [
                -0.9612493515014648,
                -13.357027053833008,
                2.5111464169338795,
                6.523792969905953,
                20.0,
                1.694880163020612
            ]
        ],
        [
            [
                19.11777114868164,
                10.447426795959473,
                3.91720572939329,
                5.3304363998987645,
                20.0,
                2.05537946216673
            ]
        ],
        [
            [
                -18.958133697509766,
                -9.455076217651367,
                6.110507097382309,
                2.7955161559908985,
                20.0,
                0.4843188415338322
            ]
        ],
        [
            [
                -5.5352349281311035,
                -20.112693786621094,
                5.04922934230037,
                3.549964006211031,
                20.0,
                0.0901706974452261
            ]
        ],
        [
            [
                19.59211492538452,
                -21.988757133483887,
                4.021494937104473,
                7.660703416116534,
                20.0,
                1.8162506484549026
            ]
        ],
        [
            [
                13.901914715766907,
                -15.870591640472412,
                3.0689204006328614,
                3.071997792437977,
                20.0,
                0.06430524667527604
            ]
        ],
        [
            [
                6.558692455291748,
                22.210209846496582,
                4.0166184469646575,
                4.871750408188277,
                20.0,
                0.018974892152154643
            ]
        ],
        [
            [
                -5.4138041734695435,
                9.190450191497803,
                2.5470080093562504,
                2.5852457636933783,
                20.0,
                3.132732426283037
            ]
        ],
        [
            [
                -1.7208209037780762,
                6.269617412239313,
                8.489696521542559,
                2.0887994327789494,
                20.0,
                1.5290344553677557
            ]
        ],
        [
            [
                -21.216097831726074,
                15.266945600509644,
                3.694624679777875,
                3.0024002958332954,
                20.0,
                2.0496825848990676
            ]
        ],
        [
            [
                -4.03523850440979,
                23.416366577148438,
                2.334228939493535,
                2.0210728298280403,
                20.0,
                2.392051969016855
            ]
        ],
        [
            [
                -7.005996525287628,
                20.550593495368958,
                4.016875314922968,
                3.980233426513929,
                20.0,
                1.8869370379789756
            ]
        ],
        [
            [
                21.972491025924683,
                15.925449848175049,
                2.5907872989777125,
                3.722798500423365,
                20.0,
                2.5029420223917964
            ]
        ],
        [
            [
                -13.874947667121887,
                -4.670278787612915,
                2.1548417917814815,
                2.8683692889471075,
                20.0,
                0.13807001384114503
            ]
        ],
        [
            [
                -14.526909828186035,
                -2.104975461959839,
                2.189771890998296,
                2.6802697429180506,
                20.0,
                1.7575745251368524
            ]
        ],
        [
            [
                -3.169326890259981,
                -7.810341000556946,
                5.0681021367925805,
                2.004537452271539,
                20.0,
                3.038793704978499
            ]
        ],
        [
            [
                -9.185831144452095,
                -3.0429322347044945,
                2.4811158229334715,
                4.067058623772553,
                20.0,
                1.2998981695153078
            ]
        ],
        [
            [
                3.6505680084228516,
                -23.42940092086792,
                2.3652814205633765,
                2.056281741803748,
                20.0,
                0.48076352351466456
            ]
        ],
        [
            [
                2.639002799987793,
                -20.921074390411377,
                2.957342478592028,
                2.6348119084576442,
                20.0,
                0.6629279875307992
            ]
        ],
        [
            [
                21.170536756515503,
                -17.42207098007202,
                2.1145123927532747,
                4.2161745602222105,
                20.0,
                1.4733185611730613
            ]
        ],
        [
            [
                9.10089048743248,
                -9.164582073688507,
                2.0632968791936364,
                4.397940256783888,
                20.0,
                3.0282897670853135
            ]
        ],
        [
            [
                10.959994792938232,
                -4.260721206665039,
                2.2495585793606354,
                2.055308535149792,
