{
    "world_name": "subworld-81",
    "width": 50,
    "build_up": 0.40617004,
    "height": 1.5,
    "objects": [
        [
            [
                11.033348083496094,
                10.835579872131348,
                16.227579765771825,
                9.19643189421793,
                1.5,
                1.213446833546564
            ]
        ],
        [
            [
                -3.7727248668670654,
                0.49326664209365845,
                5.474159134770055,
                14.603359064969414,
                1.5,
                1.268862898914719
            ]
        ],
        [
            [
                11.345602989196777,
                -15.058093070983887,
                12.417204159445019,
                3.390471909677025,
                1.5,
                0.5172414508800123
            ]
        ],
        [
            [
                -12.546563148498535,
                17.649242401123047,
                16.6359296799843,
                5.420124873209949,
                1.5,
                2.549066489290507
            ]
        ],
        [
            [
                -16.393310546875,
                6.639385223388672,
                13.436839770466959,
                6.435942739493104,
                1.5,
                1.073097004536582
            ]
        ],
        [
            [
                -7.269916534423828,
                -19.03792381286621,
                2.489071589328963,
                12.070165299569052,
                1.5,
                1.0858258480561842
            ]
        ],
        [
            [
                8.06107234954834,
                -8.407282829284668,
                2.3216508907699427,
                7.858804622779462,
                1.5,
                0.7506357586983189
            ]
        ],
        [
            [
                -20.656993865966797,
                -13.492818832397461,
                2.5351767142204507,
                12.177123189480573,
                1.5,
                0.1989720760440028
            ]
        ],
        [
            [
                -0.8671823143959045,
                -11.021358489990234,
                10.909627146144546,
                4.767548920247326,
                1.5,
                1.0389310144157582
            ]
        ],
        [
            [
                -12.284817695617676,
                -3.009810209274292,
                2.4269590193393924,
                2.341153238618512,
                1.5,
                1.2090414935338225
            ]
        ],
        [
            [
                19.34518051147461,
                8.507061004638672,
                11.227701276734692,
                3.7878233719046674,
                1.5,
                1.133008705815017
            ]
        ],
        [
            [
                3.0489609241485596,
                -21.9149169921875,
                5.49492844820992,
                2.733119364286481,
                1.5,
                2.060498010762434
            ]
        ],
        [
            [
                -10.903714776039124,
                -9.92439866065979,
                2.5376045553981017,
                7.251094506867835,
                1.5,
                1.2658416656647362
            ]
        ],
        [
            [
                -5.273013114929199,
                -5.869562149047852,
                2.280062650555066,
                7.3595964356830965,
                1.5,
                0.6049020906043612
            ]
        ],
        [
            [
                20.10049533843994,
                -6.237852096557617,
                3.899832095221916,
                4.678233516789601,
                1.5,
                3.0393371775278775
            ]
        ],
        [
            [
                10.221508502960205,
                -4.278717041015625,
                2.6292236515563787,
                2.730764280548371,
                1.5,
                0.7470831953487123
            ]
        ],
        [
            [
                6.108678340911865,
                -2.351785659790039,
                3.0636878749554617,
                3.961523613184568,
                1.5,
                1.743249775183787
            ]
        ],
        [
            [
                18.654008388519287,
                -20.289549350738525,
                5.696025423418263,
                2.0656181431268728,
                1.5,
                2.9206378910879547
            ]
        ],
        [
            [
                -5.250791549682617,
                19.22635507583618,
                3.9879050018427433,
                3.566620861987369,
                1.5,
                1.5023063444288423
            ]
        ],
        [
            [
                -20.507198572158813,
                -3.178673028945923,
                2.8648790078635242,
                4.659764498118287,
                1.5,
                2.690277672811497
            ]
        ],
        [
            [
                2.027733325958252,
                -16.8744136095047,
                3.0806794785478755,
                2.271362811912574,
                1.5,
                2.1629331242791148
            ]
        ],
        [
            [
                10.094868659973145,
                -22.559226274490356,
                3.2678083667045876,
                3.7039084708142074,
                1.5,
                2.603580091957687
            ]
        ],
        [
            [
                20.497751474380493,
                -15.054221868515015,
                2.8427629379344475,
                4.17915418272875,
                1.5,
                2.1437034110193327
            ]
        ],
        [
            [
                -3.1656148433685303,
                8.672884702682495,
                3.1893385214330943,
                2.0646645769628957,
                1.5,
                2.9261397943539116
            ]
        ],
        [
            [
                -22.521475076675415,
                18.482314109802246,
                3.601839786648106,
                2.3135983493483523,
                1.5,
                2.2186373340410848
            ]
        ],
        [
            [
                -22.2950119972229,
                14.58335018157959,
                3.1837429345837225,
                2.163088313886997,
                1.5,
                1.7743936211968914
            ]
        ],
        [
            [
                22.39852261543274,
                5.331952810287476,
                2.168287072603739,
                3.7884214880702896,
                1.5,
                2.9250881591808575
            ]
        ],
        [
            [
                3.2711846828460693,
                15.83256196975708,
                2.907573667181063,
                2.3343760365003114,
                1.5,
                3.090601824109426
            ]
        ],
        [
            [
                20.12211298942566,
                19.74850070476532,
                2.1424594603171183,
                9.962468665614836,
                1.5,
                0.9375083019418263
            ]
        ],
        [
            [
                -22.035360544919968,
                -22.43281400203705,
                2.3480256049477726,
                2.7438194218702243,
                1.5,
                0.9686337665234341
            ]
        ],
        [
            [
                -16.165645718574524,
                -21.723291218280792,
                2.6935120430331922,
                4.075208557908017,
                1.5,
                1.7105264431224894
            ]
        ],
        [
            [
                -9.243732392787933,
                -22.31614512205124,
                2.01998651659626,
                4.135311381904445,
                1.5,
