{
    "world_name": "subworld-389",
    "width": 50,
    "build_up": 0.37608568,
    "height": -1.0,
    "objects": [
        [
            [
                -6.185690879821777,
                9.049288749694824,
                9.015882862058955,
                14.561515301394522,
                11.724341046689094,
                3.0843425415106767
            ]
        ],
        [
            [
                11.168730735778809,
                -14.759857177734375,
                2.28813810498795,
                3.952681247720222,
                16.340539089388685,
                0.6608617277477163
            ]
        ],
        [
            [
                10.801239967346191,
                -0.7024286985397339,
                12.06859327780094,
                5.40583733598794,
                17.695292218491602,
                2.441898463173498
            ]
        ],
        [
            [
                -16.075197219848633,
                -1.922447919845581,
                2.5155406559160713,
                15.618446456486701,
                17.672434966285433,
                0.8080334238691813
            ]
        ],
        [
            [
                -15.587259292602539,
                -10.573945045471191,
                8.271374362583902,
                3.2410637398539457,
                7.149729007288613,
                2.549588886092941
            ]
        ],
        [
            [
                17.229692459106445,
                12.023336410522461,
                19.31436562476587,
                3.4849085481017763,
                11.973547756310975,
                1.5160801282890248
            ]
        ],
        [
            [
                4.86167573928833,
                -7.855055809020996,
                10.648891600608728,
                3.487019220883896,
                12.932243252847263,
                1.6664911538046412
            ]
        ],
        [
            [
                -2.988379716873169,
                -13.676820755004883,
                2.1077740609231626,
                9.084687554074897,
                3.5916609982671224,
                2.8174902722684605
            ]
        ],
        [
            [
                7.425863265991211,
                12.347942352294922,
                10.255922628397158,
                4.542690018688647,
                18.91420340388686,
                0.2832615163379424
            ]
        ],
        [
            [
                -17.523223876953125,
                8.697672843933105,
                2.121859445563504,
                9.55295536884153,
                7.5068156201033736,
                1.5542055335084686
            ]
        ],
        [
            [
                18.004642486572266,
                -9.331707000732422,
                3.0241175520193324,
                5.76665430361278,
                4.988759666536779,
                2.311896227210545
            ]
        ],
        [
            [
                7.904660224914551,
                20.354406356811523,
                2.5445427911248375,
                5.293720526226266,
                14.637360906039111,
                2.2663429259807617
            ]
        ],
        [
            [
                5.921960353851318,
                -21.054689407348633,
                2.665095058945667,
                2.1571879845235307,
                9.174467332531327,
                0.665952896878532
            ]
        ],
        [
            [
                -5.0433173179626465,
                -3.559248685836792,
                2.6571250435080556,
                3.9130857540167643,
                14.674662960128394,
                0.20092035104161576
            ]
        ],
        [
            [
                -15.536063194274902,
                -18.625635147094727,
                3.7864481443872173,
                8.512359138752785,
                8.094009021725697,
                0.9547622303947008
            ]
        ],
        [
            [
                1.4040318727493286,
                -13.934633255004883,
                5.653344836763712,
                2.1196941058380325,
                19.02253513543397,
                1.506438969544177
            ]
        ],
        [
            [
                -18.216089248657227,
                17.944469451904297,
                4.263143713974846,
                2.2306327006510047,
                16.650902071828618,
                0.42805443808754595
            ]
        ],
        [
            [
                19.27475643157959,
                -18.53710174560547,
                2.3729985175953328,
                3.605931945597624,
                10.99736306696743,
                0.4318217207892183
            ]
        ],
        [
            [
                -5.340132713317871,
                21.92721462249756,
                2.763803620489714,
                2.237324446291455,
                9.310269495918575,
                0.9694120082560727
            ]
        ],
        [
            [
                -20.035916805267334,
                22.040513038635254,
                6.801802676689549,
                2.537466323154408,
                14.92682792289936,
                0.2706566558936838
            ]
        ],
        [
            [
                21.62386703491211,
                4.888772487640381,
                2.1374225661281407,
                5.491289753674272,
                18.691902848669024,
                2.0448292741039062
            ]
        ],
        [
            [
                -7.297457695007324,
                -20.849727392196655,
                2.3074162256972013,
                4.487850914826127,
                12.33797820928364,
                0.8331753204277329
            ]
        ],
        [
            [
                -22.538386821746826,
                -6.916088104248047,
                2.996618329955371,
                3.1078953891518406,
                17.544378093337507,
                0.8673463373869063
            ]
        ],
        [
            [
                5.281868815422058,
                -16.493190050125122,
                4.334777339136101,
                2.326446051394639,
                14.223042596716557,
                3.0722480326264554
            ]
        ],
        [
            [
                23.160489082336426,
                -17.089847683906555,
                2.8907915164590325,
                8.633046893783044,
                2.323308525645623,
                0.07259715491349295
            ]
        ],
        [
            [
                -15.100110292434692,
                4.501795053482056,
                2.3406530158803576,
                4.100058968583918,
                18.64101997741918,
                0.4104751075975328
            ]
        ],
        [
            [
                22.340638399124146,
                18.715784959495068,
                2.551004601292378,
                3.798187519934993,
                10.477322118486198,
                1.9832159350487233
            ]
        ],
        [
            [
                -20.817542791366577,
                -22.213148087263107,
                2.8679369534769097,
                2.6270874887573927,
                19.480965299111112,
                0.30252680083000194
            ]
        ],
        [
            [
                -21.126945912837982,
                -14.688312590122223,
                3.2577043097782354,
                2.2818099712346287,
                2.5124455038191265,
                0.9710782056538577
            ]
        ],
        [
            [
                -1.8417435884475708,
                -22.72687405347824,
                3.3372613410005587,
                3.478470173786664,
                4.889058171723669,
                0.03505586629592505
            ]
        ],
