{
    "world_name": "subworld-407",
    "width": 50,
    "build_up": 0.31546952,
    "height": 20.0,
    "objects": [
        [
            [
                -7.615176200866699,
                -3.8417844772338867,
                5.345387435298479,
                11.502213583513093,
                20.0,
                2.5647199198368607
            ]
        ],
        [
            [
                -3.339404821395874,
                -18.337228775024414,
                2.9147563544055513,
                7.111318032116752,
                20.0,
                1.6249958932280213
            ]
        ],
        [
            [
                -17.41667366027832,
                13.608437538146973,
                3.8988255720243155,
                15.169792035866637,
                20.0,
                2.780255890753341
            ]
        ],
        [
            [
                10.61201286315918,
                12.866875648498535,
                9.676102796747362,
                3.355078215074725,
                20.0,
                2.121673774680854
            ]
        ],
        [
            [
                14.576300621032715,
                -8.052529335021973,
                3.380663277922012,
                2.6183788205123166,
                20.0,
                0.20122308228012398
            ]
        ],
        [
            [
                15.401633262634277,
                -18.571500778198242,
                7.490908909055812,
                5.565557120483111,
                20.0,
                2.829637638138532
            ]
        ],
        [
            [
                3.7046542167663574,
                4.1421074867248535,
                5.392455219556489,
                8.113142664257367,
                20.0,
                2.6437562431586485
            ]
        ],
        [
            [
                6.4328999519348145,
                -16.78059196472168,
                2.1045380007670325,
                2.0771281419112606,
                20.0,
                1.6773387690253072
            ]
        ],
        [
            [
                -4.036767482757568,
                18.27295684814453,
                8.947473369110337,
                3.4754286078961893,
                20.0,
                2.464959378588955
            ]
        ],
        [
            [
                -5.074438571929932,
                8.62413215637207,
                8.997363800120894,
                7.643773692581622,
                20.0,
                3.118311384136705
            ]
        ],
        [
            [
                -20.48163414001465,
                -3.4092118740081787,
                3.060257162940608,
                11.21450751861797,
                20.0,
                0.04180610039751809
            ]
        ],
        [
            [
                13.906784057617188,
                0.7973929047584534,
                7.8587190149037935,
                2.4312989634844064,
                20.0,
                0.752000413499269
            ]
        ],
        [
            [
                20.123245239257812,
                13.874451637268066,
                3.021247296755961,
                2.5734816600223818,
                20.0,
                1.3078895980986163
            ]
        ],
        [
            [
                -14.067724227905273,
                -20.171499252319336,
                2.7902156757105843,
                5.248878766570199,
                20.0,
                1.5616537920561226
            ]
        ],
        [
            [
                8.303123474121094,
                -10.460536003112793,
                3.725494110063453,
                2.0397365523457163,
                20.0,
                2.865808975060836
            ]
        ],
        [
            [
                0.09617184847593307,
                -6.9972825050354,
                3.9118330817658116,
                4.580566928738926,
                20.0,
                2.702418772116258
            ]
        ],
        [
            [
                21.829811096191406,
                2.554560661315918,
                4.341612836300172,
                3.013601824609715,
                20.0,
                1.381737430782982
            ]
        ],
        [
            [
                14.371282577514648,
                19.831830978393555,
                4.236545264101807,
                2.5932386777449343,
                20.0,
                1.6586743373888075
            ]
        ],
        [
            [
                -13.344974517822266,
                0.46750450134277344,
                3.309373006838565,
                2.594977022928494,
                20.0,
                1.2036259542753838
            ]
        ],
        [
            [
                -18.40595579147339,
                -14.145111322402954,
                2.0738728667893884,
                3.7182314130912135,
                20.0,
                1.9595100788738153
            ]
        ],
        [
            [
                -20.827494621276855,
                -21.75412082672119,
                2.780363735418523,
                2.261312248623315,
                20.0,
                0.20067158294514398
            ]
        ],
        [
            [
                -4.914888858795166,
                -11.460511445999146,
                2.569518145356623,
                2.8652292841829574,
                20.0,
                2.3975593994687108
            ]
        ],
        [
            [
                -13.752690553665161,
                7.042226791381836,
                3.321245619469802,
                2.1824479537965416,
                20.0,
                0.11719815773719322
            ]
        ],
        [
            [
                5.675727367401123,
                21.317991256713867,
                2.3596464203397876,
                4.183137454891318,
                20.0,
                1.8034343986288928
            ]
        ],
        [
            [
                3.7899582386016846,
                -21.295403957366943,
                2.431799927990842,
                3.532126796403579,
                20.0,
                0.7013888177087079
            ]
        ],
        [
            [
                21.074820041656494,
                -5.691361963748932,
                10.343520408992653,
                3.581547075146551,
                20.0,
                1.3919979761597585
            ]
        ],
        [
            [
                -16.540364980697632,
                3.3153738975524902,
                2.2040786692091947,
                2.205079553005977,
                20.0,
                2.691040715653449
            ]
        ],
        [
            [
                -21.65310525894165,
                20.769264936447144,
                3.8009539471240075,
                2.072521770658291,
                20.0,
                1.2978457354553643
            ]
        ],
        [
            [
                19.08765423297882,
                7.583151459693909,
                2.246070800344989,
                2.0146209340892782,
                20.0,
                1.7382110717703152
            ]
        ],
        [
            [
                19.291455626487732,
                20.197737216949463,
                2.4890767643593894,
                2.9360177085922903,
                20.0,
                0.28332701028935214
            ]
        ],
        [
            [
                -15.023456811904907,
                -17.280550360679626,
                3.857651579012803,
                2.0290157142922953,
                20.0,
                0.1960150811438497
            ]
        ],
        [
            [
                -10.11970740556717,
                -22.789343237876892,
                2.6933260582266323,
