{
    "world_name": "subworld-54",
    "width": 50,
    "build_up": 0.415418,
    "height": 1.5,
    "objects": [
        [
            [
                -7.333445072174072,
                -11.624247550964355,
                17.48177874659323,
                13.138415467195939,
                1.5,
                2.58064132267861
            ]
        ],
        [
            [
                13.71703815460205,
                2.3129193782806396,
                13.170049444263455,
                7.443914363406648,
                1.5,
                1.4355951810233236
            ]
        ],
        [
            [
                8.97789192199707,
                16.04397964477539,
                5.972921919505077,
                14.97684969633466,
                1.5,
                1.8246306828581202
            ]
        ],
        [
            [
                -11.932004928588867,
                5.396150588989258,
                8.996691002673955,
                5.541526275382004,
                1.5,
                3.0508882093903384
            ]
        ],
        [
            [
                -6.401350975036621,
                17.956378936767578,
                5.276831543396633,
                2.6146167574113983,
                1.5,
                2.1792411818652053
            ]
        ],
        [
            [
                -3.246600866317749,
                11.21346378326416,
                2.1275450875949815,
                4.265867395632728,
                1.5,
                1.992821102749978
            ]
        ],
        [
            [
                20.367197036743164,
                -16.87260627746582,
                4.472619421485243,
                12.21153155762616,
                1.5,
                3.0073008544576525
            ]
        ],
        [
            [
                -19.27361297607422,
                18.556245803833008,
                6.691695718011156,
                4.664810727064972,
                1.5,
                2.5997817502320286
            ]
        ],
        [
            [
                -11.52606201171875,
                -22.207456588745117,
                5.028660334457333,
                3.866646352999239,
                1.5,
                0.312885226825504
            ]
        ],
        [
            [
                22.128692626953125,
                11.246681213378906,
                2.2291571249084177,
                17.74005558018966,
                1.5,
                0.05913895400852254
            ]
        ],
        [
            [
                7.969236373901367,
                -12.359954833984375,
                2.267470832388626,
                9.921693976993165,
                1.5,
                2.6693037979104846
            ]
        ],
        [
            [
                -3.5339415073394775,
                1.146425724029541,
                4.1769334816924,
                5.469256703910281,
                1.5,
                2.4394781031122084
            ]
        ],
        [
            [
                -20.707517623901367,
                -4.516504764556885,
                2.8427308071894544,
                10.518917969663491,
                1.5,
                2.948915263032485
            ]
        ],
        [
            [
                -12.445121765136719,
                19.086139678955078,
                2.3132828186823695,
                2.927563414086775,
                1.5,
                2.9218142746520597
            ]
        ],
        [
            [
                3.2221789360046387,
                4.57671594619751,
                4.17823723047214,
                6.982317887304865,
                1.5,
                0.988108119069124
            ]
        ],
        [
            [
                -20.488234519958496,
                -18.64359951019287,
                8.092992335923377,
                3.3266346919697165,
                1.5,
                0.965147761364728
            ]
        ],
        [
            [
                13.106125712394714,
                -14.447852730751038,
                3.3808539589249875,
                2.745883973301494,
                1.5,
                1.360961587305817
            ]
        ],
        [
            [
                3.925724983215332,
                -3.3614416122436523,
                2.1742547001526296,
                2.9294509608160464,
                1.5,
                1.6682648596614105
            ]
        ],
        [
            [
                10.319169998168945,
                -20.526565551757812,
                3.133029691548844,
                6.26169811602416,
                1.5,
                0.24488861709230436
            ]
        ],
        [
            [
                -9.823736667633057,
                12.04313725233078,
                2.4891776236472807,
                5.132562260218205,
                1.5,
                0.28906048938637086
            ]
        ],
        [
            [
                -16.775928020477295,
                -23.110180377960205,
                2.3058155349946596,
                4.033483340473388,
                1.5,
                1.2385212790618856
            ]
        ],
        [
            [
                2.5128748416900635,
                -19.665022432804108,
                2.530149282634232,
                2.9436508710000635,
                1.5,
                0.24763702693038758
            ]
        ],
        [
            [
                20.693939089775085,
                -6.743283003568649,
                3.0264318020888097,
                2.6435615894833013,
                1.5,
                1.5446807566208933
            ]
        ],
        [
            [
                22.01349377632141,
                -2.610755205154419,
                2.1344285069814646,
                4.7984051596607795,
                1.5,
                0.8833800601027876
            ]
        ],
        [
            [
                -20.59544289112091,
                6.092330425977707,
                2.24326234261095,
                5.904983603913813,
                1.5,
                2.897170182646008
            ]
        ],
        [
            [
                2.8110389709472656,
                21.99754309654236,
                3.699474617610182,
                4.30455402436351,
                1.5,
                1.9087291521948715
            ]
        ],
        [
            [
                -22.540596425533295,
                -14.48132061958313,
                2.383400740359888,
                2.66012372046438,
                1.5,
                0.6235622699821607
            ]
        ],
        [
            [
                -16.419741690158844,
                -2.804048627614975,
                3.4746832758886703,
                2.1795717656571174,
                1.5,
                0.29933093735289495
            ]
        ],
        [
            [
                2.1389522552490234,
                -23.436740398406982,
                2.7013085166496102,
                2.1550885184538693,
                1.5,
                1.6079357263477077
            ]
        ],
        [
            [
                14.079730153083801,
                -22.411096334457397,
                2.088420993608028,
                2.502492993757655,
                1.5,
                1.941019746456388
            ]
        ],
        [
            [
                15.120334029197693,
                -9.140023693442345,
                3.2076016251014092,
                4.0918766610355215,
                1.5,
                2.777422870215926
            ]
        ],
        [
            [
                -22.6056067943573,
                1.6583865880966187,
                2.449548146438473,
                2.033251622465534,
                1.5,
