{
    "world_name": "subworld-294",
    "width": 50,
    "build_up": 0.45106284,
    "height": 1.5,
    "objects": [
        [
            [
                4.569621562957764,
                2.4238016605377197,
                7.81179635183148,
                19.690150359485393,
                1.5,
                1.073994661296806
            ]
        ],
        [
            [
                -10.376042366027832,
                15.110074043273926,
                15.438906138948173,
                10.046436927195023,
                1.5,
                2.8281049325820335
            ]
        ],
        [
            [
                -13.344218254089355,
                -6.477894306182861,
                5.732167583787826,
                12.781933425018094,
                1.5,
                2.6922338949943074
            ]
        ],
        [
            [
                8.269161224365234,
                17.521276473999023,
                4.187535051119669,
                12.165730693784363,
                1.5,
                1.069051200756685
            ]
        ],
        [
            [
                -6.197375774383545,
                -19.61771583557129,
                4.95182320577596,
                7.331935694791094,
                1.5,
                1.8339677413583542
            ]
        ],
        [
            [
                6.63758659362793,
                -12.78409481048584,
                7.736700340068182,
                10.017135905740629,
                1.5,
                1.7426734383506723
            ]
        ],
        [
            [
                19.430418014526367,
                6.32143497467041,
                5.9356965339293515,
                2.0352410515288772,
                1.5,
                0.13199790725166283
            ]
        ],
        [
            [
                18.8017578125,
                -15.512297630310059,
                11.901611744516517,
                3.3034692507605796,
                1.5,
                1.7832081501681123
            ]
        ],
        [
            [
                20.978683471679688,
                20.60861587524414,
                2.0847429203614842,
                3.6964487306179334,
                1.5,
                0.3240321907964674
            ]
        ],
        [
            [
                -21.560527801513672,
                -6.417057514190674,
                3.8985772749494148,
                2.1304642543477095,
                1.5,
                1.3072725118840225
            ]
        ],
        [
            [
                -14.878457069396973,
                6.070505142211914,
                4.48882578931112,
                5.184418240211498,
                1.5,
                1.5461394233095243
            ]
        ],
        [
            [
                21.063888549804688,
                13.338150024414062,
                3.138687911329885,
                3.2410056197360113,
                1.5,
                0.10485863443074961
            ]
        ],
        [
            [
                0.8584389686584473,
                -2.6617047786712646,
                5.052515712151739,
                2.918299578621962,
                1.5,
                2.361764883744862
            ]
        ],
        [
            [
                14.553546905517578,
                9.495599746704102,
                2.483495163457354,
                2.245845356757907,
                1.5,
                1.590441028348019
            ]
        ],
        [
            [
                19.355566024780273,
                -0.18156005442142487,
                3.718827637482046,
                5.071657032960613,
                1.5,
                3.0540407112337684
            ]
        ],
        [
            [
                5.048728942871094,
                12.851163864135742,
                6.864854053539468,
                8.742982951094266,
                1.5,
                1.0470172470731351
            ]
        ],
        [
            [
                6.843914031982422,
                -21.310665130615234,
                2.663758147163088,
                12.772398923396556,
                1.5,
                1.6437419341753765
            ]
        ],
        [
            [
                -4.468730926513672,
                -4.075872421264648,
                2.9465539403313272,
                2.7240668343592596,
                1.5,
                2.9665877139612666
            ]
        ],
        [
            [
                -15.000249147415161,
                -18.555245876312256,
                5.878925399446734,
                3.4449558933765507,
                1.5,
                0.2569076335724694
            ]
        ],
        [
            [
                -4.183670997619629,
                -11.887423872947693,
                3.4441786124892864,
                6.239755886596354,
                1.5,
                3.038468334344924
            ]
        ],
        [
            [
                -20.872947692871094,
                7.45753812789917,
                2.82787434773978,
                6.739185338471973,
                1.5,
                2.4023054706605262
            ]
        ],
        [
            [
                -8.650073051452637,
                5.565201044082642,
                2.1337495685234287,
                4.858485918650846,
                1.5,
                3.132952398921745
            ]
        ],
        [
            [
                -21.8910174369812,
                15.493421077728271,
                2.28618628163143,
                3.1414881119044074,
                1.5,
                3.031023555560842
            ]
        ],
        [
            [
                -6.9690216183662415,
                22.615471839904785,
                3.5394721624397323,
                7.043193556549515,
                1.5,
                1.667273961314988
            ]
        ],
        [
            [
                16.133126735687256,
                20.37271821498871,
                5.089809087046873,
                4.524990208089674,
                1.5,
                1.818513456991115
            ]
        ],
        [
            [
                -21.16486006975174,
                -21.807342655956745,
                4.055318808203415,
                2.1496865607598097,
                1.5,
                2.7954738490869655
            ]
        ],
        [
            [
                -20.533044695854187,
                -15.415391087532043,
                2.1491195088912716,
                2.6291956616386907,
                1.5,
                1.3484363840498803
            ]
        ],
        [
            [
                -23.276434779167175,
                -14.917482197284698,
                2.2234861106903088,
                2.982177163868455,
                1.5,
                2.944100523316439
            ]
        ],
        [
            [
                -3.42323037981987,
                -23.384689331054688,
                2.1124022351069147,
                3.1577412498374207,
                1.5,
                1.7919190102945426
            ]
        ],
        [
            [
                -22.200387358665466,
                -10.47306776046753,
                2.982753122841509,
                3.6811192160684114,
                1.5,
                3.125981276463026
            ]
        ],
        [
            [
                -22.00999327003956,
                -2.581992030143738,
                4.877092727928664,
                2.5302761268012666,
                1.5,
                2.8058973166206798
            ]
        ],
        [
            [
                -8.85401839017868,
                -9.632982581853867,
                2.337963517659289,
                2.6558230187207146,
                1.5,
