{
    "world_name": "subworld-481",
    "width": 50,
    "build_up": 0.41332772,
    "height": -1.0,
    "objects": [
        [
            [
                6.062197685241699,
                -10.96163558959961,
                4.485048706286954,
                10.798938907185917,
                14.964510690002957,
                1.6617318001930148
            ]
        ],
        [
            [
                -15.023061752319336,
                -5.970831871032715,
                2.5677079042490374,
                18.28262322777452,
                18.433169995698645,
                2.194064209572533
            ]
        ],
        [
            [
                14.309645652770996,
                5.308628082275391,
                16.524575559544886,
                11.274218151666004,
                18.229644061648848,
                1.943010954809449
            ]
        ],
        [
            [
                -1.953970193862915,
                -15.650162696838379,
                4.997920218899908,
                14.485986837569783,
                8.735453824548818,
                1.2428044197106827
            ]
        ],
        [
            [
                -4.496681213378906,
                6.6361589431762695,
                12.158756913024046,
                4.363915876976378,
                12.292383219167867,
                3.1239950478362193
            ]
        ],
        [
            [
                -6.978172779083252,
                15.854524612426758,
                15.315392702737553,
                2.559651255613131,
                14.36173244848659,
                0.0633377533399948
            ]
        ],
        [
            [
                -17.54681396484375,
                -17.69399642944336,
                9.274865454662743,
                9.23166058702736,
                3.349364685256452,
                0.26193989073766644
            ]
        ],
        [
            [
                2.349341869354248,
                -3.884455442428589,
                8.672325765580544,
                7.0402368112316065,
                3.0898212766395634,
                0.1116498773094754
            ]
        ],
        [
            [
                -21.114551544189453,
                5.0650248527526855,
                2.28255689482162,
                7.537802928433486,
                17.124421011916098,
                0.31901625142578305
            ]
        ],
        [
            [
                17.35491180419922,
                -18.47678565979004,
                4.576875804144298,
                3.121191459341099,
                4.323581857509728,
                0.09834770827529948
            ]
        ],
        [
            [
                16.476795196533203,
                21.458810806274414,
                7.985753717393614,
                2.614544801745758,
                12.804137712770691,
                0.2306644625245018
            ]
        ],
        [
            [
                20.019126892089844,
                -7.9438629150390625,
                3.6196390502866134,
                8.098987384179075,
                11.75764255720675,
                0.158942037449185
            ]
        ],
        [
            [
                -15.008861541748047,
                9.218653678894043,
                6.258297759847768,
                2.9734196875921928,
                7.903985645568747,
                1.6376114259182264
            ]
        ],
        [
            [
                8.136363983154297,
                -19.64280128479004,
                2.035481306678642,
                4.363214202823448,
                2.4212517879240107,
                3.104094470107696
            ]
        ],
        [
            [
                -10.272191047668457,
                -9.275432348251343,
                3.6182156927045517,
                2.8624317663500385,
                7.369632551423504,
                2.865363734743843
            ]
        ],
        [
            [
                -18.637269020080566,
                18.86328887939453,
                3.373386654140141,
                2.367086406725493,
                13.234666386694471,
                1.410853689989024
            ]
        ],
        [
            [
                22.333441734313965,
                9.533726930618286,
                2.0682950286196724,
                2.4933824330873167,
                11.211061629573475,
                3.0599324712798603
            ]
        ],
        [
            [
                6.691347122192383,
                19.346630096435547,
                6.335428581200017,
                4.404585605225371,
                13.183212377269829,
                0.019599622230672464
            ]
        ],
        [
            [
                -3.4010775089263916,
                -21.784827947616577,
                3.4230844011598105,
                2.748073877938169,
                18.453165252480527,
                0.006740627895993168
            ]
        ],
        [
            [
                -8.619252681732178,
                -19.80963706970215,
                2.1811063561346473,
                2.0187150676358847,
                3.913931400432998,
                0.4278597280192158
            ]
        ],
        [
            [
                -21.689180850982666,
                -3.753511667251587,
                2.101279892134465,
                5.604379579064732,
                10.733006610861535,
                1.2359872662030433
            ]
        ],
        [
            [
                -5.364091455936432,
                -8.880305528640747,
                2.3304349478172375,
                3.030744856609736,
                13.472351337791478,
                1.8937811149310688
            ]
        ],
        [
            [
                -14.605152130126953,
                21.787081956863403,
                2.50426346730338,
                3.4454024805188186,
                11.241432237033196,
                0.3555203013438841
            ]
        ],
        [
            [
                -21.975609064102173,
                16.723490476608276,
                3.4237415636681923,
                4.020155404291488,
                3.54655210136998,
                0.5031492684203593
            ]
        ],
        [
            [
                -6.473509535193443,
                21.825810432434082,
                2.76415668218431,
                5.614005495307767,
                3.8798257405812833,
                2.0217173132054866
            ]
        ],
        [
            [
                21.5041983127594,
                15.417115688323975,
                3.93666211119956,
                2.8107270930012223,
                6.149471884730645,
                2.02549717220813
            ]
        ],
        [
            [
                -4.839340567588806,
                -3.820734441280365,
                2.3600226633154104,
                2.4590509837752914,
                10.796207846831972,
                1.640961240260712
            ]
        ],
        [
            [
                4.153650283813477,
                -22.395528435707092,
                2.5659294570038496,
                2.9170866394008734,
                7.935131919250028,
                1.6245369401777547
            ]
        ],
        [
            [
                10.788524746894836,
                -22.811290442943573,
                3.4503588556030413,
                2.1303872852561025,
                15.225766994960354,
                1.1929611004264478
            ]
        ],
        [
            [
                8.67213773727417,
                -15.159159392118454,
                3.7454103045627694,
                2.0701600183889783,
                17.802593982917344,
                3.1206753334677195
            ]
        ],
        [
