{
    "world_name": "subworld-46",
    "width": 50,
    "build_up": 0.39174396,
    "height": 20.0,
    "objects": [
        [
            [
                -6.072256565093994,
                9.13110637664795,
                13.702243487817862,
                8.367670778849675,
                20.0,
                1.2561319670416675
            ]
        ],
        [
            [
                3.2648072242736816,
                -9.001677513122559,
                15.304328341721568,
                6.593320529593403,
                20.0,
                2.9793818779822683
            ]
        ],
        [
            [
                -18.61840057373047,
                16.2782039642334,
                6.82564433091433,
                3.6332474744862644,
                20.0,
                1.2568247336220435
            ]
        ],
        [
            [
                -18.461223602294922,
                -16.197303771972656,
                5.107740311761095,
                4.2758047279479525,
                20.0,
                0.36063302216606563
            ]
        ],
        [
            [
                -11.825063705444336,
                -3.088331699371338,
                2.2457553134735386,
                12.935223171504997,
                20.0,
                0.581575174349703
            ]
        ],
        [
            [
                14.128714561462402,
                3.9752719402313232,
                3.5050626184629023,
                3.574722910123131,
                20.0,
                2.1296023847872627
            ]
        ],
        [
            [
                18.906949996948242,
                -12.160280227661133,
                2.9466094195242727,
                2.8645791168805452,
                20.0,
                2.2081277999482793
            ]
        ],
        [
            [
                5.055262088775635,
                11.261523246765137,
                2.432252177899123,
                2.45290049450303,
                20.0,
                2.1977534622627375
            ]
        ],
        [
            [
                -7.411284923553467,
                -20.76166534423828,
                5.288320161743356,
                2.6640605912006703,
                20.0,
                0.38968899919063915
            ]
        ],
        [
            [
                -19.251022338867188,
                -3.8383727073669434,
                3.878815903681308,
                5.440649738585528,
                20.0,
                1.6145248438870583
            ]
        ],
        [
            [
                19.345474243164062,
                7.144217014312744,
                11.765673254698566,
                2.500154884331874,
                20.0,
                2.015361424291686
            ]
        ],
        [
            [
                1.1525546312332153,
                1.8613778352737427,
                7.225721839141333,
                4.433990306110557,
                20.0,
                1.2110252467204996
            ]
        ],
        [
            [
                16.5197696685791,
                -16.486114501953125,
                4.4542426724945745,
                5.659743778713281,
                20.0,
                2.1013873577034405
            ]
        ],
        [
            [
                5.753253936767578,
                20.072147369384766,
                3.4634754425980834,
                6.359890155257569,
                20.0,
                3.0879647273634414
            ]
        ],
        [
            [
                7.379342079162598,
                -22.186790466308594,
                3.8292582309049488,
                14.510796910939339,
                20.0,
                1.6615701445057707
            ]
        ],
        [
            [
                9.478705406188965,
                -0.5273440480232239,
                4.337104747043066,
                9.188456737943994,
                20.0,
                1.0607320331238166
            ]
        ],
        [
            [
                10.598039627075195,
                12.378148078918457,
                2.3262471827912607,
                3.5544856263352553,
                20.0,
                0.6082342566331053
            ]
        ],
        [
            [
                -18.77118492126465,
                7.06946325302124,
                3.937253815399002,
                3.0200495109115044,
                20.0,
                3.0218285069842237
            ]
        ],
        [
            [
                17.711336135864258,
                20.76140594482422,
                2.751998942421362,
                2.9759893515632467,
                20.0,
                0.43963565275894934
            ]
        ],
        [
            [
                11.408978462219238,
                20.51089096069336,
                3.8900932034834526,
                2.927905950363188,
                20.0,
                0.8438186348203427
            ]
        ],
        [
            [
                -10.224799871444702,
                -14.551618814468384,
                3.449173196918669,
                3.940555543213791,
                20.0,
                1.6817612547536265
            ]
        ],
        [
            [
                20.281909465789795,
                -6.370171070098877,
                4.240387217989113,
                3.214231392861435,
                20.0,
                2.1234585686529095
            ]
        ],
        [
            [
                -7.865448474884033,
                21.110721588134766,
                10.00368924302955,
                3.2014783003814116,
                20.0,
                2.839262651040616
            ]
        ],
        [
            [
                -16.63927721977234,
                -9.353604555130005,
                2.733498423790244,
                2.3890857800230836,
                20.0,
                2.3619552980322815
            ]
        ],
        [
            [
                4.385510325431824,
                -17.287943959236145,
                2.657702047680054,
                2.920246016046434,
                20.0,
                3.0876758416898924
            ]
        ],
        [
            [
                20.213545560836792,
                -20.788777351379395,
                2.0551124498991085,
                2.6777530828194456,
                20.0,
                0.8075640244491327
            ]
        ],
        [
            [
                22.681623458862305,
                -15.249256372451782,
                3.274122801889415,
                2.1789875066262008,
                20.0,
                0.307461657718918
            ]
        ],
        [
            [
                15.985832452774048,
                -3.8025026321411133,
                2.0235627085963404,
                5.3988198440868445,
                20.0,
                2.205166830728579
            ]
        ],
        [
            [
                -21.27563786506653,
                20.49084508419037,
                3.101108415788719,
                5.434852913892399,
                20.0,
                2.944362239229574
            ]
        ],
        [
            [
                23.077665328979492,
                18.699150200933218,
                2.3941345058339705,
                2.7671607027858522,
                20.0,
                2.9751058812189712
            ]
        ],
        [
            [
                -22.272531390190125,
                -22.219921797513962,
                2.2468123547264907,
                3.9863463311329106,
                20.0,
                0.16300608359749336
            ]
        ],
        [
            [
                -15.888435363769531,
                -22.09974803030491,
                5.081941960718332,
                4.730561750047297,
