{
    "world_name": "subworld-227",
    "width": 50,
    "build_up": 0.413222,
    "height": -1.0,
    "objects": [
        [
            [
                7.654988765716553,
                3.305929183959961,
                5.136744377087409,
                17.29410707986251,
                19.579351211861944,
                2.7791812161780696
            ]
        ],
        [
            [
                -6.234415054321289,
                15.324533462524414,
                9.439638500897777,
                4.517369705544707,
                12.85015128721351,
                1.3265450635515583
            ]
        ],
        [
            [
                -5.665215015411377,
                -11.197397232055664,
                7.627559747277102,
                17.777250195661924,
                12.119486439072086,
                1.0642126957456486
            ]
        ],
        [
            [
                13.607550621032715,
                -7.453150272369385,
                6.9162093866576075,
                16.909238922845645,
                5.057689574102045,
                2.814930661791955
            ]
        ],
        [
            [
                -16.55393409729004,
                5.812695026397705,
                13.680071871754567,
                9.661985659549135,
                3.4396239654247514,
                2.6077805214225753
            ]
        ],
        [
            [
                -14.03403377532959,
                -20.734596252441406,
                7.9253553522311275,
                5.372927786868976,
                13.910885642481045,
                2.843950454639144
            ]
        ],
        [
            [
                -3.040417194366455,
                6.545904636383057,
                6.172104031281912,
                3.4804658723826827,
                19.59012744968019,
                0.8569491591553464
            ]
        ],
        [
            [
                20.369909286499023,
                -13.076497077941895,
                3.179694617213144,
                5.5684351729560335,
                8.384518941459401,
                2.9569467268155503
            ]
        ],
        [
            [
                19.442106246948242,
                16.71120262145996,
                5.620919254452003,
                2.201959046631522,
                10.339205429637508,
                2.195310252264743
            ]
        ],
        [
            [
                2.4318392276763916,
                21.589439392089844,
                3.657105823753998,
                3.174564856251668,
                11.117251781659046,
                1.2450120513378988
            ]
        ],
        [
            [
                -15.870673179626465,
                18.744800567626953,
                5.81765424859327,
                7.4954458728877285,
                14.44718632101822,
                0.8764503106252433
            ]
        ],
        [
            [
                -22.16775894165039,
                -14.723658561706543,
                11.52707032873492,
                2.26792230767442,
                11.960215342783979,
                1.518540753374107
            ]
        ],
        [
            [
                -20.291452407836914,
                -4.641132354736328,
                4.751308257423352,
                2.137940579047706,
                15.607344521980895,
                1.4646112375677296
            ]
        ],
        [
            [
                19.87389612197876,
                -21.601009368896484,
                4.24671052335114,
                3.4558670751386344,
                15.528261199855324,
                0.06443035843410083
            ]
        ],
        [
            [
                22.260555267333984,
                -4.071493148803711,
                3.7196888590575625,
                6.180297856264978,
                19.50427814979327,
                2.902295378633774
            ]
        ],
        [
            [
                8.968470096588135,
                18.71525001525879,
                2.556355468454119,
                2.5701639893453243,
                18.996431812588142,
                2.6280357675625132
            ]
        ],
        [
            [
                18.82213258743286,
                6.547548770904541,
                4.452670712656938,
                3.8414474512335275,
                9.654538411527097,
                0.5074480465414337
            ]
        ],
        [
            [
                4.899319171905518,
                12.232123702764511,
                3.062768736558083,
                3.200646770040974,
                12.451544492434241,
                2.6665308258479126
            ]
        ],
        [
            [
                -21.079832077026367,
                -22.613744497299194,
                2.0345611876952363,
                4.458098817045844,
                5.895236259571297,
                2.4257904132576615
            ]
        ],
        [
            [
                -5.3693143129348755,
                -20.68177592754364,
                6.885701027049396,
                2.817241309527614,
                10.028738406189046,
                2.8597223557600246
            ]
        ],
        [
            [
                9.155333042144775,
                -19.648850560188293,
                2.8573289542189264,
                2.3842062166476876,
                15.406091495173825,
                1.6491759051851087
            ]
        ],
        [
            [
                5.300626814365387,
                -22.392074823379517,
                2.783552075367824,
                3.0551346505533568,
                18.203358126315955,
                0.11400241703711966
            ]
        ],
        [
            [
                4.336480140686035,
                -8.588344812393188,
                4.583702433606325,
                2.0687568158563927,
                10.505059833687437,
                2.391609106470884
            ]
        ],
        [
            [
                -22.766863346099854,
                18.332413613796234,
                2.297937009087528,
                2.477366985178868,
                17.844203780371824,
                1.9690511001818125
            ]
        ],
        [
            [
                -6.562746465206146,
                23.31142520904541,
                2.0632659767412704,
                2.1990444537558718,
                8.62228040414922,
                0.624505018933878
            ]
        ],
        [
            [
                -9.738567590713501,
                23.351595878601074,
                2.312647495088619,
                2.9190364753846776,
                16.54304392408963,
                3.1092513176678755
            ]
        ],
        [
            [
                17.214181661605835,
                23.430964946746826,
                2.35055067845263,
                2.486592588582302,
                19.195376694951904,
                3.0314301457058335
            ]
        ],
        [
            [
                -16.893306255340576,
                -14.533889412879944,
                2.158508142174783,
                2.130767655855906,
                12.880875584804231,
                2.2744472133120897
            ]
        ],
        [
            [
                -16.5873920917511,
                -4.358295321464539,
                2.9460807498641484,
                2.0215059754223947,
                14.462712276734475,
                1.520769602612823
            ]
        ],
        [
            [
                -2.6910128593444824,
                -4.107022404670715,
                2.6695159214239093,
                3.5198267390045035,
                14.290343867109826,
                1.5225641977884197
            ]
        ],
        [
