{
    "world_name": "subworld-319",
    "width": 50,
    "build_up": 0.38737184,
    "height": -1.0,
    "objects": [
        [
            [
                -4.290696144104004,
                -0.728057861328125,
                3.4215162274967823,
                15.22351160561497,
                12.944853670219302,
                0.2974252011921563
            ]
        ],
        [
            [
                17.620471954345703,
                -0.6657552719116211,
                7.744375361729617,
                14.565757067278312,
                5.930364504154214,
                0.31527090070118
            ]
        ],
        [
            [
                17.916501998901367,
                -15.262728691101074,
                7.358020311410117,
                3.93421641426087,
                2.000211603699361,
                2.846464834045767
            ]
        ],
        [
            [
                8.489143371582031,
                14.946512222290039,
                6.427803866787599,
                8.350468559267188,
                3.7819008665539675,
                0.013250267164761409
            ]
        ],
        [
            [
                -17.030881881713867,
                -19.467395782470703,
                4.675340419854244,
                3.376640174992408,
                3.5669821607286636,
                1.7541220214343238
            ]
        ],
        [
            [
                -19.41265869140625,
                -2.6523191928863525,
                3.4519054630642443,
                15.121434121477215,
                15.433583426692449,
                2.838616428996975
            ]
        ],
        [
            [
                -13.358901977539062,
                19.485944747924805,
                3.663250253262496,
                3.093592074072312,
                11.661161309426705,
                2.2104113181531493
            ]
        ],
        [
            [
                0.3309227526187897,
                12.127349853515625,
                5.093497473942489,
                10.237875053001824,
                17.25308639928415,
                0.0060772972305644934
            ]
        ],
        [
            [
                5.981464385986328,
                -0.9410783052444458,
                9.877742929290783,
                8.576101155985477,
                17.651462108752277,
                2.3604746525372002
            ]
        ],
        [
            [
                2.1216413974761963,
                -15.37388801574707,
                14.845264299531582,
                4.000060516816545,
                4.147219138460982,
                2.923110360621079
            ]
        ],
        [
            [
                20.353160858154297,
                15.168532371520996,
                4.459219310397924,
                5.417928837389028,
                18.232161605796417,
                1.4985472823209494
            ]
        ],
        [
            [
                1.1030153036117554,
                21.612560272216797,
                3.638220029736308,
                6.364573312688609,
                18.039701072706052,
                1.133638432770508
            ]
        ],
        [
            [
                -18.63265609741211,
                14.47558879852295,
                4.447572313437379,
                2.9779460377462508,
                18.86769983978948,
                3.108632553229003
            ]
        ],
        [
            [
                -11.652430534362793,
                3.499171495437622,
                3.643442106476756,
                3.4263641633579702,
                2.3974459999558118,
                1.80997741207933
            ]
        ],
        [
            [
                -10.775861740112305,
                -3.1561431884765625,
                4.326474157551776,
                2.1187964683346765,
                11.840552513616556,
                0.45371695779771315
            ]
        ],
        [
            [
                -10.755266308784485,
                -10.596783518791199,
                3.35114370716932,
                6.16322827756951,
                3.9190738685825606,
                1.2564405013537672
            ]
        ],
        [
            [
                -9.158601999282837,
                -21.262868881225586,
                4.611298335904322,
                3.6084971466643863,
                9.410644404529826,
                2.9160307097329277
            ]
        ],
        [
            [
                5.249649524688721,
                -10.381706237792969,
                2.6290210857994847,
                3.584871023383661,
                18.770500524241353,
                1.238437649030041
            ]
        ],
        [
            [
                14.242304921150208,
                -21.244772911071777,
                3.7320852498051806,
                2.9242139347122817,
                3.547932572987368,
                1.333668623446901
            ]
        ],
        [
            [
                -5.922044277191162,
                11.055988430976868,
                2.3403914895085185,
                4.4739088308816175,
                7.340130759214204,
                0.5267658145273135
            ]
        ],
        [
            [
                -18.941915035247803,
                21.38668441772461,
                2.6178282357098706,
                2.411775820603171,
                14.347535812605217,
                2.2230830817523692
            ]
        ],
        [
            [
                12.570766687393188,
                22.089418411254883,
                11.338757969143716,
                2.3598602552201724,
                18.92222823275246,
                2.9180506679250264
            ]
        ],
        [
            [
                19.34273785352707,
                -22.322367191314697,
                2.840559922525718,
                2.7735987392712778,
                18.909935178722716,
                1.344790442537758
            ]
        ],
        [
            [
                -22.23931050300598,
                6.531226426362991,
                4.632821048782818,
                2.2515439137252145,
                14.521096791682165,
                0.5816496209329306
            ]
        ],
        [
            [
                -9.373854875564575,
                9.43190336227417,
                3.4103384305330526,
                3.881396220540907,
                9.006172105401129,
                2.3962248110870332
            ]
        ],
        [
            [
                -6.890720188617706,
                20.25272524356842,
                3.0580396039486804,
                3.3821155336391784,
                19.23534927065825,
                0.6268568746737693
            ]
        ],
        [
            [
                -7.598704695701599,
                15.62331223487854,
                5.88267226121229,
                2.755478788898774,
                4.922129015261846,
                0.24254017740309397
            ]
        ],
        [
            [
                9.114039421081543,
                7.285671830177307,
                3.067499202102197,
                3.0532591287434494,
                2.8868999057131606,
                0.9293515168544141
            ]
        ],
        [
            [
                16.592791318893433,
                10.260693073272705,
                3.0237447440011236,
                2.8384321908257415,
                10.806382770218617,
                0.13523673594344698
            ]
        ],
        [
            [
                23.390103816986084,
                4.4116131067276,
                2.1508641215969924,
                2.6543077448944037,
                17.689900809055082,
                0.24180972004913115
            ]
        ],
        [
