{
    "world_name": "subworld-217",
    "width": 50,
    "build_up": 0.42228176,
    "height": -1.0,
    "objects": [
        [
            [
                11.168079376220703,
                -3.622835397720337,
                8.573161115084488,
                7.812290968662096,
                10.22299403483963,
                1.0692604356815723
            ]
        ],
        [
            [
                3.1120800971984863,
                17.019580841064453,
                16.838954414005336,
                2.4773750845438096,
                3.4527353719088625,
                2.562542405380739
            ]
        ],
        [
            [
                -13.690518379211426,
                3.1257150173187256,
                10.87832991443551,
                8.203467698079386,
                4.277890901102429,
                2.5990581137443147
            ]
        ],
        [
            [
                -8.516961097717285,
                -15.375273704528809,
                14.203127986560515,
                7.670053533306185,
                13.178057892443636,
                2.038931767698063
            ]
        ],
        [
            [
                -16.1324520111084,
                18.056276321411133,
                7.088077763331135,
                9.859717700899898,
                15.422387101543027,
                0.04420672755241006
            ]
        ],
        [
            [
                2.6737163066864014,
                10.783954620361328,
                4.583486700309789,
                6.9610190920987485,
                6.658664473322556,
                0.890221680047383
            ]
        ],
        [
            [
                -2.8659777641296387,
                -0.44442254304885864,
                4.857968432647816,
                2.9332528146474077,
                5.515515826272214,
                1.5827918118511162
            ]
        ],
        [
            [
                15.43413257598877,
                17.283838272094727,
                11.167902004467308,
                11.362150538521972,
                10.971457152936585,
                2.088081434981132
            ]
        ],
        [
            [
                8.207788467407227,
                -17.713882446289062,
                5.071656703731165,
                9.028648944843031,
                19.83963611099387,
                0.758558602896631
            ]
        ],
        [
            [
                2.4355952739715576,
                -20.45662498474121,
                3.33713446206324,
                4.144959759006224,
                17.126279945258823,
                2.104335530481187
            ]
        ],
        [
            [
                19.223648071289062,
                -11.650511741638184,
                7.904866195658885,
                4.911618778610962,
                16.400424005611377,
                1.01013619416629
            ]
        ],
        [
            [
                0.2683042585849762,
                -8.371912956237793,
                4.132407844162609,
                2.6135604543568887,
                15.128505523025254,
                2.941697519940007
            ]
        ],
        [
            [
                -12.85134506225586,
                -22.779102325439453,
                3.5797768591475996,
                2.9147003122481445,
                4.19376490704515,
                0.4888774815062802
            ]
        ],
        [
            [
                -8.030580520629883,
                12.5407133102417,
                2.4038284418403144,
                2.165514706572125,
                4.158893487350489,
                0.16349338557436388
            ]
        ],
        [
            [
                -17.635581016540527,
                -14.797541856765747,
                9.778649138283418,
                2.872539821650086,
                11.15025527180935,
                1.7239974535410172
            ]
        ],
        [
            [
                -19.74765157699585,
                -5.2045793533325195,
                2.555367140906763,
                6.317475222094105,
                19.45311223244115,
                1.4875800584097805
            ]
        ],
        [
            [
                20.605716705322266,
                -19.012583255767822,
                6.124288338751022,
                2.894514737092451,
                13.509435695806284,
                0.4812269814070953
            ]
        ],
        [
            [
                -20.13851261138916,
                9.847277402877808,
                2.811688593925673,
                4.024667454868675,
                8.502956359517384,
                1.832445294848148
            ]
        ],
        [
            [
                17.79387903213501,
                6.176167011260986,
                3.171351420396131,
                11.322939111019387,
                13.915214424776511,
                1.5766977572303025
            ]
        ],
        [
            [
                -21.63221263885498,
                -16.73823857307434,
                4.821682157668418,
                4.740920108912309,
                18.113767133810228,
                0.18411913154313986
            ]
        ],
        [
            [
                -19.404945373535156,
                -22.205925703048706,
                4.465665457078064,
                2.6308980295638733,
                2.1309419443964743,
                1.2141980139560302
            ]
        ],
        [
            [
                5.447813630104065,
                -8.815218687057495,
                2.037321429659472,
                3.084519073834258,
                4.119187428663497,
                0.5434654033208146
            ]
        ],
        [
            [
                21.619628190994263,
                -3.1594982147216797,
                3.858786520628867,
                3.9007415820391653,
                17.16672706042376,
                1.4986818753524724
            ]
        ],
        [
            [
                -4.052080154418945,
                7.822635531425476,
                3.1423808086320246,
                3.9526439608417454,
                5.348339432704664,
                0.6357607899737078
            ]
        ],
        [
            [
                -2.3800735473632812,
                15.619516849517822,
                3.00104447830231,
                3.052263672918955,
                10.501521986239046,
                2.179420636491737
            ]
        ],
        [
            [
                -7.977166533470154,
                19.07008656859398,
                2.6818414212418342,
                2.2912053635042473,
                17.936040716387815,
                0.5028962976901481
            ]
        ],
        [
            [
                4.071038246154785,
                21.42849111557007,
                4.315437695680502,
                3.054541033960952,
                11.177860275121366,
                2.8262381813976143
            ]
        ],
        [
            [
                -16.361593186855316,
                -22.28221359848976,
                2.1827143528636266,
                2.2009810162613865,
                17.235852342970766,
                1.7784290492697576
            ]
        ],
        [
            [
                -1.5510259866714478,
                -14.79375410079956,
                2.8735680644087185,
                2.0006915594795167,
                3.1377077708644334,
                1.7803633165118236
            ]
        ],
        [
            [
                -22.131904155015945,
                -8.734133839607239,
                2.3532328186587095,
                4.829375447794189,
                12.623288311132065,
                1.4913016777239916
            ]
        ],
        [
