{
    "world_name": "subworld-69",
    "width": 50,
    "build_up": 0.4187038,
    "height": 1.5,
    "objects": [
        [
            [
                9.386489868164062,
                14.245537757873535,
                2.243621134382443,
                2.2609803969520765,
                1.5,
                1.583201309644059
            ]
        ],
        [
            [
                -4.784145832061768,
                -8.511520385742188,
                6.033899134432264,
                16.448474100305486,
                1.5,
                1.6930216927053863
            ]
        ],
        [
            [
                -16.59899139404297,
                15.50027084350586,
                12.482521247073318,
                14.12503291318247,
                1.5,
                2.8480656977313936
            ]
        ],
        [
            [
                9.34765625,
                4.210400581359863,
                4.421457642969641,
                5.004117852283442,
                1.5,
                1.803183772539107
            ]
        ],
        [
            [
                -1.5846030712127686,
                14.09047794342041,
                18.08905115481116,
                4.271851201041324,
                1.5,
                1.6636175657971157
            ]
        ],
        [
            [
                19.89105987548828,
                -4.299444198608398,
                14.62818971289118,
                6.584725787464826,
                1.5,
                1.649759619150147
            ]
        ],
        [
            [
                -19.416946411132812,
                -4.280528545379639,
                7.274849346458559,
                3.090269707197754,
                1.5,
                2.6391334885856974
            ]
        ],
        [
            [
                -21.351030349731445,
                3.9460806846618652,
                3.634607378911781,
                2.25174044081861,
                1.5,
                2.911674911749068
            ]
        ],
        [
            [
                -21.658784866333008,
                -13.6594877243042,
                3.1520715657951888,
                6.739671764910569,
                1.5,
                3.0632651270158746
            ]
        ],
        [
            [
                13.63343334197998,
                -19.39495086669922,
                2.361986358200743,
                9.979340841157018,
                1.5,
                2.040176479522219
            ]
        ],
        [
            [
                -9.459999084472656,
                -0.3112826645374298,
                7.646687373182551,
                2.1056009508623355,
                1.5,
                0.4111959744762532
            ]
        ],
        [
            [
                20.535249710083008,
                17.760038375854492,
                4.880929022440453,
                13.711149984029294,
                1.5,
                0.02355302589428887
            ]
        ],
        [
            [
                -5.325189113616943,
                -20.264589309692383,
                3.558726802710123,
                2.7086449006678297,
                1.5,
                0.1319080153087573
            ]
        ],
        [
            [
                7.389075756072998,
                21.045743942260742,
                5.9063651221027,
                6.121847531740844,
                1.5,
                0.1361326872164721
            ]
        ],
        [
            [
                -16.65341567993164,
                -21.72588348388672,
                2.305882046918708,
                10.3229130463281,
                1.5,
                1.460446804674864
            ]
        ],
        [
            [
                6.021656513214111,
                -18.054542064666748,
                2.79112835877602,
                4.536270047924305,
                1.5,
                0.6321114719610789
            ]
        ],
        [
            [
                11.896209239959717,
                -5.449489593505859,
                4.509037040946098,
                2.5554227436228505,
                1.5,
                1.9092777427083196
            ]
        ],
        [
            [
                18.940617084503174,
                6.595832824707031,
                3.4609590410757387,
                6.105271270257202,
                1.5,
                1.7541600498279906
            ]
        ],
        [
            [
                13.937309265136719,
                18.86624574661255,
                2.695697331063937,
                5.40652264728161,
                1.5,
                0.41262139471466797
            ]
        ],
        [
            [
                -2.8764569759368896,
                -14.78851056098938,
                3.779683289091933,
                2.7888547151303333,
                1.5,
                2.8735530064792134
            ]
        ],
        [
            [
                5.8252312541008,
                -23.516788005828857,
                2.0969639715460495,
                3.473756343055224,
                1.5,
                1.38777260473614
            ]
        ],
        [
            [
                20.860525608062744,
                -21.54711413383484,
                2.498538297648177,
                4.4269807893393,
                1.5,
                1.2434657973195793
            ]
        ],
        [
            [
                6.283691994845867,
                -5.449493169784546,
                2.274894174438722,
                2.950374304077088,
                1.5,
                2.1970151819229398
            ]
        ],
        [
            [
                1.7294301986694336,
                -1.429572582244873,
                2.4889424883039934,
                2.201158602911334,
                1.5,
                1.4384416370893405
            ]
        ],
        [
            [
                -15.671491146087646,
                2.570418357849121,
                2.529410180263228,
                4.551116238539996,
                1.5,
                2.2174735087817057
            ]
        ],
        [
            [
                -7.787882924079895,
                9.343963861465454,
                3.9948856755464455,
                2.7067537397302184,
                1.5,
                0.20048030344363554
            ]
        ],
        [
            [
                -7.989433407783508,
                5.347686290740967,
                2.4254803781793304,
                2.4738863235286637,
                1.5,
                2.0953743688698263
            ]
        ],
        [
            [
                -7.1414830684661865,
                14.692866325378418,
                3.764633854112307,
                3.368878819529585,
                1.5,
                0.003481841187755297
            ]
        ],
        [
            [
                -22.979759454727173,
                -23.049712300300598,
                2.17582707537415,
                2.137208244881239,
                1.5,
                2.767970742956752
            ]
        ],
        [
            [
                -15.881071865558624,
                -15.75003333389759,
                2.216145272014863,
                4.3264159646859035,
                1.5,
                0.717215182970941
            ]
        ],
        [
            [
                -10.222119390964508,
                -15.179028481245041,
                2.301062878565864,
                2.382561667067513,
                1.5,
                1.9414443230008094
            ]
        ],
        [
            [
                -2.3122798800468445,
                -2.217522084712982,
                2.4780150908094623,
                2.294460901647703,
                1.5,
                0.4626324402705946
