{
    "world_name": "subworld-4",
    "width": 50,
    "build_up": 0.36828624,
    "height": -1.0,
    "objects": [
        [
            [
                15.572717666625977,
                16.5440616607666,
                10.341271004550105,
                13.538822638413627,
                2.8830885105443054,
                1.273160314594026
            ]
        ],
        [
            [
                -9.43408489227295,
                -11.27164077758789,
                3.5287305637214046,
                16.789386480544543,
                7.897866187870917,
                0.4755525441826285
            ]
        ],
        [
            [
                13.097396850585938,
                -14.463874816894531,
                10.742210536605716,
                4.670776602570976,
                3.3133578775606107,
                0.8081237327326145
            ]
        ],
        [
            [
                4.105175495147705,
                0.5829539895057678,
                9.626542774489423,
                6.312961872175139,
                19.31957568101947,
                1.8576593607470124
            ]
        ],
        [
            [
                -18.309085845947266,
                -13.748678207397461,
                6.770907783024527,
                2.776827310984297,
                10.829903393164301,
                2.5980134580700227
            ]
        ],
        [
            [
                -14.31241226196289,
                8.165067672729492,
                4.853525738817212,
                17.02069971228506,
                12.01414228981012,
                0.3950695557710693
            ]
        ],
        [
            [
                -3.033703088760376,
                12.12690544128418,
                5.5813145723174555,
                8.286941623957961,
                19.909951494520254,
                1.6931668285779435
            ]
        ],
        [
            [
                -1.7219300270080566,
                -3.0224058628082275,
                12.225837943200904,
                3.177289773613589,
                11.21706035360272,
                2.007843370822567
            ]
        ],
        [
            [
                17.127017974853516,
                -0.03798617050051689,
                3.0989951558589333,
                3.1193790531006265,
                18.492762566472955,
                0.7178006397274024
            ]
        ],
        [
            [
                -10.439373970031738,
                21.425621032714844,
                14.896174638805684,
                2.8562154378420104,
                13.567914842532925,
                3.1079229219964857
            ]
        ],
        [
            [
                2.577871799468994,
                -14.60206127166748,
                4.413062519402342,
                3.557301653021704,
                13.881871434560672,
                0.8410277498394053
            ]
        ],
        [
            [
                -11.873434066772461,
                -21.841753005981445,
                3.977936971213585,
                3.209014591653574,
                10.467300676511398,
                2.2434380761737476
            ]
        ],
        [
            [
                -18.180233478546143,
                -6.385587215423584,
                9.498385378056483,
                2.1357204165612975,
                13.652245719332985,
                2.339984713807821
            ]
        ],
        [
            [
                20.744696617126465,
                -16.832937717437744,
                2.1947309505883466,
                7.389439789506267,
                3.0697461023606465,
                2.7194771889070872
            ]
        ],
        [
            [
                7.581808567047119,
                -9.304677486419678,
                2.909176143863501,
                7.858378512338191,
                18.2808816509127,
                1.5964374438029314
            ]
        ],
        [
            [
                3.79178524017334,
                -22.13408374786377,
                4.57696133460866,
                2.152740061269377,
                2.5965483104257427,
                3.092836419924511
            ]
        ],
        [
            [
                21.459683418273926,
                4.3737335205078125,
                7.889224966365379,
                2.238878973662943,
                18.42012856172096,
                2.2000347210548656
            ]
        ],
        [
            [
                11.468445420265198,
                5.852200984954834,
                6.868819080355312,
                4.74283417091052,
                3.9742190482619395,
                2.043238948004593
            ]
        ],
        [
            [
                -19.53458547592163,
                -21.118430376052856,
                4.770938338971659,
                3.6492162041847864,
                2.1986405987296225,
                2.9943866480044266
            ]
        ],
        [
            [
                -5.747593462467194,
                -5.865691155195236,
                5.599232177958992,
                2.4888122531418273,
                7.229344097919052,
                2.166683500628791
            ]
        ],
        [
            [
                15.586640357971191,
                -22.58808469772339,
                3.81568402861791,
                3.098223851059066,
                4.286172385313652,
                1.6916134516306058
            ]
        ],
        [
            [
                21.356553316116333,
                -7.982667684555054,
                3.3571711213740016,
                2.9510220061223134,
                9.552010590368337,
                1.9935572340913086
            ]
        ],
        [
            [
                -19.73541784286499,
                5.62724506855011,
                2.289122808582583,
                5.950892564156168,
                7.353772459592853,
                0.38516686862240945
            ]
        ],
        [
            [
                -21.57400393486023,
                19.184256851673126,
                2.164960081707129,
                4.58097081823483,
                15.947690047262443,
                1.8876222102503035
            ]
        ],
        [
            [
                16.120208024978638,
                6.476343736052513,
                3.025219871923925,
                2.0282496905093286,
                18.058240227745934,
                1.2036007630172594
            ]
        ],
        [
            [
                4.465154767036438,
                19.25119525194168,
                3.383682970517739,
                2.442928054969786,
                12.346078047309213,
                0.12678064162509295
            ]
        ],
        [
            [
                3.6440136432647705,
                14.955907821655273,
                2.61598034703709,
                4.2491774196226775,
                4.997800945970033,
                0.0675649271026928
            ]
        ],
        [
            [
                -2.09743595123291,
                -20.908860504627228,
                2.870140068151419,
                2.5943340295463235,
                6.541370613228507,
                2.467332624565514
            ]
        ],
        [
            [
                -16.775352954864502,
                -1.8612171411514282,
                2.5678238287821697,
                3.056720837799002,
                7.144117550746351,
                0.3016246512069043
            ]
        ],
        [
            [
                23.389416575431824,
                -21.484164267778397,
                3.1952123313420664,
                2.2868318623366464,
                6.664804298066649,
                1.6925352949482753
            ]
        ],
        [
            [
