{
    "world_name": "subworld-316",
    "width": 50,
    "build_up": 0.32273508,
    "height": -1.0,
    "objects": [
        [
            [
                -2.5347869396209717,
                8.3797607421875,
                4.667383908385412,
                16.326800347671682,
                11.894514397801826,
                1.8657608494166544
            ]
        ],
        [
            [
                -5.51196813583374,
                -12.73479175567627,
                9.474748063684384,
                3.6272417769350858,
                6.553672501439827,
                2.678677755220897
            ]
        ],
        [
            [
                12.074305534362793,
                -1.662714958190918,
                4.959486638765573,
                17.49547153460879,
                12.929005907381026,
                1.6302307218879784
            ]
        ],
        [
            [
                15.920459747314453,
                -14.319686889648438,
                10.054800666881853,
                6.132984550452575,
                3.993643550024272,
                2.917398666573302
            ]
        ],
        [
            [
                -16.214109420776367,
                19.458847045898438,
                9.45010156765967,
                2.601572045853363,
                14.010312597177805,
                0.6332671766041947
            ]
        ],
        [
            [
                3.3283064365386963,
                17.469104766845703,
                12.606829784004468,
                2.7609817641836543,
                2.990266287243852,
                2.9792922442651077
            ]
        ],
        [
            [
                -15.968838691711426,
                -8.687358856201172,
                3.172188681086909,
                14.128356436455615,
                11.473401784587917,
                2.802545890378078
            ]
        ],
        [
            [
                11.15965461730957,
                6.480889797210693,
                4.574342643685709,
                3.2083073564414564,
                8.081259357774135,
                2.654846181523589
            ]
        ],
        [
            [
                -4.108755588531494,
                0.988747775554657,
                5.169160036386373,
                2.354738977083666,
                10.533828440080413,
                0.06476343305971466
            ]
        ],
        [
            [
                19.387638092041016,
                13.250956535339355,
                3.9528815466282694,
                2.2935906938823463,
                14.47919743792497,
                2.710061489792704
            ]
        ],
        [
            [
                -1.723737120628357,
                -21.853012084960938,
                16.46348846083164,
                2.047395415008938,
                12.689547381808996,
                0.044578210731669454
            ]
        ],
        [
            [
                -19.934146881103516,
                -0.2672692537307739,
                2.0454168013710143,
                4.344563748424255,
                8.993905982893828,
                2.76609496115056
            ]
        ],
        [
            [
                15.142560958862305,
                21.293964385986328,
                2.0455619603679986,
                3.0325252289162816,
                19.96628517869236,
                0.7753718949884719
            ]
        ],
        [
            [
                4.178755760192871,
                -15.040373802185059,
                2.4754342258247912,
                2.183554082695907,
                12.66343047802225,
                0.5053168461348094
            ]
        ],
        [
            [
                19.42305564880371,
                -22.304807662963867,
                2.1128857115510282,
                4.0768576821717755,
                17.7692189373939,
                1.7376356652148006
            ]
        ],
        [
            [
                -16.625873565673828,
                9.448729038238525,
                2.589994145335769,
                2.7252619316640097,
                17.01068679740081,
                2.9745323592922195
            ]
        ],
        [
            [
                19.7343692779541,
                6.370428562164307,
                3.9470353741538213,
                4.240707142246759,
                12.234432848904058,
                1.696739444264751
            ]
        ],
        [
            [
                -18.46016174554825,
                -21.29566264152527,
                4.776897783278708,
                4.5323106578787655,
                2.1868163676767747,
                1.8305956231689473
            ]
        ],
        [
            [
                -22.028311252593994,
                -4.879508852958679,
                3.2968386683646758,
                2.1812165931291725,
                10.040321914299772,
                2.5527529087586713
            ]
        ],
        [
            [
                -5.3674012422561646,
                -4.128479242324829,
                5.085396772386296,
                2.382771468094036,
                4.716399310925341,
                0.0782581317571831
            ]
        ],
        [
            [
                2.745798349380493,
                -8.657177925109863,
                2.578352016146124,
                3.613320511342725,
                8.645577006315172,
                2.1585999206653055
            ]
        ],
        [
            [
                20.297105312347412,
                -8.511634349822998,
                3.249435941873247,
                5.045252341534098,
                7.5653862679350485,
                1.5527805077014176
            ]
        ],
        [
            [
                -22.26780080795288,
                6.592177152633667,
                2.745976241661473,
                4.0908439289025065,
                5.799905569004816,
                1.633662533914209
            ]
        ],
        [
            [
                -8.657992601394653,
                17.148521304130554,
                3.9756672599437333,
                2.790663235973319,
                13.639905521084156,
                0.05112611047958415
            ]
        ],
        [
            [
                -6.533509075641632,
                21.771578311920166,
                2.3808739311743787,
                2.1229435647381547,
                15.372928782935738,
                2.1375649777552037
            ]
        ],
        [
            [
                14.597928047180176,
                15.597892999649048,
                2.845137603433993,
                2.3979975042534374,
                15.372431252878055,
                0.33579496580368584
            ]
        ],
        [
            [
                20.43976628780365,
                19.98290455341339,
                3.075942162456861,
                2.018048666523526,
                12.932783221199031,
                2.19753311060407
            ]
        ],
        [
            [
                -22.744913399219513,
                -21.310132384300232,
                2.0407607326507553,
                2.4317651342580553,
                9.55680062545242,
                2.7295953320599233
            ]
        ],
        [
            [
                -14.2660813331604,
                -21.57871901988983,
                2.0330990323500644,
                2.3217883426856027,
                15.594919388799225,
                2.2956089190313587
            ]
        ],
        [
            [
                -22.700840890407562,
                -15.096195101737976,
                2.9506633225118795,
                3.928641123154787,
                4.692876826288476,
                2.962228753951618
            ]
        ],
        [
