{
    "world_name": "subworld-151",
    "width": 50,
    "build_up": 0.40074368,
    "height": 20.0,
    "objects": [
        [
            [
                8.405001640319824,
                6.497690200805664,
                8.088075867788255,
                11.556021917982024,
                20.0,
                1.7057395080167974
            ]
        ],
        [
            [
                19.934661865234375,
                -3.38610577583313,
                2.5812627554071375,
                15.42749477796331,
                20.0,
                3.0150427699002855
            ]
        ],
        [
            [
                -5.577762126922607,
                -7.280202865600586,
                16.742656617198534,
                8.048710356114318,
                20.0,
                0.6183293758697262
            ]
        ],
        [
            [
                -10.272403717041016,
                14.88923168182373,
                14.190973100978388,
                6.5844678379918955,
                20.0,
                1.5164696646532536
            ]
        ],
        [
            [
                5.653810501098633,
                -14.941466331481934,
                2.795440748520201,
                11.24028895266662,
                20.0,
                3.0025489988766614
            ]
        ],
        [
            [
                -15.468055725097656,
                -19.449682235717773,
                4.360439101115087,
                6.326289565898373,
                20.0,
                2.408852558933472
            ]
        ],
        [
            [
                -0.8634257316589355,
                18.495643615722656,
                4.7885128064909805,
                3.4745039344559103,
                20.0,
                1.2597017040389633
            ]
        ],
        [
            [
                16.968481063842773,
                -15.753625869750977,
                11.534358070727167,
                4.184379334229838,
                20.0,
                3.0043012219551475
            ]
        ],
        [
            [
                0.9339178800582886,
                12.859572410583496,
                12.761592575863313,
                4.491802053791616,
                20.0,
                0.3414227340318159
            ]
        ],
        [
            [
                15.660643577575684,
                16.330156326293945,
                3.1211442498076822,
                18.160688975739312,
                20.0,
                1.3388948815719932
            ]
        ],
        [
            [
                10.945709228515625,
                -2.8066532611846924,
                6.811644702901224,
                2.41815437938801,
                20.0,
                1.1674599498896838
            ]
        ],
        [
            [
                -20.341257095336914,
                6.710578441619873,
                3.6605562597788808,
                19.143822537821865,
                20.0,
                0.21119957336933726
            ]
        ],
        [
            [
                -6.598214149475098,
                3.5672171115875244,
                3.39975855699954,
                2.27707853319912,
                20.0,
                3.130401150808107
            ]
        ],
        [
            [
                -5.409478664398193,
                -20.965103149414062,
                2.5006330254319575,
                7.605303828971598,
                20.0,
                1.6273033593618296
            ]
        ],
        [
            [
                -20.527921676635742,
                -9.74967098236084,
                5.1851180098524265,
                3.724511671798626,
                20.0,
                1.9634158344285093
            ]
        ],
        [
            [
                -15.408411502838135,
                -4.247692584991455,
                3.9371439626381832,
                2.465511675376957,
                20.0,
                0.47616068019549007
            ]
        ],
        [
            [
                21.080294847488403,
                -22.4348087310791,
                2.0479553581796255,
                2.0348279541373975,
                20.0,
                1.783787455158559
            ]
        ],
        [
            [
                16.45448613166809,
                -21.325839042663574,
                2.272047966837236,
                3.360130225013341,
                20.0,
                0.6745468687512703
            ]
        ],
        [
            [
                -20.059640169143677,
                20.658438563346863,
                2.0368240914080067,
                4.710200585324511,
                20.0,
                0.1251647073517017
            ]
        ],
        [
            [
                21.894190311431885,
                7.997698545455933,
                2.7646915510610306,
                2.2672819072671344,
                20.0,
                3.0210868314270956
            ]
        ],
        [
            [
                19.774513602256775,
                19.595368027687073,
                4.019506148173879,
                2.758958008244119,
                20.0,
                1.710725443284393
            ]
        ],
        [
            [
                -21.89648114517331,
                -21.617251724004745,
                3.5633149913249755,
                2.051202970973191,
                20.0,
                1.8341500425465718
            ]
        ],
        [
            [
                -22.82897686958313,
                -16.41446214914322,
                4.210232279236864,
                2.0439669568614454,
                20.0,
                1.8767951556311275
            ]
        ],
        [
            [
                -2.509658396244049,
                -16.3304603099823,
                2.315532909320738,
                2.283049469345017,
                20.0,
                2.090359737851594
            ]
        ],
        [
            [
                -22.312035411596298,
                -4.047792136669159,
                2.9540444278504716,
                2.0514050512099535,
                20.0,
                2.643392028963296
            ]
        ],
        [
            [
                4.209621787071228,
                -23.028398275375366,
                2.311475344062931,
                2.915575545700502,
                20.0,
                1.2080051211561413
            ]
        ],
        [
            [
                10.515614986419678,
                -20.844884753227234,
                3.0195472850164213,
                3.0072519099739132,
                20.0,
                1.9299078832287127
            ]
        ],
        [
            [
                1.726289987564087,
                -15.182833909988403,
                2.2823207774910585,
                2.557745249191978,
                20.0,
                1.4802151784041848
            ]
        ],
        [
            [
                14.46214735507965,
                -8.59553724527359,
                2.721836510783677,
                2.057669412758009,
                20.0,
                0.5247284585438587
            ]
        ],
        [
            [
                23.127416253089905,
                -8.272723078727722,
                2.097203904649552,
                2.6762113352774737,
                20.0,
                2.957064966614642
            ]
        ],
        [
            [
                15.303306639194489,
                -2.56113862991333,
                3.1740182960369907,
                2.9498419704683636,
                20.0,
                1.1465321838710292
            ]
        ],
        [
            [
                -23.294092893600464,
                2.6721349358558655,
                3.272722381523984,
                2.056465705271676,
