{
    "world_name": "subworld-341",
    "width": 50,
    "build_up": 0.3684622,
    "height": 1.5,
    "objects": [
        [
            [
                0.2894311547279358,
                -7.557131290435791,
                10.208023618536643,
                2.534760433803727,
                1.5,
                1.4357424230454208
            ]
        ],
        [
            [
                -14.452428817749023,
                -9.148824691772461,
                10.094789821367772,
                10.194107630218355,
                1.5,
                0.9094016437662789
            ]
        ],
        [
            [
                7.118715286254883,
                -9.756478309631348,
                3.548473890450576,
                18.061867617227392,
                1.5,
                2.927765392326999
            ]
        ],
        [
            [
                12.242569923400879,
                6.202749729156494,
                6.366927810636839,
                6.5964936310049795,
                1.5,
                2.717660113932898
            ]
        ],
        [
            [
                17.520557403564453,
                18.617916107177734,
                4.870498448533403,
                3.514319737591182,
                1.5,
                0.5191178999773678
            ]
        ],
        [
            [
                -2.3661892414093018,
                12.968544960021973,
                9.208718281381806,
                17.700534760570303,
                1.5,
                1.9321861320186613
            ]
        ],
        [
            [
                -3.505265474319458,
                -20.074134826660156,
                4.778721012633767,
                5.317873374592747,
                1.5,
                2.928530648649202
            ]
        ],
        [
            [
                -15.199771881103516,
                19.41956329345703,
                14.680461965072297,
                2.3869172080051637,
                1.5,
                0.06795954794692993
            ]
        ],
        [
            [
                -20.008272171020508,
                4.229513168334961,
                3.157950838625175,
                5.704739761962966,
                1.5,
                0.3193586212362143
            ]
        ],
        [
            [
                -7.225885391235352,
                -1.2346643209457397,
                14.078722491791344,
                2.518534749902561,
                1.5,
                2.288762364674989
            ]
        ],
        [
            [
                19.926881790161133,
                -8.014119148254395,
                6.1542933529856745,
                2.286337559628235,
                1.5,
                1.9809226551091461
            ]
        ],
        [
            [
                21.217416763305664,
                -20.5258731842041,
                4.580503790748642,
                2.8933826226677124,
                1.5,
                0.8406342242777951
            ]
        ],
        [
            [
                21.296659469604492,
                5.419086456298828,
                2.705294530366772,
                2.5206543002773456,
                1.5,
                1.4349428173399108
            ]
        ],
        [
            [
                12.510305404663086,
                -13.114628791809082,
                3.16369357852225,
                2.210292950191046,
                1.5,
                1.0115847057474632
            ]
        ],
        [
            [
                14.58772087097168,
                -20.38713836669922,
                3.5023955181043256,
                3.067994705093333,
                1.5,
                1.437473344446708
            ]
        ],
        [
            [
                0.5849165916442871,
                2.4672110080718994,
                2.708121964109008,
                5.121567736109853,
                1.5,
                2.4440052887454797
            ]
        ],
        [
            [
                -21.565372467041016,
                -3.3122730255126953,
                3.0244320391852053,
                4.494187059804324,
                1.5,
                2.0798890214248678
            ]
        ],
        [
            [
                -19.114341259002686,
                -19.48188066482544,
                4.863648147168149,
                5.090727087703057,
                1.5,
                2.3072113282994238
            ]
        ],
        [
            [
                -5.157191753387451,
                -13.973565816879272,
                2.463972650565707,
                2.2421064045563623,
                1.5,
                2.8829157853577367
            ]
        ],
        [
            [
                -15.015503883361816,
                8.877735376358032,
                2.6342615870856037,
                4.64987537339376,
                1.5,
                0.1799545875334232
            ]
        ],
        [
            [
                20.220745086669922,
                11.058891534805298,
                5.109074304089072,
                4.290600097837316,
                1.5,
                0.17117115498885482
            ]
        ],
        [
            [
                -9.32302713394165,
                -20.851139545440674,
                2.652650568430634,
                2.8758296597291344,
                1.5,
                1.6310221882004001
            ]
        ],
        [
            [
                7.259872078895569,
                -22.895140171051025,
                2.651199947873096,
                4.136862696798138,
                1.5,
                1.6425892649718583
            ]
        ],
        [
            [
                21.508949041366577,
                -14.537344932556152,
                2.055714527820852,
                4.245395755724671,
                1.5,
                1.5395665760565829
            ]
        ],
        [
            [
                16.561195611953735,
                -1.60145902633667,
                2.0327976684371922,
                5.038080051045258,
                1.5,
                1.5109139329830739
            ]
        ],
        [
            [
                -18.67921882867813,
                14.299376010894775,
                2.5088631224220013,
                6.838500630146679,
                1.5,
                1.7097314672255406
            ]
        ],
        [
            [
                -21.66974902153015,
                23.372825622558594,
                2.4847999708334787,
                2.1209060503046486,
                1.5,
                1.4892509918267962
            ]
        ],
        [
            [
                9.211135864257812,
                18.378779262304306,
                3.3814482832616326,
                4.088567548266452,
                1.5,
                0.7546228769104706
            ]
        ],
        [
            [
                23.139527797698975,
                20.385660767555237,
                2.214816367880865,
                2.2606379184945125,
                1.5,
                1.2857641961561121
            ]
        ],
        [
            [
                -23.349019765853882,
                -15.722703240811825,
                2.0767203634475306,
                2.118591429168671,
                1.5,
                1.7749727778137907
            ]
        ],
        [
            [
                -10.006583392620087,
                -16.56348478794098,
                2.29327452374048,
                2.633132616746363,
                1.5,
                0.0318531959777586
            ]
        ],
        [
            [
                -10.743579506874084,
                -2.072405219078064,
                2.4765483597651,
                2.5600667920043465,
                1.5,
