{
    "world_name": "subworld-369",
    "width": 50,
    "build_up": 0.38815696,
    "height": 1.5,
    "objects": [
        [
            [
                8.855135917663574,
                -8.205679893493652,
                12.518979202979866,
                18.63091791167201,
                1.5,
                0.789467995437424
            ]
        ],
        [
            [
                -19.839075088500977,
                -10.193205833435059,
                3.737416302536148,
                6.2593686563977045,
                1.5,
                1.2074710990634765
            ]
        ],
        [
            [
                -5.009212970733643,
                10.638562202453613,
                11.201522915718748,
                4.196474690794855,
                1.5,
                2.003271002563711
            ]
        ],
        [
            [
                0.9532386660575867,
                17.120723724365234,
                11.407711851260173,
                4.354011149647567,
                1.5,
                2.1225589276821526
            ]
        ],
        [
            [
                -8.420384407043457,
                -16.48275375366211,
                7.585545199156355,
                8.073674919620297,
                1.5,
                2.8202320766715823
            ]
        ],
        [
            [
                9.959985733032227,
                13.228754997253418,
                13.314347404841786,
                4.086314450129306,
                1.5,
                1.1369086701639093
            ]
        ],
        [
            [
                -14.153300285339355,
                -1.6583006381988525,
                5.447575725420371,
                13.992529617466648,
                1.5,
                1.5407586406659615
            ]
        ],
        [
            [
                17.972558975219727,
                8.35749626159668,
                6.242521051671636,
                4.8325880241480155,
                1.5,
                3.111712464684834
            ]
        ],
        [
            [
                -11.568741798400879,
                20.704601287841797,
                3.7406070567210374,
                4.9504292293565815,
                1.5,
                1.4466386273839462
            ]
        ],
        [
            [
                -19.819406509399414,
                16.926841735839844,
                12.102386167225154,
                4.05829697273776,
                1.5,
                1.8606971504609149
            ]
        ],
        [
            [
                -20.291640281677246,
                -18.565600872039795,
                3.835692502117185,
                3.588674625984905,
                1.5,
                2.733197881175024
            ]
        ],
        [
            [
                -16.628894805908203,
                6.202420711517334,
                4.1892003491232614,
                3.928066751503863,
                1.5,
                2.0902459700666802
            ]
        ],
        [
            [
                21.011303901672363,
                20.923362731933594,
                3.874305905365879,
                2.3849560526060043,
                1.5,
                2.9950461958505548
            ]
        ],
        [
            [
                -1.8092694282531738,
                -19.67185151576996,
                2.1529959258315476,
                2.069587962957381,
                1.5,
                1.7059311974493068
            ]
        ],
        [
            [
                -6.501785635948181,
                -8.754989624023438,
                6.248695438393679,
                2.2537443902070584,
                1.5,
                0.13254710181898033
            ]
        ],
        [
            [
                5.312990128993988,
                -20.923338174819946,
                2.2109442474940946,
                2.725782014430476,
                1.5,
                1.684062072519595
            ]
        ],
        [
            [
                2.311471700668335,
                -17.159916281700134,
                3.277797846561505,
                2.4537139323887147,
                1.5,
                0.8602360948932262
            ]
        ],
        [
            [
                17.653406739234924,
                -19.165581434965134,
                2.5715059705414998,
                3.2987571098731383,
                1.5,
                2.602951761655104
            ]
        ],
        [
            [
                19.394753992557526,
                -5.26239287853241,
                10.09582738841896,
                2.8905725213875035,
                1.5,
                2.27351639954291
            ]
        ],
        [
            [
                -9.462409019470215,
                4.962354063987732,
                3.0623740853257795,
                3.9394816123350487,
                1.5,
                1.0915528685947091
            ]
        ],
        [
            [
                18.576523914933205,
                2.482954502105713,
                9.002611553425794,
                2.111793645569818,
                1.5,
                3.133427086049202
            ]
        ],
        [
            [
                4.966010093688965,
                21.12150239944458,
                3.9313704276995,
                2.447145367594049,
                1.5,
                1.564519838245121
            ]
        ],
        [
            [
                20.19525718688965,
                15.401090860366821,
                3.057589565342106,
                5.813142838520667,
                1.5,
                1.6355314366043279
            ]
        ],
        [
            [
                -15.14762744307518,
                -22.712005615234375,
                3.310564815663643,
                2.8657929206586217,
                1.5,
                3.043740636506537
            ]
        ],
        [
            [
                -10.178801417350769,
                -23.085270285606384,
                2.308216538336503,
                2.88323650074938,
                1.5,
                1.268963750239413
            ]
        ],
        [
            [
                -3.3646143078804016,
                -23.33241868019104,
                2.362263223969667,
                2.176982046003648,
                1.5,
                0.822049845883346
            ]
        ],
        [
            [
                -3.6550758481025696,
                -2.4576478600502014,
                2.4384852811128432,
                2.5866203478857264,
                1.5,
                0.8878503169466808
            ]
        ],
        [
            [
                9.498573772609234,
                -22.246384233236313,
                2.179063456702932,
                3.4404514562633817,
                1.5,
                0.17353555899192785
            ]
        ],
        [
            [
                21.531176894903183,
                -22.174165666103363,
                2.0051481876006245,
                3.158403153217939,
                1.5,
                1.3690854854467205
            ]
        ],
        [
            [
                23.26677930355072,
                -15.51105785369873,
                3.7318535143198313,
                2.38696935268009,
                1.5,
                1.5545468416046029
            ]
        ],
        [
            [
                21.742087349295616,
                -2.0187289714813232,
                3.10740283787474,
                2.2270744259789317,
                1.5,
                0.4488267894432125
            ]
        ],
        [
            [
                -20.67255139350891,
                4.0447147488594055,
                2.97647473050909,
                2.283441352748489,
                1.5,
