{
    "world_name": "subworld-391",
    "width": 50,
    "build_up": 0.39897076,
    "height": -1.0,
    "objects": [
        [
            [
                14.446069717407227,
                -7.66958475112915,
                6.430428742296892,
                6.642328031379474,
                3.253186504334126,
                2.825776469973193
            ]
        ],
        [
            [
                -7.020331382751465,
                -17.6075382232666,
                14.788837723186571,
                2.9284887443270122,
                13.510001004630775,
                1.1277769319012059
            ]
        ],
        [
            [
                0.16828735172748566,
                4.997591972351074,
                8.245583734796503,
                14.851347145906935,
                15.533733852129107,
                0.784403816400942
            ]
        ],
        [
            [
                1.8676811456680298,
                17.613197326660156,
                9.925189340908272,
                4.980236011761079,
                14.657682335377618,
                2.90104706692495
            ]
        ],
        [
            [
                -15.967347145080566,
                14.168991088867188,
                11.094851913695027,
                2.9349709100014643,
                2.273150069150948,
                0.7291080513181359
            ]
        ],
        [
            [
                -12.314216613769531,
                -6.965315818786621,
                11.921947300947336,
                6.176513575698088,
                13.450973448599193,
                0.3617008438070519
            ]
        ],
        [
            [
                6.166482925415039,
                -13.165787696838379,
                2.626902739566906,
                6.752213393566354,
                12.359099145274394,
                0.04429312597689039
            ]
        ],
        [
            [
                12.910085678100586,
                10.23779010772705,
                10.665384520567178,
                7.92400359274491,
                15.34837464771732,
                1.0122890994304101
            ]
        ],
        [
            [
                -1.127220630645752,
                -19.15804672241211,
                7.302033347023983,
                5.193551029446776,
                18.668171390470107,
                0.4002301135658388
            ]
        ],
        [
            [
                19.0146427154541,
                -20.22388458251953,
                2.7552998861699347,
                3.3883249844072174,
                15.415357146356616,
                0.5658569003963105
            ]
        ],
        [
            [
                -14.511219024658203,
                6.2704010009765625,
                4.298678475867427,
                2.6388662186948455,
                5.290981638422191,
                0.9408137785354024
            ]
        ],
        [
            [
                13.464020729064941,
                -20.747909545898438,
                2.041138051326935,
                4.318577503035621,
                7.086296209082159,
                0.1610173724977142
            ]
        ],
        [
            [
                -18.441568851470947,
                -19.9511775970459,
                4.9762326180299326,
                11.335744372893746,
                18.634556800950595,
                1.7671316668993686
            ]
        ],
        [
            [
                -21.676959991455078,
                -9.133674621582031,
                3.695251339470813,
                2.1096776211739527,
                11.165521033979743,
                1.3545209782335468
            ]
        ],
        [
            [
                20.75448703765869,
                -2.692410469055176,
                2.7747656296743406,
                3.502591597507376,
                9.555273832225792,
                2.5403992086318827
            ]
        ],
        [
            [
                5.576545238494873,
                -19.31415367126465,
                2.7770177246095322,
                4.9187741935322125,
                6.018763665329361,
                0.7357372602700258
            ]
        ],
        [
            [
                -17.26318120956421,
                21.666431427001953,
                5.391081193683338,
                2.244319096745085,
                14.510981707958354,
                0.2851554956333071
            ]
        ],
        [
            [
                19.76393985748291,
                17.747234344482422,
                3.9826860426743402,
                5.644438641805538,
                3.2072125837917635,
                2.8020691080874958
            ]
        ],
        [
            [
                -21.293676614761353,
                -15.156081438064575,
                2.5563850385945583,
                4.476520540547265,
                16.486726683147804,
                2.841138588483151
            ]
        ],
        [
            [
                -21.03561782836914,
                -1.8637604713439941,
                4.215910200804237,
                2.6179948215667466,
                19.09038473845684,
                0.11348856576582422
            ]
        ],
        [
            [
                -2.879122257232666,
                -1.9102973937988281,
                3.194823563874907,
                2.0784893048316806,
                18.828485715159633,
                2.34463334060948
            ]
        ],
        [
            [
                22.272105932235718,
                -15.786975145339966,
                2.3900489563966922,
                2.2758500151602044,
                6.110239968771952,
                0.8323303041492255
            ]
        ],
        [
            [
                6.617186665534973,
                -6.438993185758591,
                2.0461138333437856,
                2.317969952873437,
                15.500666801637802,
                2.6457149693047213
            ]
        ],
        [
            [
                -19.845391869544983,
                3.002998113632202,
                2.02371362915472,
                4.1268699468171475,
                17.825110866816384,
                2.451190628194042
            ]
        ],
        [
            [
                -21.02544665336609,
                16.071101665496826,
                6.362611794506049,
                2.56460027305031,
                6.419175244820412,
                0.5144977287735211
            ]
        ],
        [
            [
                -6.574307411909103,
                21.900816679000854,
                2.77133138655359,
                3.626443493476975,
                12.251711709760883,
                1.3820243569027328
            ]
        ],
        [
            [
                -7.824732780456543,
                15.323189735412598,
                3.4940615286638064,
                2.2639437519392143,
                19.588989604140867,
                2.32599340022885
            ]
        ],
        [
            [
                21.988466501235962,
                6.092611998319626,
                2.498764538743691,
                2.9872906245402566,
                17.64465411963322,
                1.6757563697216091
            ]
        ],
        [
            [
                22.11206293106079,
                10.18272590637207,
                2.047170920830391,
                3.4636069805900043,
                5.422436164788171,
                2.099465581023413
            ]
        ],
        [
            [
                5.951147496700287,
                22.188040494918823,
                2.4526828019541287,
                4.089154167065436,
                11.119324162346153,
                1.3991988699022133
            ]
        ],
        [
