{
    "world_name": "subworld-411",
    "width": 50,
    "build_up": 0.324755,
    "height": 1.5,
    "objects": [
        [
            [
                9.349788665771484,
                0.6193780303001404,
                9.320561901497406,
                11.771969809338593,
                1.5,
                1.4801522067270318
            ]
        ],
        [
            [
                -2.0475494861602783,
                -15.58923625946045,
                2.7166839612781524,
                5.189222993532877,
                1.5,
                0.7423355280641529
            ]
        ],
        [
            [
                -4.714062690734863,
                8.041193962097168,
                5.00656275180521,
                14.004752801801114,
                1.5,
                2.831826793824959
            ]
        ],
        [
            [
                -13.221062660217285,
                -7.481139659881592,
                4.105770733459227,
                2.5471851636012284,
                1.5,
                2.9725555422682177
            ]
        ],
        [
            [
                -11.483516693115234,
                16.158470153808594,
                2.3910464883767717,
                6.700825215324139,
                1.5,
                2.4768288034309345
            ]
        ],
        [
            [
                -20.356456756591797,
                -8.93774700164795,
                2.10962007386153,
                5.432643238043021,
                1.5,
                2.685292584782479
            ]
        ],
        [
            [
                12.256097793579102,
                -14.816650390625,
                3.581085961753711,
                15.255272289865946,
                1.5,
                0.020017397065827502
            ]
        ],
        [
            [
                -17.461952209472656,
                0.25397366285324097,
                2.396948962346931,
                3.1104035851631346,
                1.5,
                0.932346924863856
            ]
        ],
        [
            [
                10.639062881469727,
                15.340097427368164,
                6.1584993443749525,
                10.119220099151406,
                1.5,
                0.9614437057726594
            ]
        ],
        [
            [
                -18.385953903198242,
                -19.073644638061523,
                8.377553924946657,
                2.8031193953343063,
                1.5,
                2.6824513751035344
            ]
        ],
        [
            [
                21.253267288208008,
                -15.993369102478027,
                12.987476337262294,
                2.095622651820652,
                1.5,
                1.612925665125265
            ]
        ],
        [
            [
                -16.576322555541992,
                20.960031509399414,
                4.504296162322114,
                3.946031227782113,
                1.5,
                3.070767393095985
            ]
        ],
        [
            [
                21.038673400878906,
                -3.8623790740966797,
                4.958868405862991,
                3.336447739178988,
                1.5,
                1.284865933298765
            ]
        ],
        [
            [
                -9.245246887207031,
                -2.8877174854278564,
                3.4728421252554242,
                4.560689469093468,
                1.5,
                1.1694706137292066
            ]
        ],
        [
            [
                -19.67937469482422,
                11.695969581604004,
                10.473055244129478,
                2.113708283303217,
                1.5,
                1.4391178384616659
            ]
        ],
        [
            [
                -5.567502975463867,
                -9.682610273361206,
                3.9383833241717348,
                3.8072858639162117,
                1.5,
                1.1260455606705746
            ]
        ],
        [
            [
                -11.90887063741684,
                -15.171937227249146,
                3.6549194183335634,
                2.6851229683551296,
                1.5,
                2.22120093977017
            ]
        ],
        [
            [
                6.413987636566162,
                -17.190558910369873,
                2.0151001478559563,
                2.871377056801358,
                1.5,
                3.1034953292294367
            ]
        ],
        [
            [
                -13.35043978691101,
                4.8983259201049805,
                2.3670868471204174,
                2.5838899688924637,
                1.5,
                2.2052436775539266
            ]
        ],
        [
            [
                21.644514083862305,
                5.107755661010742,
                2.496284771432645,
                2.0559542064509886,
                1.5,
                0.17231939109473893
            ]
        ],
        [
            [
                17.294896125793457,
                19.157546043395996,
                2.1578799891967666,
                7.940696738217936,
                1.5,
                0.9058254933032736
            ]
        ],
        [
            [
                18.913350105285645,
                10.64262318611145,
                3.2335095268520266,
                2.722299963885634,
                1.5,
                2.6533082038570184
            ]
        ],
        [
            [
                -7.518473505973816,
                -21.460281372070312,
                4.190966411639462,
                3.9917436484707944,
                1.5,
                1.6580328983907038
            ]
        ],
        [
            [
                -2.891591787338257,
                -6.465258479118347,
                3.32595891333498,
                2.4100306200542785,
                1.5,
                0.7739699033407254
            ]
        ],
        [
            [
                3.830458402633667,
                -20.83429718017578,
                2.786899680918465,
                4.248060934975735,
                1.5,
                0.7514169908672907
            ]
        ],
        [
            [
                5.7804631888866425,
                -8.354475259780884,
                3.10275593321207,
                2.2231070348267226,
                1.5,
                0.20608382028093253
            ]
        ],
        [
            [
                -4.246332168579102,
                22.406712532043457,
                4.75299755259816,
                2.0928464781501113,
                1.5,
                2.617028513813997
            ]
        ],
        [
            [
                5.182189345359802,
                9.142590999603271,
                5.02176822694417,
                2.1927635682409945,
                1.5,
                0.2246328673137703
            ]
        ],
        [
            [
                -21.8970256857574,
                -22.84851187467575,
                3.29450533073709,
                2.7627628361641374,
                1.5,
                2.3866404418823794
            ]
        ],
        [
            [
                -1.8438198566436768,
                -21.593022167682648,
                2.963975431933422,
                2.789490624251995,
                1.5,
                3.1107022772060686
            ]
        ],
        [
            [
                -23.05483388900757,
                -3.0099900662899017,
                2.222174090459354,
                2.3834248391413464,
                1.5,
                1.6966654602957096
            ]
        ],
        [
            [
                -3.8938227891921997,
                -2.774218589067459,
                2.972199111377078,
                3.4532864528057075,
                1.5,
