{
    "world_name": "subworld-406",
    "width": 50,
    "build_up": 0.43656216,
    "height": 20.0,
    "objects": [
        [
            [
                8.844874382019043,
                2.888192653656006,
                11.649515672219115,
                4.316142855213157,
                20.0,
                0.8502002229842246
            ]
        ],
        [
            [
                -14.471041679382324,
                -13.472559928894043,
                6.62991665669048,
                9.081301207275791,
                20.0,
                0.5451947300095812
            ]
        ],
        [
            [
                10.200618743896484,
                -13.349658966064453,
                19.644677004552076,
                9.220577902044196,
                20.0,
                0.3014137250887343
            ]
        ],
        [
            [
                -6.323762893676758,
                15.949430465698242,
                13.558944813226576,
                9.411741087695193,
                20.0,
                0.1535969964376478
            ]
        ],
        [
            [
                -2.8023312091827393,
                -3.430077314376831,
                5.081066648116824,
                10.767201020391479,
                20.0,
                1.157455135317652
            ]
        ],
        [
            [
                13.309442520141602,
                16.888185501098633,
                15.361755992406865,
                9.167277951513356,
                20.0,
                0.22055055908994436
            ]
        ],
        [
            [
                -2.9006454944610596,
                4.629504680633545,
                3.230996681937416,
                6.9777512060826705,
                20.0,
                2.765431570584618
            ]
        ],
        [
            [
                -16.52432632446289,
                3.343658208847046,
                11.169193004938563,
                6.139482025273267,
                20.0,
                0.022951692653867983
            ]
        ],
        [
            [
                -3.791198253631592,
                -18.475622177124023,
                4.87634823386265,
                2.4659624231067045,
                20.0,
                1.6659485556885079
            ]
        ],
        [
            [
                19.915424346923828,
                7.58391809463501,
                4.361642698785541,
                2.3688748524720804,
                20.0,
                3.085815575460072
            ]
        ],
        [
            [
                -19.471651077270508,
                18.993572235107422,
                5.103593202449622,
                7.084723698630066,
                20.0,
                0.37190837908263075
            ]
        ],
        [
            [
                16.707355499267578,
                0.9533226490020752,
                7.807321827856258,
                3.87403523011806,
                20.0,
                0.9263511608650083
            ]
        ],
        [
            [
                -21.47420597076416,
                -17.297941207885742,
                3.3754881691966054,
                2.1798412961496987,
                20.0,
                0.7854127874706799
            ]
        ],
        [
            [
                -5.3714375495910645,
                -9.782140493392944,
                2.0589587953563737,
                2.735650413924364,
                20.0,
                0.5456106176664559
            ]
        ],
        [
            [
                -14.60972785949707,
                -3.212336540222168,
                5.295234399846931,
                2.0253795757836546,
                20.0,
                2.866980995532224
            ]
        ],
        [
            [
                18.12404775619507,
                -20.149253845214844,
                3.5750134677749514,
                9.002715211666265,
                20.0,
                2.0545519236689955
            ]
        ],
        [
            [
                -19.60084980726242,
                -21.582974910736084,
                3.1500106600245874,
                4.145918850850957,
                20.0,
                0.31871642190323723
            ]
        ],
        [
            [
                -20.019885420799255,
                -5.7683685421943665,
                2.0361732892409137,
                3.523276226007789,
                20.0,
                1.7785188554854745
            ]
        ],
        [
            [
                22.090378284454346,
                -2.4519119262695312,
                3.382068880370708,
                3.4155751341248375,
                20.0,
                1.8024573159546555
            ]
        ],
        [
            [
                3.105607509613037,
                21.976613521575928,
                2.419470295319221,
                2.997890069311798,
                20.0,
                1.6518473446549073
            ]
        ],
        [
            [
                -15.564252972602844,
                -22.964880108833313,
                2.530725103487763,
                2.849321706571339,
                20.0,
                2.038625285181634
            ]
        ],
        [
            [
                -8.54829603433609,
                -22.41724407672882,
                3.9972572534217115,
                2.455330751699011,
                20.0,
                0.22568990216054075
            ]
        ],
        [
            [
                -21.99550873786211,
                -2.429932415485382,
                2.085962902412784,
                2.4145405434263942,
                20.0,
                1.7228185130721372
            ]
        ],
        [
            [
                -10.581478118896484,
                -8.012076616287231,
                2.2544385564201717,
                2.0360924529007622,
                20.0,
                0.8453761658921848
            ]
        ],
        [
            [
                8.578977227210999,
                -21.66685138642788,
                3.177598172367,
                2.9245069019579164,
                20.0,
                1.8955378398597784
            ]
        ],
        [
            [
                23.317780375480652,
                -21.80384572595358,
                2.4895716473165646,
                2.363488793074894,
                20.0,
                1.7288741215050911
            ]
        ],
        [
            [
                2.913333013653755,
                -8.122316122055054,
                3.239035494421248,
                2.0475459899216863,
                20.0,
                0.5106690744529943
            ]
        ],
        [
            [
                9.040196716785431,
                -4.0993382930755615,
                2.0097839849650474,
                2.205937683137335,
                20.0,
                0.331074315983638
            ]
        ],
        [
            [
                22.566261887550354,
                -10.282071232795715,
                4.006007694674087,
                2.0218843646155844,
                20.0,
                1.7779651656863666
            ]
        ],
        [
            [
                -20.87639170885086,
                10.32067620754242,
                3.744515416668454,
                3.2119155834482958,
                20.0,
                1.4434434292417897
            ]
        ],
        [
            [
                -15.385949090123177,
                10.312257289886475,
                2.5882347251088693,
                3.68301994638823,
                20.0,
                0.12799634811813987
            ]
        ],
        [
            [
                -15.519165933132172,
                22.28056612610817,
                2.813730274356776,
