{
    "world_name": "subworld-197",
    "width": 50,
    "build_up": 0.40133248,
    "height": -1.0,
    "objects": [
        [
            [
                16.529577255249023,
                -12.602397918701172,
                14.434148212564116,
                10.417757905177785,
                14.519925800097925,
                1.367770035438381
            ]
        ],
        [
            [
                -17.016311645507812,
                -16.97132110595703,
                7.257861743761318,
                2.95723540493168,
                9.410975071746144,
                1.8448838075676495
            ]
        ],
        [
            [
                4.795334815979004,
                9.57188606262207,
                18.665108632865085,
                10.961727306577561,
                11.190929295128335,
                2.2241536891067843
            ]
        ],
        [
            [
                0.9305166602134705,
                -18.001537322998047,
                2.2887459073366987,
                19.239449789891736,
                7.508599445888794,
                1.19531602724189
            ]
        ],
        [
            [
                -14.221736907958984,
                9.724787712097168,
                12.372263491303887,
                3.2549614388546875,
                12.949633565969698,
                0.24594357893064678
            ]
        ],
        [
            [
                -15.632925033569336,
                18.820341110229492,
                6.472024145810515,
                6.8349716231717395,
                5.455825409247845,
                1.975089350245497
            ]
        ],
        [
            [
                14.312915802001953,
                15.679036140441895,
                2.503496613843672,
                3.0367871781806555,
                15.174717997990841,
                2.538820594393856
            ]
        ],
        [
            [
                -2.217883586883545,
                4.12691068649292,
                3.0087721649332844,
                2.181251331139243,
                10.522451494685875,
                1.5972634173169806
            ]
        ],
        [
            [
                -1.0328196287155151,
                -8.733455657958984,
                2.078185836575112,
                7.3086618417936675,
                5.475084132082491,
                2.9889022298831835
            ]
        ],
        [
            [
                18.959978103637695,
                14.188197135925293,
                2.7015095569459637,
                2.106497823606077,
                18.179260884941435,
                2.9490548392617133
            ]
        ],
        [
            [
                -9.844643592834473,
                3.107330322265625,
                3.6717021519637214,
                2.304973164519626,
                2.57253722638281,
                0.9611392668588897
            ]
        ],
        [
            [
                -10.197402000427246,
                -7.347984790802002,
                5.639606463331223,
                7.1700936218082685,
                6.765969477054407,
                1.4811246410864094
            ]
        ],
        [
            [
                -19.384784698486328,
                0.853286623954773,
                2.2779742834087324,
                8.8117317363683,
                18.274118117091614,
                2.827835096058337
            ]
        ],
        [
            [
                15.431073188781738,
                21.290437698364258,
                3.678545192682565,
                2.155745272701073,
                8.224975103498874,
                1.8353020683555408
            ]
        ],
        [
            [
                18.41239356994629,
                -0.3581468164920807,
                7.184827856575446,
                2.8661673066887587,
                5.239139769610784,
                0.24931837266645784
            ]
        ],
        [
            [
                6.070502758026123,
                -10.962950706481934,
                3.3611479326079228,
                6.297495420042405,
                12.990392980678156,
                2.56635783686428
            ]
        ],
        [
            [
                -21.18537139892578,
                -21.36865782737732,
                2.2513882233373037,
                2.042004073227518,
                3.9136450580182967,
                1.8163605800965608
            ]
        ],
        [
            [
                -6.198125820606947,
                -22.309990406036377,
                6.975089264969288,
                2.161291629177478,
                8.105662103436229,
                0.0005367862302252391
            ]
        ],
        [
            [
                -19.697685837745667,
                -7.354809522628784,
                4.361994155251946,
                5.039264096429135,
                4.75597179648265,
                1.1351051063734166
            ]
        ],
        [
            [
                -4.198288202285767,
                6.94773143529892,
                2.9748370376985744,
                2.880885600167832,
                19.810051125414294,
                2.1142776151631764
            ]
        ],
        [
            [
                -21.898999452590942,
                22.79183864593506,
                3.8689023108656877,
                2.0613584382263124,
                6.0561240713927225,
                0.7020652031736354
            ]
        ],
        [
            [
                -22.323472023010254,
                16.14363384246826,
                4.07231625978809,
                2.7181544652023275,
                10.847192517026304,
                1.3631883295525835
            ]
        ],
        [
            [
                -5.194618105888367,
                22.808117866516113,
                3.236111790999715,
                3.594359512087979,
                8.26198687855537,
                1.7033050785791328
            ]
        ],
        [
            [
                21.449294328689575,
                4.717655181884766,
                3.0586796708148656,
                2.222639281861207,
                11.551356335308665,
                2.457441741438079
            ]
        ],
        [
            [
                15.56446886062622,
                10.113083839416504,
                4.25599791286153,
                2.10752452534277,
                18.010485075737623,
                2.633589093375146
            ]
        ],
        [
            [
                8.623538494110107,
                20.386433959007263,
                5.827633569857025,
                2.1599223546231014,
                14.489261296398727,
                2.975556367829725
            ]
        ],
        [
            [
                20.436126947402954,
                22.14901566505432,
                2.252968309638423,
                3.9700784407181917,
                11.265742330585502,
                2.834402781870574
            ]
        ],
        [
            [
                -23.365827918052673,
                -15.635740698315203,
                2.3792383085899353,
                2.8072627938306622,
                2.0566607965026256,
                0.25253877318293383
            ]
        ],
        [
            [
                -16.501335501670837,
                -3.2730498015880585,
                2.4963390008846615,
                3.5219622331551195,
                6.934547927053383,
                1.4767145651362814
            ]
        ],
        [
            [
                -4.009461760520935,
                -3.0799460858106613,
                3.452444637539192,
                2.2600093258852247,
                9.381503565653265,
                1.6353085010054516
            ]
        ],
        [
