{
    "world_name": "subworld-356",
    "width": 50,
    "build_up": 0.44758368,
    "height": 1.5,
    "objects": [
        [
            [
                7.598533630371094,
                9.1456880569458,
                17.840463889906353,
                14.19782372131477,
                1.5,
                0.7855652425220595
            ]
        ],
        [
            [
                14.882804870605469,
                -5.494260311126709,
                10.713306969015182,
                2.6591440666262574,
                1.5,
                2.7916090180501754
            ]
        ],
        [
            [
                -14.556964874267578,
                10.340522766113281,
                17.89165413447547,
                2.2173625735534714,
                1.5,
                2.4069292264596873
            ]
        ],
        [
            [
                -7.136441707611084,
                -12.265605926513672,
                19.225532708484188,
                18.06079848779413,
                1.5,
                1.735926626286118
            ]
        ],
        [
            [
                15.398863792419434,
                -16.332748413085938,
                4.891778542112004,
                9.772091893792197,
                1.5,
                1.2462018207682766
            ]
        ],
        [
            [
                -18.770931243896484,
                2.776489734649658,
                9.202319367438037,
                3.373161236785305,
                1.5,
                3.044237124376866
            ]
        ],
        [
            [
                -9.143996238708496,
                19.333290100097656,
                6.336045047636272,
                4.2022994279379695,
                1.5,
                0.6248237624247133
            ]
        ],
        [
            [
                -19.242759227752686,
                -18.88609790802002,
                4.076441813163122,
                2.9499613233656334,
                1.5,
                1.2838503279164244
            ]
        ],
        [
            [
                7.3484578132629395,
                -7.620181560516357,
                3.422186254716497,
                2.056988284358129,
                1.5,
                0.5891724949973155
            ]
        ],
        [
            [
                -21.278181076049805,
                22.342084884643555,
                3.1498747864017798,
                3.2889461588948192,
                1.5,
                0.8744336327697431
            ]
        ],
        [
            [
                -5.487925052642822,
                14.22045385837555,
                2.3959133446142395,
                11.461865945958916,
                1.5,
                2.546405218500782
            ]
        ],
        [
            [
                20.03361701965332,
                19.475983142852783,
                4.534110603295976,
                5.546469413784782,
                1.5,
                0.42838022355636274
            ]
        ],
        [
            [
                19.26054811477661,
                3.8140392303466797,
                2.1745750550991696,
                3.3256232499998823,
                1.5,
                1.1530423553989753
            ]
        ],
        [
            [
                -21.99858331680298,
                -10.08794903755188,
                3.9232314527376295,
                3.0891027240285416,
                1.5,
                1.7146731587498982
            ]
        ],
        [
            [
                9.70732831954956,
                -21.52601194381714,
                3.0680123810372955,
                4.670936098459898,
                1.5,
                1.1826171474429505
            ]
        ],
        [
            [
                22.58136558532715,
                -9.864013433456421,
                2.99255360958489,
                3.8492542560133116,
                1.5,
                2.835117097025214
            ]
        ],
        [
            [
                -18.55471706390381,
                8.290182113647461,
                2.9554246041409185,
                2.131595195290977,
                1.5,
                0.2675303285270354
            ]
        ],
        [
            [
                -16.944883346557617,
                18.313806772232056,
                2.079073651199085,
                3.6972999083030818,
                1.5,
                0.8242486261011392
            ]
        ],
        [
            [
                6.452478289604187,
                23.285433292388916,
                3.037544004789771,
                2.111201747362103,
                1.5,
                1.6112592250069426
            ]
        ],
        [
            [
                -20.536348462104797,
                -23.263123393058777,
                2.398294595122061,
                2.4439445921794523,
                1.5,
                0.7188569993383948
            ]
        ],
        [
            [
                -21.400516003370285,
                -15.237219989299774,
                2.4515058852764913,
                2.396342272360292,
                1.5,
                0.4660097470651834
            ]
        ],
        [
            [
                -21.29103195667267,
                -3.4894324243068695,
                2.238475067453308,
                2.0180529389507877,
                1.5,
                1.5350548797421
            ]
        ],
        [
            [
                15.575753249228,
                -22.501407980918884,
                3.0248736552165445,
                3.4695898917542625,
                1.5,
                0.684999057579742
            ]
        ],
        [
            [
                22.241279393434525,
                -2.4636240005493164,
                3.8040080015638615,
                3.94787103310318,
                1.5,
                2.836690943845018
            ]
        ],
        [
            [
                -21.831236261874437,
                9.556684359908104,
                2.8232750729499014,
                4.854606016524753,
                1.5,
                2.9074872897101556
            ]
        ],
        [
            [
                -3.6544902324676514,
                1.5484308004379272,
                2.444583357554002,
                2.471581161678804,
                1.5,
                3.101122345609464
            ]
        ],
        [
            [
                -15.406179249286652,
                22.284676671028137,
                3.089952923129315,
                2.1324425624825514,
                1.5,
                0.7861220828280764
            ]
        ],
        [
            [
                -2.87483549118042,
                22.777846693992615,
                2.1218864982747587,
                2.0195586769436966,
                1.5,
                3.056123974378944
            ]
        ],
        [
            [
                15.250302940607071,
                1.8056941032409668,
                2.028842721706821,
                2.4368985377909524,
                1.5,
                0.4863031610768416
            ]
        ],
        [
            [
                21.74347423017025,
                8.581027925014496,
                2.509580166019413,
                2.3762624504754237,
                1.5,
                2.9215173737475446
            ]
        ],
        [
            [
                3.8719260692596436,
                22.515912175178528,
                2.722857285190034,
                2.946765245142417,
                1.5,
                0.034118988470825284
            ]
        ],
        [
            [
                -23.32475675880909,
                -20.356692384630442,
                2.319352108145166,
                2.1423047431765165,
                1.5,
