{
    "world_name": "subworld-342",
    "width": 50,
    "build_up": 0.36286656,
    "height": 1.5,
    "objects": [
        [
            [
                -16.487863540649414,
                7.10581111907959,
                10.209415042577062,
                10.295388451171423,
                1.5,
                1.2846945906215481
            ]
        ],
        [
            [
                -12.037939071655273,
                -12.701725006103516,
                12.29163883311171,
                3.344766763333288,
                1.5,
                2.5719225439978226
            ]
        ],
        [
            [
                11.0265474319458,
                -2.574000597000122,
                16.05445889191808,
                11.107781484381682,
                1.5,
                0.505647213060959
            ]
        ],
        [
            [
                -7.7489728927612305,
                15.332145690917969,
                4.166068625996331,
                4.987968237169078,
                1.5,
                2.682153956455632
            ]
        ],
        [
            [
                12.425594329833984,
                10.03149127960205,
                11.7341413534272,
                2.547928802528946,
                1.5,
                0.6653784321504717
            ]
        ],
        [
            [
                -3.318657398223877,
                -4.7928338050842285,
                3.8588877246940942,
                4.016201481411854,
                1.5,
                1.9537160674524405
            ]
        ],
        [
            [
                8.257736206054688,
                17.06285285949707,
                4.8336504672116565,
                11.180907598140507,
                1.5,
                2.5867497596331526
            ]
        ],
        [
            [
                18.38445472717285,
                21.549959182739258,
                3.1021233693583303,
                2.5463610008994113,
                1.5,
                2.7749656861187333
            ]
        ],
        [
            [
                2.3265902996063232,
                -18.47716522216797,
                2.3206352270351687,
                3.5740307914339424,
                1.5,
                1.43147885748174
            ]
        ],
        [
            [
                -0.36229071021080017,
                -12.05220890045166,
                4.217967313260523,
                4.9420778571963275,
                1.5,
                0.5414549590739912
            ]
        ],
        [
            [
                7.542510032653809,
                -21.588987350463867,
                4.2740344283661935,
                2.0786124973943565,
                1.5,
                2.801160310953061
            ]
        ],
        [
            [
                -0.9822207689285278,
                6.881433963775635,
                9.383001347299736,
                2.0571174179174907,
                1.5,
                0.015429421827447554
            ]
        ],
        [
            [
                -19.32718276977539,
                -19.626436233520508,
                7.218101735729528,
                2.6654901748601993,
                1.5,
                0.7883911019657646
            ]
        ],
        [
            [
                -0.7315547466278076,
                19.301410675048828,
                2.5863298983347702,
                3.780046737370808,
                1.5,
                0.568015608227942
            ]
        ],
        [
            [
                14.496079444885254,
                -17.97784423828125,
                4.7607881258085545,
                11.263254801466386,
                1.5,
                2.9904399741258736
            ]
        ],
        [
            [
                -22.100662231445312,
                -7.1864705085754395,
                2.5771594740785697,
                10.212204417335613,
                1.5,
                3.139554994182107
            ]
        ],
        [
            [
                -3.2027673721313477,
                -19.821310997009277,
                5.216258052150225,
                2.088398832037221,
                1.5,
                1.4200192190511394
            ]
        ],
        [
            [
                20.92868423461914,
                -14.744648933410645,
                6.07159586829818,
                2.6775410686721433,
                1.5,
                1.5681002056697146
            ]
        ],
        [
            [
                -5.3128342628479,
                2.3545913696289062,
                2.825670720083782,
                3.1787548589541617,
                1.5,
                0.9356196445911493
            ]
        ],
        [
            [
                -14.654065608978271,
                20.27268362045288,
                3.605603021613253,
                2.30342582903746,
                1.5,
                3.1114131769701405
            ]
        ],
        [
            [
                -17.68819522857666,
                17.04206657409668,
                3.102107210703952,
                11.168040611968808,
                1.5,
                1.119041429159969
            ]
        ],
        [
            [
                21.093180656433105,
                7.904080390930176,
                2.84467191228287,
                3.398690003899545,
                1.5,
                0.7815916181919196
            ]
        ],
        [
            [
                -9.197126626968384,
                -21.22982168197632,
                2.056216038399474,
                5.244518221279984,
                1.5,
                2.2864499356614787
            ]
        ],
        [
            [
                -16.708436727523804,
                -1.7814507484436035,
                2.3065123004988664,
                2.06014195914393,
                1.5,
                2.2183959623781737
            ]
        ],
        [
            [
                -3.9338765144348145,
                -9.136598348617554,
                2.6558874158473644,
                4.07208752380447,
                1.5,
                2.2445805888314125
            ]
        ],
        [
            [
                -9.290098905563354,
                -5.7515526711940765,
                2.3367903256789853,
                2.260946992611279,
                1.5,
                1.4235090146739515
            ]
        ],
        [
            [
                8.023293137550354,
                -16.30274772644043,
                2.028734392318124,
                3.726225084330686,
                1.5,
                2.0573503059750027
            ]
        ],
        [
            [
                3.2864890098571777,
                23.363112449645996,
                3.3847664847567294,
                2.396069589907946,
                1.5,
                0.11422544339458196
            ]
        ],
        [
            [
                -15.091843843460083,
                -22.211723685264587,
                2.054927096366097,
                3.766723090259557,
                1.5,
                2.6455233679926855
            ]
        ],
        [
            [
                -21.932805877178907,
                -16.084803134202957,
                2.7728708419007333,
                3.1703640960876935,
                1.5,
                0.8959381512952851
            ]
        ],
        [
            [
                -14.252484560012817,
                -3.9544798731803894,
                2.377588794431677,
                2.3768648264393972,
                1.5,
                0.1551824067019716
            ]
        ],
        [
            [
                3.920775294303894,
                -22.99773406982422,
                2.01871096473982,
                2.445345864075985,
                1.5,
