{
    "world_name": "subworld-344",
    "width": 50,
    "build_up": 0.4260228,
    "height": 20.0,
    "objects": [
        [
            [
                9.27488899230957,
                -4.355586051940918,
                17.841918749781605,
                17.18986814979757,
                20.0,
                0.2884202279247623
            ]
        ],
        [
            [
                6.448468208312988,
                20.286579132080078,
                16.34523646863885,
                5.87994471249906,
                20.0,
                0.0233929601573708
            ]
        ],
        [
            [
                4.390089511871338,
                10.898348808288574,
                5.260001695466009,
                17.31072745463391,
                20.0,
                1.725905413149941
            ]
        ],
        [
            [
                -18.674320220947266,
                5.139143943786621,
                9.061808468696519,
                6.736750289211729,
                20.0,
                1.3300413715529271
            ]
        ],
        [
            [
                -8.127294540405273,
                -13.951592445373535,
                7.073014398385609,
                2.9179020987779416,
                20.0,
                0.2237255021357032
            ]
        ],
        [
            [
                -17.444862365722656,
                -11.709694862365723,
                11.778051054165372,
                5.561413235223092,
                20.0,
                1.2203680100378624
            ]
        ],
        [
            [
                -16.033798217773438,
                21.23952865600586,
                4.451095826404107,
                3.6943499560394955,
                20.0,
                0.19863535930348508
            ]
        ],
        [
            [
                16.512643814086914,
                -18.1809139251709,
                6.503824490256694,
                2.067171865107537,
                20.0,
                1.9799573548186964
            ]
        ],
        [
            [
                18.529478073120117,
                13.857699394226074,
                7.55843533042477,
                2.3665173007810045,
                20.0,
                1.5186558371931889
            ]
        ],
        [
            [
                -9.908052444458008,
                -2.310504674911499,
                3.704557151435008,
                2.009408891014614,
                20.0,
                3.013530957254922
            ]
        ],
        [
            [
                -18.863039016723633,
                16.153823852539062,
                3.6815677280641497,
                2.5157790147271704,
                20.0,
                3.0797794354525037
            ]
        ],
        [
            [
                -4.315788269042969,
                -20.754865646362305,
                3.1304280664350395,
                5.185118445514621,
                20.0,
                1.8335571448234966
            ]
        ],
        [
            [
                10.966975450515747,
                -22.691678047180176,
                2.6548506686317155,
                4.4150193569254,
                20.0,
                1.6637944417936412
            ]
        ],
        [
            [
                -8.640445470809937,
                18.086262702941895,
                3.4152664007906584,
                2.4750211121951105,
                20.0,
                1.7932934930542426
            ]
        ],
        [
            [
                -9.575986862182617,
                6.529748916625977,
                9.171186384956565,
                3.4128437655718953,
                20.0,
                1.0228561511857037
            ]
        ],
        [
            [
                -18.029756367206573,
                -21.762295484542847,
                8.952258341468815,
                2.465634434368468,
                20.0,
                0.2155419987508831
            ]
        ],
        [
            [
                -21.88756036758423,
                -7.290706634521484,
                2.408175957493723,
                2.4419345772345,
                20.0,
                1.894301938445102
            ]
        ],
        [
            [
                -17.325846791267395,
                -2.603695869445801,
                4.394384261942051,
                2.4317301149023387,
                20.0,
                2.7810444838145667
            ]
        ],
        [
            [
                -4.122263431549072,
                -8.005978345870972,
                2.3244065097128854,
                2.9295321694150984,
                20.0,
                0.6630715242504703
            ]
        ],
        [
            [
                -4.247395753860474,
                -3.670429229736328,
                3.5984975193074695,
                3.022471158146226,
                20.0,
                2.2994971727521962
            ]
        ],
        [
            [
                5.431856095790863,
                -20.534388303756714,
                3.908779706446068,
                4.433300852091013,
                20.0,
                2.729528707216325
            ]
        ],
        [
            [
                23.30672025680542,
                -5.796557635068893,
                5.315512036929572,
                2.199012928224454,
                20.0,
                1.3439203523310193
            ]
        ],
        [
            [
                -21.501678943634033,
                21.669678688049316,
                3.045249752548697,
                4.804773224674386,
                20.0,
                0.7391363560519875
            ]
        ],
        [
            [
                21.43489384651184,
                5.242985963821411,
                5.217610938064404,
                3.381135811439717,
                20.0,
                0.11632779485519906
            ]
        ],
        [
            [
                20.44786047935486,
                23.407267570495605,
                2.161239023371112,
                3.175394322305566,
                20.0,
                1.8369779766223298
            ]
        ],
        [
            [
                -10.327581226825714,
                -20.672049283981323,
                2.186285979059705,
                2.413948986904866,
                20.0,
                2.069169093923991
            ]
        ],
        [
            [
                -22.878619074821472,
                -10.359340190887451,
                2.123298531014578,
                2.829875443659833,
                20.0,
                1.4904181826748433
            ]
        ],
        [
            [
                -23.152658224105835,
                -3.1132878893986344,
                3.1026017968509105,
                2.152972974225111,
                20.0,
                1.2353709827406074
            ]
        ],
        [
            [
                -9.764202028512955,
                -8.550801694393158,
                2.7797407813861605,
                3.1419670123069654,
                20.0,
                2.96345646361312
            ]
        ],
        [
            [
                9.066563934087753,
                -16.522271275520325,
                2.148044750329234,
                2.840044979756361,
                20.0,
                2.090318324119793
            ]
        ],
        [
            [
                22.518923223018646,
                -22.97805166244507,
                3.619074185809521,
                2.1174278927281156,
                20.0,
                0.5354987963998139
            ]
        ],
        [
            [
                21.18213051557541,
                -15.729651689529419,
                2.5290880715639235,
                2.161396065876099,
