{
    "world_name": "subworld-256",
    "width": 50,
    "build_up": 0.40185044,
    "height": 20.0,
    "objects": [
        [
            [
                -1.7372218370437622,
                -17.311758041381836,
                7.8917314031675865,
                8.207188960768665,
                20.0,
                1.5551467984450735
            ]
        ],
        [
            [
                -5.510680675506592,
                -1.1439943313598633,
                9.499930917336668,
                13.990439853156927,
                20.0,
                1.5268374989062163
            ]
        ],
        [
            [
                18.156389236450195,
                -6.418755054473877,
                3.148516203297392,
                2.0400048291123145,
                20.0,
                0.5392891605314054
            ]
        ],
        [
            [
                -9.828876495361328,
                11.123247146606445,
                8.57874361405829,
                9.522105987030244,
                20.0,
                1.297811159768063
            ]
        ],
        [
            [
                16.811416625976562,
                13.774470329284668,
                8.224034811682968,
                12.387143717144642,
                20.0,
                2.9399586778138307
            ]
        ],
        [
            [
                -17.383127212524414,
                -13.749299049377441,
                2.304305626300153,
                9.660299457638464,
                20.0,
                1.5464899103263525
            ]
        ],
        [
            [
                -20.972942352294922,
                7.602753639221191,
                6.335733787444555,
                2.5705147536821107,
                20.0,
                1.1484391059282206
            ]
        ],
        [
            [
                1.774591088294983,
                15.42322826385498,
                2.7822520642333313,
                4.495636473570443,
                20.0,
                2.1005227619289015
            ]
        ],
        [
            [
                18.784040451049805,
                -15.067997932434082,
                7.322824601088043,
                4.428855117223653,
                20.0,
                2.7643433924642293
            ]
        ],
        [
            [
                8.449800491333008,
                -2.829176664352417,
                2.596819473995737,
                6.204712069357262,
                20.0,
                1.9200708019301942
            ]
        ],
        [
            [
                1.0660480260849,
                21.079463958740234,
                2.0522937549375277,
                3.38859984938743,
                20.0,
                1.814209054839938
            ]
        ],
        [
            [
                9.745664596557617,
                -22.56830596923828,
                2.2145738305515947,
                3.319490794931372,
                20.0,
                2.045354384388831
            ]
        ],
        [
            [
                4.035384654998779,
                6.184373378753662,
                3.511573464001576,
                4.341124951064434,
                20.0,
                1.2022224040397436
            ]
        ],
        [
            [
                -19.779146194458008,
                -8.19690227508545,
                7.017307753835823,
                2.230174583915322,
                20.0,
                0.08516636625466179
            ]
        ],
        [
            [
                -14.903497219085693,
                -19.93449640274048,
                13.848942822804947,
                4.446821325907992,
                20.0,
                0.05324309556285378
            ]
        ],
        [
            [
                8.699665069580078,
                -8.94175934791565,
                4.9521744363357545,
                7.6460149752350715,
                20.0,
                1.8093959908459347
            ]
        ],
        [
            [
                -19.78192663192749,
                18.912859439849854,
                11.956834093429888,
                2.3046963783621024,
                20.0,
                1.125106000172441
            ]
        ],
        [
            [
                8.764724016189575,
                17.380528450012207,
                2.5725254896960292,
                2.685718216957666,
                20.0,
                2.812817697046937
            ]
        ],
        [
            [
                -9.801850080490112,
                -14.95319414138794,
                2.105784920346711,
                3.4624575638455584,
                20.0,
                0.0347980578112832
            ]
        ],
        [
            [
                -21.807343006134033,
                -2.620940685272217,
                5.416882315413876,
                4.038107390160235,
                20.0,
                2.9682654016336003
            ]
        ],
        [
            [
                -14.922651529312134,
                -3.702986240386963,
                2.5894186184536334,
                2.9855370243127437,
                20.0,
                2.0068744007764066
            ]
        ],
        [
            [
                -9.20340871810913,
                -9.92843508720398,
                3.388062499755377,
                4.5526562444789835,
                20.0,
                3.038009446045382
            ]
        ],
        [
            [
                -4.252520203590393,
                -7.430679678916931,
                5.146708749150285,
                2.33925163235655,
                20.0,
                3.0062389380362324
            ]
        ],
        [
            [
                7.598039269447327,
                -17.618264317512512,
                2.7648683247837025,
                4.040217483236728,
                20.0,
                1.4866726839284008
            ]
        ],
        [
            [
                16.058346271514893,
                -22.694329500198364,
                5.643060970574959,
                2.802991463043171,
                20.0,
                2.832237232393907
            ]
        ],
        [
            [
                3.176048994064331,
                -3.6580607891082764,
                2.6883917152396597,
                2.2778259904575253,
                20.0,
                0.08960783450434318
            ]
        ],
        [
            [
                -16.485898971557617,
                17.581016421318054,
                2.9986434696596422,
                2.110354877710249,
                20.0,
                0.4646960397676705
            ]
        ],
        [
            [
                -6.888654172420502,
                21.270421504974365,
                2.908340168794159,
                3.1237180848881607,
                20.0,
                2.0889545133787957
            ]
        ],
        [
            [
                22.74648904800415,
                2.2355589866638184,
                2.4916161107073886,
                3.732232983205854,
                20.0,
                0.3191182250354656
            ]
        ],
        [
            [
                -23.405523419380188,
                -21.183942139148712,
                3.7927097352318677,
                2.3750421716315153,
                20.0,
                1.3760919140051264
            ]
        ],
        [
            [
                -10.728944659233093,
                -23.389958143234253,
                3.1244711246503503,
                2.1776799545706824,
                20.0,
                0.03895546096941094
            ]
        ],
        [
            [
                -17.18386971950531,
                -1.5390446186065674,
                2.688592823799689,
                2.211086406863391,
