{
    "world": {
        "world_name": "box_world",
        "width": 10,
        "height": 10,
        "built_up": 0.6,
        "maximal_width": 20.0,
        "minimal_width": 2,
        "maximal_height": 20.0,
        "minimal_height": 2,
        "maximal_orientation": 1.54,
        "minimal_orientation": 0,
        "maximal_length": 20.0,
        "minimal_length": 2
    },
    "objects": [
        {
            "name": "box_0",
            "x_pose": 2.5570003986358643,
            "y_pose": 2.986370325088501,
            "z_pose": 4.78069754035681,
            "r_orient": 0.0,
            "p_orient": 0.0,
            "y_orient": 0.03718439076325708,
            "x_size": 2.3232262214717707,
            "y_size": 2.235273534695087,
            "z_size": 9.16139508071362,
            "red": 0.5816815118611605,
            "green": 0.6159169990529608,
            "blue": 0.03592703953221027,
            "texture_name": "red_bricks.png"
        },
        {
            "name": "box_1",
            "x_pose": 2.7699947357177734,
            "y_pose": -3.415470600128174,
            "z_pose": 1.2442878603385374,
            "r_orient": 0.0,
            "p_orient": 0.0,
            "y_orient": 1.3293735966459064,
            "x_size": 2.5663356103167185,
            "y_size": 2.325551060110848,
            "z_size": 2.088575720677075,
            "red": 0.04160463882620036,
            "green": 0.2568515721217788,
            "blue": 0.008190493022263039,
            "texture_name": "red_bricks.png"
        },
        {
            "name": "box_2",
            "x_pose": -1.3858321905136108,
            "y_pose": 2.141458511352539,
            "z_pose": 3.7921287445853142,
            "r_orient": 0.0,
            "p_orient": 0.0,
            "y_orient": 0.9383469664485125,
            "x_size": 4.55506703515271,
            "y_size": 2.870470599117115,
            "z_size": 7.184257489170628,
            "red": 0.9715067155834561,
            "green": 0.759421914497735,
            "blue": 0.028173558781061286,
            "texture_name": "red_bricks.png"
        },
        {
            "name": "box_3",
            "x_pose": -2.6752614974975586,
            "y_pose": -1.9790018796920776,
            "z_pose": 7.03599462806688,
            "r_orient": 0.0,
            "p_orient": 0.0,
            "y_orient": 1.0765679411473759,
            "x_size": 2.5227743518429055,
            "y_size": 2.7290731358726177,
            "z_size": 13.67198925613376,
            "red": 0.06728769772960541,
            "green": 0.9611416208271738,
            "blue": 0.053615644141701016,
            "texture_name": "grey_bricks.png"
        }
    ],
    "mesh": {
        "triangles": [
            [
                1.4377393302580959,
                1.8263222124766043,
                9.16139508071362
            ],
            [
                1.3546411984432354,
                4.060050592427298,
                9.16139508071362
            ],
            [
                3.6762614670136324,
                4.146418437700397,
                9.16139508071362
            ],
            [
                3.7593595988284934,
                1.9126900577497044,
                9.16139508071362
            ],
            [
                1.4377393302580959,
                1.8263222124766043,
                0
            ],
            [
                1.3546411984432354,
                4.060050592427298,
                0
            ],
            [
                3.6762614670136324,
                4.146418437700397,
                0
            ],
            [
                3.7593595988284934,
                1.9126900577497044,
                0
            ],
            [
                3.5922630618949554,
                -4.939426422734711,
                2.088575720677075
            ],
            [
                1.3341557610936046,
                -4.383423588883727,
                2.088575720677075
            ],
            [
                1.947726409540591,
                -1.8915147775216363,
                2.088575720677075
            ],
            [
                4.205833710341942,
                -2.4475176113726205,
                2.088575720677075
            ],
            [
                3.5922630618949554,
                -4.939426422734711,
                0
            ],
            [
                1.3341557610936046,
                -4.383423588883727,
                0
            ],
            [
                1.947726409540591,
                -1.8915147775216363,
                0
            ],
            [
                4.205833710341942,
                -2.4475176113726205,
                0
            ],
            [
                -1.5744976338402767,
                -0.5439585213031006,
                7.184257489170628
            ],
            [
                -3.8897677174532177,
                1.1528401999136189,
                7.184257489170628
            ],
            [
                -1.197166747186945,
                4.826875544008178,
                7.184257489170628
            ],
            [
                1.118103336425996,
                3.1300768227914593,
                7.184257489170628
            ],
            [
                -1.5744976338402767,
                -0.5439585213031006,
                0
            ],
            [
                -3.8897677174532177,
                1.1528401999136189,
                0
            ],
            [
                -1.197166747186945,
                4.826875544008178,
                0
            ],
            [
                1.118103336425996,
                3.1300768227914593,
                0
            ],
            [
                -2.0723543901832544,
                -3.7367164961086323,
                13.67198925613376
            ],
            [
                -4.474852959445094,
                -2.442173794751734,
                13.67198925613376
            ],
            [
                -3.278168604811863,
                -0.2212872632755225,
                13.67198925613376
            ],
            [
                -0.8756700355500229,
                -1.5158299646324211,
                13.67198925613376
            ],
            [
                -2.0723543901832544,
                -3.7367164961086323,
                0
            ],
            [
                -4.474852959445094,
                -2.442173794751734,
                0
            ],
            [
                -3.278168604811863,
                -0.2212872632755225,
                0
            ],
            [
                -0.8756700355500229,
                -1.5158299646324211,
                0
            ],
            [
                -5.0,
                -5.0,
                20.0
            ],
            [
                -5.0,
                5.0,
                20.0
            ],
            [
                5.0,
                5.0,
                20.0
            ],
            [
                5.0,
                -5.0,
                20.0
            ],
            [
                -5.0,
                -5.0,
                0
            ],
            [
                -5.0,
                5.0,
                0
            ],
            [
                5.0,
                5.0,
                0
            ],
            [
                5.0,
                -5.0,
                0
            ]
        ],